LOCATION_NAME,SAMPLE COLLECTION TIME,DOSE EQUIVALENT RATE (nSv/h),GAMMA COUNT RATE R02 (CPM),GAMMA COUNT RATE R03 (CPM),GAMMA COUNT RATE R04 (CPM),GAMMA COUNT RATE R05 (CPM),GAMMA COUNT RATE R06 (CPM),GAMMA COUNT RATE R07 (CPM),GAMMA COUNT RATE R08 (CPM),GAMMA COUNT RATE R09 (CPM),STATUS
PA: PITTSBURGH,01/01/2015 00:53:00,,2303.00,1427.00,418.00,213.00,134.00,159.00,105.00,53.00,APPROVED
PA: PITTSBURGH,01/01/2015 01:53:00,,2299.00,1443.00,419.00,214.00,138.00,162.00,107.00,51.00,APPROVED
PA: PITTSBURGH,01/01/2015 02:54:00,,2328.00,1451.00,426.00,216.00,140.00,162.00,108.00,53.00,APPROVED
PA: PITTSBURGH,01/01/2015 03:54:00,,2328.00,1443.00,427.00,217.00,139.00,166.00,106.00,54.00,APPROVED
PA: PITTSBURGH,01/01/2015 04:54:00,,2311.00,1449.00,424.00,216.00,140.00,163.00,106.00,52.00,APPROVED
PA: PITTSBURGH,01/01/2015 05:54:00,,2325.00,1438.00,418.00,212.00,139.00,161.00,105.00,53.00,APPROVED
PA: PITTSBURGH,01/01/2015 06:54:00,,2315.00,1433.00,418.00,212.00,138.00,161.00,103.00,51.00,APPROVED
PA: PITTSBURGH,01/01/2015 07:55:00,,2323.00,1448.00,420.00,214.00,143.00,161.00,105.00,52.00,APPROVED
PA: PITTSBURGH,01/01/2015 08:55:00,,2321.00,1443.00,423.00,217.00,139.00,161.00,105.00,53.00,APPROVED
PA: PITTSBURGH,01/01/2015 09:55:00,,2325.00,1444.00,420.00,215.00,139.00,163.00,106.00,53.00,APPROVED
PA: PITTSBURGH,01/01/2015 10:55:00,,2335.00,1456.00,424.00,218.00,140.00,163.00,105.00,52.00,APPROVED
PA: PITTSBURGH,01/01/2015 11:55:00,,2353.00,1464.00,424.00,224.00,137.00,163.00,106.00,53.00,APPROVED
PA: PITTSBURGH,01/01/2015 12:56:00,,2342.00,1468.00,426.00,223.00,139.00,165.00,104.00,53.00,APPROVED
PA: PITTSBURGH,01/01/2015 13:56:00,,2343.00,1467.00,425.00,221.00,142.00,168.00,106.00,52.00,APPROVED
PA: PITTSBURGH,01/01/2015 14:56:00,,2357.00,1473.00,429.00,221.00,142.00,164.00,106.00,51.00,APPROVED
PA: PITTSBURGH,01/01/2015 15:56:00,,2352.00,1496.00,432.00,226.00,147.00,168.00,108.00,53.00,APPROVED
PA: PITTSBURGH,01/01/2015 16:56:00,,2369.00,1516.00,438.00,230.00,147.00,171.00,112.00,56.00,APPROVED
PA: PITTSBURGH,01/01/2015 17:57:00,,2366.00,1522.00,439.00,239.00,149.00,172.00,113.00,56.00,APPROVED
PA: PITTSBURGH,01/01/2015 18:57:00,,2349.00,1516.00,438.00,240.00,145.00,173.00,116.00,56.00,APPROVED
PA: PITTSBURGH,01/01/2015 19:57:00,,2306.00,1495.00,436.00,238.00,145.00,169.00,115.00,56.00,APPROVED
PA: PITTSBURGH,01/01/2015 20:57:00,,2299.00,1482.00,428.00,238.00,144.00,172.00,114.00,54.00,APPROVED
PA: PITTSBURGH,01/01/2015 21:57:00,,2288.00,1480.00,430.00,238.00,145.00,167.00,116.00,54.00,APPROVED
PA: PITTSBURGH,01/01/2015 22:58:00,,2294.00,1474.00,432.00,232.00,143.00,169.00,117.00,54.00,APPROVED
PA: PITTSBURGH,01/01/2015 23:58:00,,2280.00,1458.00,426.00,231.00,143.00,165.00,114.00,54.00,APPROVED
PA: PITTSBURGH,01/02/2015 00:58:00,,2290.00,1462.00,432.00,231.00,143.00,167.00,112.00,53.00,APPROVED
PA: PITTSBURGH,01/02/2015 01:58:00,,2282.00,1459.00,425.00,229.00,140.00,163.00,112.00,54.00,APPROVED
PA: PITTSBURGH,01/02/2015 02:58:00,,2280.00,1466.00,429.00,228.00,144.00,166.00,113.00,55.00,APPROVED
PA: PITTSBURGH,01/02/2015 03:59:00,,2293.00,1476.00,425.00,226.00,142.00,166.00,114.00,54.00,APPROVED
PA: PITTSBURGH,01/02/2015 04:59:00,,2289.00,1481.00,432.00,232.00,144.00,164.00,114.00,55.00,APPROVED
PA: PITTSBURGH,01/02/2015 05:59:00,,2314.00,1484.00,432.00,234.00,147.00,168.00,114.00,55.00,APPROVED
PA: PITTSBURGH,01/02/2015 06:59:00,,2313.00,1499.00,440.00,236.00,144.00,169.00,115.00,56.00,APPROVED
PA: PITTSBURGH,01/02/2015 07:59:00,,2337.00,1513.00,438.00,237.00,148.00,174.00,114.00,55.00,APPROVED
PA: PITTSBURGH,01/02/2015 09:00:00,,2361.00,1513.00,438.00,243.00,149.00,173.00,116.00,55.00,APPROVED
PA: PITTSBURGH,01/02/2015 10:00:00,,2357.00,1526.00,445.00,241.00,145.00,171.00,117.00,56.00,APPROVED
PA: PITTSBURGH,01/02/2015 11:00:00,,2376.00,1527.00,443.00,240.00,149.00,176.00,116.00,55.00,APPROVED
PA: PITTSBURGH,01/02/2015 12:00:00,,2383.00,1547.00,446.00,243.00,146.00,175.00,116.00,55.00,APPROVED
PA: PITTSBURGH,01/02/2015 13:00:00,,2385.00,1559.00,453.00,246.00,150.00,175.00,117.00,56.00,APPROVED
PA: PITTSBURGH,01/02/2015 14:01:00,,2404.00,1557.00,451.00,247.00,151.00,180.00,120.00,55.00,APPROVED
PA: PITTSBURGH,01/02/2015 15:01:00,,2389.00,1561.00,452.00,248.00,150.00,179.00,116.00,57.00,APPROVED
PA: PITTSBURGH,01/02/2015 16:01:00,,2394.00,1565.00,453.00,254.00,152.00,182.00,118.00,56.00,APPROVED
PA: PITTSBURGH,01/02/2015 17:01:00,,2379.00,1585.00,460.00,258.00,153.00,183.00,119.00,58.00,APPROVED
PA: PITTSBURGH,01/02/2015 18:01:00,,2386.00,1595.00,462.00,261.00,154.00,184.00,121.00,59.00,APPROVED
PA: PITTSBURGH,01/02/2015 19:02:00,,2371.00,1586.00,457.00,267.00,156.00,186.00,123.00,59.00,APPROVED
PA: PITTSBURGH,01/02/2015 20:02:00,,2332.00,1568.00,458.00,263.00,156.00,186.00,123.00,58.00,APPROVED
PA: PITTSBURGH,01/02/2015 21:02:00,,2335.00,1558.00,457.00,263.00,156.00,186.00,120.00,57.00,APPROVED
PA: PITTSBURGH,01/02/2015 22:02:00,,2355.00,1583.00,461.00,264.00,155.00,186.00,122.00,58.00,APPROVED
PA: PITTSBURGH,01/02/2015 23:02:00,,2384.00,1588.00,460.00,260.00,153.00,184.00,124.00,59.00,APPROVED
PA: PITTSBURGH,01/03/2015 00:03:00,,2396.00,1610.00,464.00,267.00,156.00,189.00,123.00,58.00,APPROVED
PA: PITTSBURGH,01/03/2015 01:03:00,,2433.00,1634.00,472.00,269.00,157.00,191.00,123.00,58.00,APPROVED
PA: PITTSBURGH,01/03/2015 02:03:00,,2511.00,1717.00,493.00,283.00,161.00,199.00,129.00,59.00,APPROVED
PA: PITTSBURGH,01/03/2015 03:03:00,,2590.00,1767.00,513.00,296.00,171.00,209.00,132.00,60.00,APPROVED
PA: PITTSBURGH,01/03/2015 04:03:00,,2623.00,1817.00,523.00,303.00,171.00,216.00,132.00,61.00,APPROVED
PA: PITTSBURGH,01/03/2015 05:04:00,,2663.00,1845.00,526.00,307.00,173.00,217.00,135.00,61.00,APPROVED
PA: PITTSBURGH,01/03/2015 06:04:00,,2691.00,1866.00,532.00,311.00,173.00,222.00,139.00,62.00,APPROVED
PA: PITTSBURGH,01/03/2015 07:04:00,,2715.00,1892.00,540.00,318.00,177.00,229.00,138.00,62.00,APPROVED
PA: PITTSBURGH,01/03/2015 08:04:00,,2749.00,1931.00,548.00,330.00,181.00,232.00,140.00,65.00,APPROVED
PA: PITTSBURGH,01/03/2015 09:04:00,,2763.00,1957.00,559.00,330.00,184.00,233.00,144.00,64.00,APPROVED
PA: PITTSBURGH,01/03/2015 10:05:00,,2730.00,1934.00,552.00,331.00,181.00,233.00,140.00,65.00,APPROVED
PA: PITTSBURGH,01/03/2015 11:05:00,,2664.00,1878.00,540.00,321.00,176.00,225.00,138.00,62.00,APPROVED
PA: PITTSBURGH,01/03/2015 12:05:00,,2652.00,1867.00,531.00,318.00,178.00,220.00,139.00,62.00,APPROVED
PA: PITTSBURGH,01/03/2015 13:05:00,,2658.00,1866.00,533.00,320.00,176.00,219.00,137.00,63.00,APPROVED
PA: PITTSBURGH,01/03/2015 14:05:00,,2700.00,1890.00,534.00,322.00,176.00,221.00,137.00,65.00,APPROVED
PA: PITTSBURGH,01/03/2015 15:06:00,,2696.00,1901.00,538.00,323.00,177.00,226.00,137.00,62.00,APPROVED
PA: PITTSBURGH,01/03/2015 16:06:00,,2553.00,1776.00,511.00,305.00,169.00,209.00,130.00,63.00,APPROVED
PA: PITTSBURGH,01/03/2015 17:06:00,,2426.00,1657.00,484.00,280.00,160.00,190.00,128.00,59.00,APPROVED
PA: PITTSBURGH,01/03/2015 18:06:00,,2420.00,1640.00,477.00,279.00,159.00,195.00,127.00,60.00,APPROVED
PA: PITTSBURGH,01/03/2015 19:06:00,,2439.00,1662.00,488.00,287.00,161.00,199.00,129.00,62.00,APPROVED
PA: PITTSBURGH,01/03/2015 20:07:00,,2348.00,1611.00,469.00,274.00,156.00,191.00,123.00,61.00,APPROVED
PA: PITTSBURGH,01/03/2015 21:07:00,,2360.00,1607.00,468.00,275.00,155.00,189.00,123.00,61.00,APPROVED
PA: PITTSBURGH,01/03/2015 22:07:00,,2243.00,1497.00,449.00,249.00,149.00,179.00,120.00,58.00,APPROVED
PA: PITTSBURGH,01/03/2015 23:07:00,,2188.00,1452.00,429.00,243.00,143.00,173.00,118.00,59.00,APPROVED
PA: PITTSBURGH,01/04/2015 00:07:00,,2205.00,1472.00,436.00,250.00,145.00,178.00,120.00,57.00,APPROVED
PA: PITTSBURGH,01/04/2015 01:08:00,,2223.00,1487.00,434.00,251.00,149.00,178.00,119.00,57.00,APPROVED
PA: PITTSBURGH,01/04/2015 02:08:00,,2204.00,1476.00,438.00,252.00,146.00,176.00,120.00,59.00,APPROVED
PA: PITTSBURGH,01/04/2015 03:08:00,,2214.00,1496.00,448.00,254.00,149.00,177.00,121.00,59.00,APPROVED
PA: PITTSBURGH,01/04/2015 04:08:00,,2244.00,1511.00,446.00,261.00,153.00,182.00,122.00,60.00,APPROVED
PA: PITTSBURGH,01/04/2015 05:08:00,,2281.00,1558.00,454.00,273.00,155.00,190.00,124.00,61.00,APPROVED
PA: PITTSBURGH,01/04/2015 06:09:00,,2297.00,1582.00,458.00,278.00,156.00,191.00,125.00,61.00,APPROVED
PA: PITTSBURGH,01/04/2015 07:09:00,,2365.00,1670.00,483.00,297.00,164.00,207.00,132.00,61.00,APPROVED
PA: PITTSBURGH,01/04/2015 08:09:00,,2387.00,1720.00,498.00,317.00,168.00,211.00,137.00,65.00,APPROVED
PA: PITTSBURGH,01/04/2015 09:09:00,,2380.00,1725.00,504.00,318.00,171.00,216.00,139.00,65.00,APPROVED
PA: PITTSBURGH,01/04/2015 10:09:00,,2183.00,1521.00,457.00,284.00,156.00,197.00,127.00,63.00,APPROVED
PA: PITTSBURGH,01/04/2015 11:10:00,,2001.00,1334.00,411.00,238.00,140.00,171.00,117.00,57.00,APPROVED
PA: PITTSBURGH,01/04/2015 12:10:00,,1945.00,1275.00,398.00,218.00,137.00,163.00,111.00,53.00,APPROVED
PA: PITTSBURGH,01/04/2015 13:10:00,,1934.00,1249.00,388.00,215.00,137.00,160.00,111.00,55.00,APPROVED
PA: PITTSBURGH,01/04/2015 14:10:00,,1917.00,1254.00,389.00,216.00,135.00,159.00,110.00,55.00,APPROVED
PA: PITTSBURGH,01/04/2015 15:10:00,,1886.00,1247.00,395.00,216.00,135.00,165.00,112.00,56.00,APPROVED
PA: PITTSBURGH,01/04/2015 16:11:00,,1990.00,1355.00,414.00,240.00,145.00,174.00,117.00,60.00,APPROVED
PA: PITTSBURGH,01/04/2015 17:11:00,,2079.00,1419.00,433.00,256.00,151.00,178.00,118.00,60.00,APPROVED
PA: PITTSBURGH,01/04/2015 18:11:00,,2190.00,1512.00,453.00,270.00,153.00,187.00,127.00,60.00,APPROVED
PA: PITTSBURGH,01/04/2015 19:11:00,,2223.00,1535.00,459.00,276.00,156.00,193.00,127.00,63.00,APPROVED
PA: PITTSBURGH,01/04/2015 20:11:00,,2169.00,1488.00,443.00,263.00,153.00,184.00,123.00,62.00,APPROVED
PA: PITTSBURGH,01/04/2015 21:12:00,,2133.00,1441.00,431.00,253.00,146.00,181.00,121.00,58.00,APPROVED
PA: PITTSBURGH,01/04/2015 22:12:00,,2172.00,1445.00,428.00,249.00,150.00,180.00,120.00,58.00,APPROVED
PA: PITTSBURGH,01/04/2015 23:12:00,,2199.00,1465.00,427.00,246.00,146.00,173.00,120.00,59.00,APPROVED
PA: PITTSBURGH,01/05/2015 00:12:00,,2255.00,1504.00,438.00,252.00,150.00,176.00,117.00,57.00,APPROVED
PA: PITTSBURGH,01/05/2015 01:12:00,,2409.00,1650.00,471.00,275.00,155.00,187.00,124.00,60.00,APPROVED
PA: PITTSBURGH,01/05/2015 02:13:00,,2420.00,1641.00,474.00,275.00,156.00,190.00,124.00,60.00,APPROVED
PA: PITTSBURGH,01/05/2015 03:13:00,,2414.00,1637.00,476.00,274.00,158.00,192.00,126.00,59.00,APPROVED
PA: PITTSBURGH,01/05/2015 04:13:00,,2386.00,1607.00,464.00,271.00,157.00,187.00,121.00,59.00,APPROVED
PA: PITTSBURGH,01/05/2015 05:13:00,,2349.00,1570.00,457.00,261.00,154.00,183.00,122.00,57.00,APPROVED
PA: PITTSBURGH,01/05/2015 06:13:00,,2343.00,1534.00,446.00,251.00,152.00,177.00,117.00,56.00,APPROVED
PA: PITTSBURGH,01/05/2015 07:14:00,,2329.00,1509.00,437.00,238.00,144.00,174.00,114.00,55.00,APPROVED
PA: PITTSBURGH,01/05/2015 08:14:00,,2331.00,1515.00,443.00,242.00,147.00,171.00,113.00,55.00,APPROVED
PA: PITTSBURGH,01/05/2015 09:14:00,,2329.00,1507.00,439.00,238.00,145.00,172.00,117.00,56.00,APPROVED
PA: PITTSBURGH,01/05/2015 10:14:00,,2296.00,1473.00,430.00,226.00,142.00,165.00,113.00,55.00,APPROVED
PA: PITTSBURGH,01/05/2015 11:14:00,,2333.00,1486.00,434.00,231.00,143.00,166.00,111.00,52.00,APPROVED
PA: PITTSBURGH,01/05/2015 12:15:00,,2361.00,1507.00,443.00,231.00,144.00,172.00,110.00,53.00,APPROVED
PA: PITTSBURGH,01/05/2015 13:15:00,,2292.00,1425.00,424.00,217.00,139.00,162.00,105.00,51.00,APPROVED
PA: PITTSBURGH,01/05/2015 14:15:00,,2277.00,1395.00,411.00,205.00,135.00,159.00,101.00,51.00,APPROVED
PA: PITTSBURGH,01/05/2015 15:15:00,,2261.00,1385.00,405.00,204.00,135.00,156.00,100.00,53.00,APPROVED
PA: PITTSBURGH,01/05/2015 15:48:00,,2253.00,1383.00,407.00,206.00,139.00,157.00,102.00,52.00,APPROVED
PA: PITTSBURGH,01/05/2015 16:56:00,,2255.00,1361.00,400.00,197.00,132.00,151.00,98.00,51.00,APPROVED
PA: PITTSBURGH,01/05/2015 17:56:00,,2268.00,1371.00,398.00,197.00,134.00,155.00,98.00,50.00,APPROVED
PA: PITTSBURGH,01/05/2015 18:56:00,,2260.00,1361.00,402.00,204.00,133.00,156.00,96.00,51.00,APPROVED
PA: PITTSBURGH,01/05/2015 19:57:00,,2256.00,1378.00,406.00,202.00,137.00,158.00,98.00,52.00,APPROVED
PA: PITTSBURGH,01/05/2015 20:57:00,,2269.00,1376.00,403.00,201.00,133.00,158.00,99.00,49.00,APPROVED
PA: PITTSBURGH,01/05/2015 21:57:00,,2277.00,1380.00,406.00,203.00,134.00,158.00,101.00,52.00,APPROVED
PA: PITTSBURGH,01/05/2015 22:57:00,,2281.00,1382.00,406.00,203.00,135.00,155.00,98.00,50.00,APPROVED
PA: PITTSBURGH,01/05/2015 23:57:00,,2286.00,1381.00,405.00,204.00,133.00,158.00,98.00,49.00,APPROVED
PA: PITTSBURGH,01/06/2015 00:58:00,,2297.00,1377.00,401.00,199.00,132.00,158.00,99.00,52.00,APPROVED
PA: PITTSBURGH,01/06/2015 01:58:00,,2297.00,1379.00,404.00,204.00,134.00,158.00,98.00,50.00,APPROVED
PA: PITTSBURGH,01/06/2015 02:58:00,,2312.00,1392.00,408.00,200.00,136.00,158.00,97.00,53.00,APPROVED
PA: PITTSBURGH,01/06/2015 03:58:00,,2322.00,1394.00,411.00,206.00,133.00,159.00,96.00,51.00,APPROVED
PA: PITTSBURGH,01/06/2015 04:58:00,,2321.00,1385.00,404.00,206.00,135.00,163.00,96.00,51.00,APPROVED
PA: PITTSBURGH,01/06/2015 05:59:00,,2330.00,1394.00,413.00,205.00,133.00,159.00,97.00,51.00,APPROVED
PA: PITTSBURGH,01/06/2015 06:59:00,,2315.00,1399.00,408.00,204.00,133.00,159.00,96.00,51.00,APPROVED
PA: PITTSBURGH,01/06/2015 07:59:00,,2341.00,1418.00,414.00,208.00,135.00,164.00,98.00,51.00,APPROVED
PA: PITTSBURGH,01/06/2015 08:59:00,,2409.00,1476.00,437.00,219.00,140.00,167.00,102.00,54.00,APPROVED
PA: PITTSBURGH,01/06/2015 09:59:00,,2457.00,1518.00,451.00,228.00,141.00,175.00,102.00,53.00,APPROVED
PA: PITTSBURGH,01/06/2015 11:00:00,,2492.00,1552.00,461.00,235.00,147.00,181.00,109.00,55.00,APPROVED
PA: PITTSBURGH,01/06/2015 12:00:00,,2462.00,1545.00,457.00,233.00,147.00,174.00,105.00,55.00,APPROVED
PA: PITTSBURGH,01/06/2015 13:00:00,,2408.00,1498.00,438.00,223.00,139.00,171.00,104.00,52.00,APPROVED
PA: PITTSBURGH,01/06/2015 14:00:00,,2347.00,1439.00,422.00,213.00,139.00,166.00,101.00,51.00,APPROVED
PA: PITTSBURGH,01/06/2015 15:00:00,,2323.00,1428.00,417.00,213.00,136.00,165.00,100.00,51.00,APPROVED
PA: PITTSBURGH,01/06/2015 16:01:00,,2338.00,1429.00,418.00,219.00,139.00,164.00,101.00,51.00,APPROVED
PA: PITTSBURGH,01/06/2015 17:01:00,,2329.00,1447.00,420.00,217.00,136.00,165.00,104.00,52.00,APPROVED
PA: PITTSBURGH,01/06/2015 18:01:00,,2328.00,1435.00,421.00,214.00,135.00,167.00,101.00,52.00,APPROVED
PA: PITTSBURGH,01/06/2015 19:01:00,,2279.00,1406.00,413.00,210.00,134.00,162.00,102.00,52.00,APPROVED
PA: PITTSBURGH,01/06/2015 20:01:00,,2274.00,1389.00,408.00,206.00,135.00,160.00,99.00,53.00,APPROVED
PA: PITTSBURGH,01/06/2015 21:02:00,,2261.00,1387.00,404.00,204.00,133.00,156.00,102.00,51.00,APPROVED
PA: PITTSBURGH,01/06/2015 22:02:00,,2260.00,1381.00,401.00,207.00,132.00,156.00,100.00,52.00,APPROVED
PA: PITTSBURGH,01/06/2015 23:02:00,,2263.00,1386.00,406.00,209.00,130.00,159.00,98.00,51.00,APPROVED
PA: PITTSBURGH,01/07/2015 00:02:00,,2289.00,1397.00,410.00,207.00,136.00,158.00,100.00,52.00,APPROVED
PA: PITTSBURGH,01/07/2015 01:02:00,,2287.00,1391.00,408.00,204.00,133.00,158.00,97.00,51.00,APPROVED
PA: PITTSBURGH,01/07/2015 02:03:00,,2295.00,1391.00,409.00,206.00,134.00,155.00,99.00,52.00,APPROVED
PA: PITTSBURGH,01/07/2015 03:03:00,,2306.00,1403.00,408.00,205.00,131.00,156.00,97.00,50.00,APPROVED
PA: PITTSBURGH,01/07/2015 04:03:00,,2293.00,1383.00,402.00,205.00,133.00,159.00,99.00,52.00,APPROVED
PA: PITTSBURGH,01/07/2015 05:03:00,,2282.00,1369.00,404.00,200.00,130.00,160.00,96.00,52.00,APPROVED
PA: PITTSBURGH,01/07/2015 06:03:00,,2280.00,1371.00,402.00,199.00,129.00,155.00,96.00,49.00,APPROVED
PA: PITTSBURGH,01/07/2015 07:04:00,,2289.00,1359.00,400.00,200.00,130.00,158.00,93.00,49.00,APPROVED
PA: PITTSBURGH,01/07/2015 08:04:00,,2306.00,1368.00,403.00,199.00,130.00,155.00,95.00,51.00,APPROVED
PA: PITTSBURGH,01/07/2015 09:04:00,,2321.00,1369.00,405.00,200.00,128.00,159.00,94.00,48.00,APPROVED
PA: PITTSBURGH,01/07/2015 10:04:00,,2409.00,1365.00,400.00,200.00,127.00,158.00,93.00,53.00,APPROVED
PA: PITTSBURGH,01/07/2015 11:04:00,,2476.00,1369.00,405.00,200.00,131.00,161.00,93.00,50.00,APPROVED
PA: PITTSBURGH,01/07/2015 12:05:00,,2610.00,1386.00,411.00,198.00,132.00,160.00,94.00,53.00,APPROVED
PA: PITTSBURGH,01/07/2015 13:05:00,,2901.00,1398.00,411.00,200.00,136.00,161.00,94.00,51.00,APPROVED
PA: PITTSBURGH,01/07/2015 14:05:00,,3066.00,1394.00,415.00,205.00,134.00,166.00,92.00,52.00,APPROVED
PA: PITTSBURGH,01/07/2015 15:05:00,,2860.00,1403.00,416.00,205.00,133.00,167.00,95.00,51.00,APPROVED
PA: PITTSBURGH,01/07/2015 16:05:00,,2501.00,1382.00,415.00,202.00,132.00,163.00,95.00,50.00,APPROVED
PA: PITTSBURGH,01/07/2015 17:06:00,,2325.00,1362.00,400.00,200.00,131.00,157.00,92.00,52.00,APPROVED
PA: PITTSBURGH,01/07/2015 18:06:00,,2301.00,1349.00,404.00,197.00,129.00,158.00,95.00,49.00,APPROVED
PA: PITTSBURGH,01/07/2015 19:06:00,,2396.00,1377.00,404.00,199.00,133.00,158.00,95.00,52.00,APPROVED
PA: PITTSBURGH,01/07/2015 20:06:00,,2370.00,1355.00,400.00,194.00,128.00,154.00,91.00,52.00,APPROVED
PA: PITTSBURGH,01/07/2015 21:06:00,,2651.00,1333.00,392.00,194.00,129.00,152.00,88.00,51.00,APPROVED
PA: PITTSBURGH,01/07/2015 22:07:00,,3082.00,1308.00,389.00,193.00,125.00,152.00,89.00,51.00,APPROVED
PA: PITTSBURGH,01/08/2015 20:11:00,,3465.00,1318.00,392.00,191.00,125.00,151.00,87.00,49.00,APPROVED
PA: PITTSBURGH,01/08/2015 23:12:00,,3266.00,1348.00,395.00,194.00,127.00,153.00,90.00,51.00,APPROVED
PA: PITTSBURGH,01/09/2015 00:12:00,,3205.00,1350.00,398.00,193.00,127.00,158.00,88.00,51.00,APPROVED
PA: PITTSBURGH,01/09/2015 01:12:00,,2859.00,1353.00,402.00,196.00,130.00,156.00,91.00,51.00,APPROVED
PA: PITTSBURGH,01/09/2015 02:12:00,,2548.00,1358.00,402.00,194.00,128.00,158.00,93.00,51.00,APPROVED
PA: PITTSBURGH,01/09/2015 03:12:00,,2374.00,1365.00,403.00,196.00,130.00,158.00,93.00,50.00,APPROVED
PA: PITTSBURGH,01/09/2015 04:13:00,,2389.00,1433.00,415.00,207.00,137.00,166.00,99.00,51.00,APPROVED
PA: PITTSBURGH,01/09/2015 05:13:00,,2352.00,1416.00,417.00,209.00,134.00,163.00,99.00,53.00,APPROVED
PA: PITTSBURGH,01/09/2015 06:13:00,,2309.00,1408.00,412.00,207.00,133.00,159.00,100.00,51.00,APPROVED
PA: PITTSBURGH,01/09/2015 07:13:00,,2338.00,1442.00,414.00,212.00,134.00,161.00,102.00,52.00,APPROVED
PA: PITTSBURGH,01/09/2015 08:13:00,,2380.00,1499.00,433.00,228.00,140.00,168.00,106.00,53.00,APPROVED
PA: PITTSBURGH,01/09/2015 09:14:00,,2510.00,1608.00,470.00,246.00,149.00,183.00,112.00,56.00,APPROVED
PA: PITTSBURGH,01/09/2015 10:14:00,,2523.00,1630.00,474.00,250.00,146.00,185.00,113.00,54.00,APPROVED
PA: PITTSBURGH,01/09/2015 11:14:00,,2424.00,1531.00,448.00,233.00,139.00,176.00,107.00,54.00,APPROVED
PA: PITTSBURGH,01/09/2015 12:14:00,,2358.00,1460.00,426.00,216.00,142.00,170.00,105.00,52.00,APPROVED
PA: PITTSBURGH,01/09/2015 13:14:00,,2307.00,1465.00,416.00,226.00,139.00,164.00,108.00,53.00,APPROVED
PA: PITTSBURGH,01/09/2015 14:15:00,,2311.00,1438.00,422.00,222.00,136.00,161.00,106.00,53.00,APPROVED
PA: PITTSBURGH,01/09/2015 15:15:00,,2488.00,1600.00,460.00,245.00,148.00,181.00,113.00,56.00,APPROVED
PA: PITTSBURGH,01/09/2015 16:15:00,,2488.00,1594.00,465.00,242.00,148.00,184.00,112.00,54.00,APPROVED
PA: PITTSBURGH,01/09/2015 17:15:00,,2372.00,1494.00,441.00,231.00,142.00,176.00,106.00,53.00,APPROVED
PA: PITTSBURGH,01/09/2015 18:15:00,,2375.00,1477.00,431.00,223.00,137.00,169.00,104.00,52.00,APPROVED
PA: PITTSBURGH,01/09/2015 19:16:00,,2373.00,1496.00,435.00,224.00,141.00,169.00,107.00,54.00,APPROVED
PA: PITTSBURGH,01/09/2015 20:16:00,,2378.00,1492.00,435.00,229.00,144.00,170.00,106.00,51.00,APPROVED
PA: PITTSBURGH,01/09/2015 21:16:00,,2350.00,1468.00,430.00,223.00,138.00,168.00,102.00,52.00,APPROVED
PA: PITTSBURGH,01/09/2015 22:16:00,,2342.00,1451.00,425.00,217.00,137.00,163.00,105.00,54.00,APPROVED
PA: PITTSBURGH,01/09/2015 23:16:00,,2342.00,1425.00,415.00,214.00,135.00,166.00,100.00,53.00,APPROVED
PA: PITTSBURGH,01/10/2015 00:17:00,,2384.00,1428.00,421.00,212.00,133.00,166.00,98.00,52.00,APPROVED
PA: PITTSBURGH,01/10/2015 01:17:00,,2710.00,1416.00,417.00,208.00,134.00,167.00,96.00,50.00,APPROVED
PA: PITTSBURGH,01/10/2015 02:17:00,,3393.00,1407.00,418.00,207.00,134.00,164.00,92.00,51.00,APPROVED
PA: PITTSBURGH,01/10/2015 19:20:00,,2589.00,1357.00,402.00,198.00,130.00,160.00,93.00,51.00,APPROVED
PA: PITTSBURGH,01/10/2015 20:21:00,,2273.00,1351.00,400.00,198.00,128.00,155.00,95.00,51.00,APPROVED
PA: PITTSBURGH,01/10/2015 21:21:00,,2268.00,1358.00,395.00,200.00,127.00,156.00,96.00,51.00,APPROVED
PA: PITTSBURGH,01/10/2015 22:21:00,,2281.00,1361.00,394.00,198.00,129.00,156.00,94.00,51.00,APPROVED
PA: PITTSBURGH,01/10/2015 23:21:00,,2297.00,1375.00,401.00,198.00,131.00,156.00,95.00,51.00,APPROVED
PA: PITTSBURGH,01/11/2015 00:21:00,,2312.00,1379.00,406.00,199.00,128.00,155.00,96.00,51.00,APPROVED
PA: PITTSBURGH,01/11/2015 01:22:00,,2326.00,1384.00,403.00,204.00,127.00,159.00,97.00,51.00,APPROVED
PA: PITTSBURGH,01/11/2015 02:22:00,,2336.00,1397.00,415.00,205.00,131.00,161.00,96.00,53.00,APPROVED
PA: PITTSBURGH,01/11/2015 03:22:00,,2336.00,1409.00,414.00,212.00,134.00,164.00,97.00,52.00,APPROVED
PA: PITTSBURGH,01/11/2015 04:22:00,,2344.00,1405.00,414.00,206.00,132.00,163.00,98.00,52.00,APPROVED
PA: PITTSBURGH,01/11/2015 05:22:00,,2356.00,1400.00,413.00,205.00,131.00,163.00,94.00,53.00,APPROVED
PA: PITTSBURGH,01/11/2015 06:23:00,,2389.00,1424.00,414.00,210.00,135.00,165.00,99.00,53.00,APPROVED
PA: PITTSBURGH,01/11/2015 07:23:00,,2493.00,1522.00,442.00,223.00,140.00,176.00,103.00,52.00,APPROVED
PA: PITTSBURGH,01/11/2015 08:23:00,,2440.00,1506.00,445.00,225.00,145.00,174.00,105.00,53.00,APPROVED
PA: PITTSBURGH,01/11/2015 09:23:00,,2383.00,1467.00,433.00,222.00,139.00,169.00,105.00,50.00,APPROVED
PA: PITTSBURGH,01/11/2015 10:23:00,,2352.00,1459.00,432.00,219.00,138.00,168.00,104.00,52.00,APPROVED
PA: PITTSBURGH,01/11/2015 11:24:00,,2363.00,1462.00,432.00,223.00,138.00,171.00,105.00,52.00,APPROVED
PA: PITTSBURGH,01/11/2015 12:24:00,,2363.00,1484.00,435.00,223.00,139.00,170.00,106.00,53.00,APPROVED
PA: PITTSBURGH,01/11/2015 13:24:00,,2374.00,1489.00,435.00,227.00,141.00,171.00,106.00,53.00,APPROVED
PA: PITTSBURGH,01/11/2015 14:24:00,,2377.00,1502.00,435.00,229.00,140.00,172.00,110.00,54.00,APPROVED
PA: PITTSBURGH,01/11/2015 15:24:00,,2368.00,1500.00,435.00,233.00,144.00,173.00,110.00,52.00,APPROVED
PA: PITTSBURGH,01/11/2015 16:25:00,,2343.00,1498.00,432.00,235.00,141.00,171.00,111.00,53.00,APPROVED
PA: PITTSBURGH,01/11/2015 17:25:00,,2305.00,1480.00,432.00,236.00,143.00,168.00,111.00,54.00,APPROVED
PA: PITTSBURGH,01/11/2015 18:25:00,,2244.00,1443.00,426.00,227.00,142.00,172.00,116.00,55.00,APPROVED
PA: PITTSBURGH,01/11/2015 19:25:00,,2205.00,1419.00,411.00,228.00,139.00,165.00,113.00,53.00,APPROVED
PA: PITTSBURGH,01/11/2015 20:25:00,,2169.00,1396.00,414.00,223.00,138.00,162.00,109.00,54.00,APPROVED
PA: PITTSBURGH,01/11/2015 21:26:00,,2187.00,1405.00,408.00,222.00,137.00,159.00,109.00,54.00,APPROVED
PA: PITTSBURGH,01/11/2015 22:26:00,,2210.00,1406.00,414.00,224.00,137.00,161.00,112.00,55.00,APPROVED
PA: PITTSBURGH,01/11/2015 23:26:00,,2215.00,1416.00,414.00,226.00,139.00,160.00,111.00,54.00,APPROVED
PA: PITTSBURGH,01/12/2015 00:26:00,,2209.00,1416.00,411.00,226.00,138.00,164.00,111.00,54.00,APPROVED
PA: PITTSBURGH,01/12/2015 01:26:00,,2199.00,1419.00,406.00,226.00,137.00,162.00,111.00,55.00,APPROVED
PA: PITTSBURGH,01/12/2015 02:27:00,,2204.00,1423.00,412.00,232.00,137.00,164.00,114.00,54.00,APPROVED
PA: PITTSBURGH,01/12/2015 03:27:00,,2276.00,1486.00,432.00,241.00,143.00,171.00,116.00,55.00,APPROVED
PA: PITTSBURGH,01/12/2015 04:27:00,,2420.00,1621.00,472.00,273.00,154.00,186.00,124.00,59.00,APPROVED
PA: PITTSBURGH,01/12/2015 05:27:00,,2457.00,1642.00,478.00,272.00,155.00,189.00,123.00,58.00,APPROVED
PA: PITTSBURGH,01/12/2015 06:27:00,,2377.00,1571.00,457.00,258.00,150.00,179.00,119.00,56.00,APPROVED
PA: PITTSBURGH,01/12/2015 07:28:00,,2364.00,1537.00,446.00,250.00,145.00,179.00,114.00,56.00,APPROVED
PA: PITTSBURGH,01/12/2015 08:28:00,,2339.00,1522.00,440.00,244.00,144.00,174.00,115.00,57.00,APPROVED
PA: PITTSBURGH,01/12/2015 09:28:00,,2363.00,1541.00,448.00,247.00,145.00,172.00,114.00,54.00,APPROVED
PA: PITTSBURGH,01/12/2015 10:28:00,,2366.00,1561.00,453.00,258.00,148.00,180.00,119.00,58.00,APPROVED
PA: PITTSBURGH,01/12/2015 11:28:00,,2280.00,1487.00,434.00,244.00,144.00,172.00,114.00,55.00,APPROVED
PA: PITTSBURGH,01/12/2015 12:29:00,,2214.00,1439.00,421.00,232.00,140.00,169.00,111.00,56.00,APPROVED
PA: PITTSBURGH,01/12/2015 13:29:00,,2251.00,1482.00,429.00,242.00,142.00,172.00,113.00,57.00,APPROVED
PA: PITTSBURGH,01/12/2015 14:29:00,,2400.00,1660.00,476.00,289.00,156.00,194.00,124.00,60.00,APPROVED
PA: PITTSBURGH,01/12/2015 15:29:00,,2330.00,1613.00,468.00,280.00,155.00,195.00,124.00,60.00,APPROVED
PA: PITTSBURGH,01/12/2015 16:43:00,,2185.00,1408.00,405.00,222.00,136.00,161.00,108.00,54.00,APPROVED
PA: PITTSBURGH,01/12/2015 17:44:00,,2267.00,1521.00,440.00,254.00,149.00,182.00,117.00,57.00,APPROVED
PA: PITTSBURGH,01/12/2015 18:44:00,,2442.00,1675.00,485.00,291.00,163.00,202.00,125.00,62.00,APPROVED
PA: PITTSBURGH,01/12/2015 19:44:00,,2309.00,1559.00,455.00,268.00,154.00,189.00,123.00,58.00,APPROVED
PA: PITTSBURGH,01/12/2015 20:44:00,,2318.00,1553.00,447.00,259.00,153.00,185.00,119.00,57.00,APPROVED
PA: PITTSBURGH,01/12/2015 21:44:00,,2352.00,1597.00,467.00,271.00,155.00,193.00,123.00,59.00,APPROVED
PA: PITTSBURGH,01/12/2015 22:45:00,,2282.00,1523.00,442.00,253.00,147.00,180.00,115.00,58.00,APPROVED
PA: PITTSBURGH,01/12/2015 23:45:00,,2238.00,1458.00,426.00,238.00,142.00,170.00,115.00,53.00,APPROVED
PA: PITTSBURGH,01/13/2015 00:45:00,,2212.00,1424.00,415.00,229.00,141.00,164.00,112.00,52.00,APPROVED
PA: PITTSBURGH,01/13/2015 01:45:00,,2242.00,1457.00,420.00,231.00,142.00,169.00,112.00,53.00,APPROVED
PA: PITTSBURGH,01/13/2015 02:45:00,,2251.00,1439.00,417.00,232.00,139.00,167.00,112.00,53.00,APPROVED
PA: PITTSBURGH,01/13/2015 03:46:00,,2217.00,1408.00,410.00,218.00,138.00,161.00,107.00,54.00,APPROVED
PA: PITTSBURGH,01/13/2015 04:46:00,,2199.00,1392.00,406.00,221.00,137.00,158.00,108.00,52.00,APPROVED
PA: PITTSBURGH,01/13/2015 05:46:00,,2204.00,1386.00,403.00,217.00,133.00,159.00,105.00,53.00,APPROVED
PA: PITTSBURGH,01/13/2015 06:46:00,,2192.00,1384.00,402.00,210.00,133.00,155.00,106.00,52.00,APPROVED
PA: PITTSBURGH,01/13/2015 07:46:00,,2213.00,1366.00,399.00,205.00,132.00,156.00,102.00,50.00,APPROVED
PA: PITTSBURGH,01/13/2015 08:47:00,,2222.00,1364.00,398.00,205.00,133.00,155.00,101.00,50.00,APPROVED
PA: PITTSBURGH,01/13/2015 09:47:00,,2232.00,1368.00,399.00,203.00,130.00,154.00,100.00,51.00,APPROVED
PA: PITTSBURGH,01/13/2015 10:47:00,,2222.00,1357.00,392.00,197.00,130.00,152.00,98.00,50.00,APPROVED
PA: PITTSBURGH,01/13/2015 11:47:00,,2221.00,1335.00,389.00,199.00,128.00,154.00,94.00,51.00,APPROVED
PA: PITTSBURGH,01/13/2015 12:47:00,,2222.00,1331.00,392.00,195.00,125.00,150.00,94.00,51.00,APPROVED
PA: PITTSBURGH,01/13/2015 13:48:00,,2250.00,1323.00,393.00,195.00,126.00,151.00,93.00,50.00,APPROVED
PA: PITTSBURGH,01/13/2015 14:48:00,,2221.00,1325.00,385.00,193.00,125.00,152.00,91.00,51.00,APPROVED
PA: PITTSBURGH,01/13/2015 15:48:00,,2216.00,1337.00,391.00,197.00,128.00,153.00,91.00,50.00,APPROVED
PA: PITTSBURGH,01/13/2015 16:48:00,,2203.00,1337.00,393.00,199.00,125.00,152.00,93.00,50.00,APPROVED
PA: PITTSBURGH,01/13/2015 17:48:00,,2211.00,1331.00,390.00,196.00,129.00,149.00,93.00,50.00,APPROVED
PA: PITTSBURGH,01/13/2015 18:49:00,,2201.00,1337.00,389.00,199.00,130.00,150.00,97.00,50.00,APPROVED
PA: PITTSBURGH,01/13/2015 19:49:00,,2163.00,1335.00,390.00,201.00,129.00,151.00,102.00,50.00,APPROVED
PA: PITTSBURGH,01/13/2015 20:49:00,,2161.00,1331.00,394.00,200.00,130.00,151.00,102.00,51.00,APPROVED
PA: PITTSBURGH,01/13/2015 21:49:00,,2180.00,1342.00,390.00,205.00,129.00,154.00,105.00,52.00,APPROVED
PA: PITTSBURGH,01/13/2015 22:49:00,,2218.00,1362.00,396.00,205.00,131.00,151.00,102.00,51.00,APPROVED
PA: PITTSBURGH,01/13/2015 23:50:00,,2234.00,1374.00,400.00,205.00,128.00,153.00,103.00,51.00,APPROVED
PA: PITTSBURGH,01/14/2015 00:50:00,,2259.00,1387.00,407.00,207.00,132.00,157.00,101.00,51.00,APPROVED
PA: PITTSBURGH,01/14/2015 01:50:00,,2275.00,1391.00,406.00,211.00,134.00,158.00,101.00,50.00,APPROVED
PA: PITTSBURGH,01/14/2015 02:50:00,,2271.00,1398.00,404.00,208.00,135.00,159.00,102.00,52.00,APPROVED
PA: PITTSBURGH,01/14/2015 03:50:00,,2293.00,1405.00,408.00,213.00,133.00,160.00,100.00,52.00,APPROVED
PA: PITTSBURGH,01/14/2015 04:51:00,,2274.00,1396.00,407.00,213.00,135.00,158.00,100.00,50.00,APPROVED
PA: PITTSBURGH,01/14/2015 05:51:00,,2275.00,1403.00,407.00,209.00,134.00,161.00,99.00,52.00,APPROVED
PA: PITTSBURGH,01/14/2015 06:51:00,,2288.00,1390.00,411.00,208.00,133.00,158.00,99.00,52.00,APPROVED
PA: PITTSBURGH,01/14/2015 07:51:00,,2268.00,1394.00,411.00,205.00,134.00,158.00,99.00,52.00,APPROVED
PA: PITTSBURGH,01/14/2015 08:51:00,,2284.00,1384.00,410.00,207.00,129.00,161.00,100.00,51.00,APPROVED
PA: PITTSBURGH,01/14/2015 09:52:00,,2313.00,1414.00,416.00,209.00,132.00,162.00,99.00,52.00,APPROVED
PA: PITTSBURGH,01/14/2015 10:52:00,,2338.00,1437.00,418.00,216.00,137.00,167.00,99.00,52.00,APPROVED
PA: PITTSBURGH,01/14/2015 11:52:00,,2368.00,1457.00,426.00,219.00,138.00,170.00,102.00,52.00,APPROVED
PA: PITTSBURGH,01/14/2015 12:52:00,,2391.00,1474.00,439.00,220.00,139.00,173.00,101.00,52.00,APPROVED
PA: PITTSBURGH,01/14/2015 13:52:00,,2403.00,1490.00,442.00,225.00,142.00,174.00,103.00,54.00,APPROVED
PA: PITTSBURGH,01/14/2015 14:53:00,,2414.00,1525.00,448.00,231.00,141.00,179.00,107.00,55.00,APPROVED
PA: PITTSBURGH,01/14/2015 15:53:00,,2425.00,1555.00,459.00,237.00,145.00,182.00,109.00,53.00,APPROVED
PA: PITTSBURGH,01/14/2015 16:53:00,,2426.00,1562.00,455.00,243.00,147.00,180.00,114.00,55.00,APPROVED
PA: PITTSBURGH,01/14/2015 17:53:00,,2406.00,1555.00,454.00,245.00,147.00,180.00,115.00,56.00,APPROVED
PA: PITTSBURGH,01/14/2015 18:53:00,,2403.00,1557.00,453.00,243.00,148.00,182.00,115.00,54.00,APPROVED
PA: PITTSBURGH,01/14/2015 19:54:00,,2362.00,1538.00,449.00,246.00,148.00,176.00,114.00,56.00,APPROVED
PA: PITTSBURGH,01/14/2015 20:54:00,,2347.00,1515.00,444.00,239.00,146.00,176.00,115.00,54.00,APPROVED
PA: PITTSBURGH,01/14/2015 21:54:00,,2394.00,1547.00,449.00,247.00,147.00,177.00,116.00,54.00,APPROVED
PA: PITTSBURGH,01/14/2015 22:54:00,,2405.00,1570.00,454.00,251.00,149.00,181.00,116.00,55.00,APPROVED
PA: PITTSBURGH,01/14/2015 23:55:00,,2414.00,1569.00,458.00,253.00,149.00,183.00,116.00,56.00,APPROVED
PA: PITTSBURGH,01/15/2015 00:55:00,,2467.00,1622.00,475.00,257.00,154.00,188.00,119.00,55.00,APPROVED
PA: PITTSBURGH,01/15/2015 01:55:00,,2435.00,1588.00,469.00,254.00,152.00,187.00,117.00,55.00,APPROVED
PA: PITTSBURGH,01/15/2015 02:55:00,,2342.00,1507.00,443.00,238.00,143.00,176.00,111.00,53.00,APPROVED
PA: PITTSBURGH,01/15/2015 03:55:00,,2330.00,1473.00,428.00,232.00,141.00,174.00,109.00,53.00,APPROVED
PA: PITTSBURGH,01/15/2015 04:56:00,,2324.00,1464.00,434.00,230.00,143.00,168.00,106.00,53.00,APPROVED
PA: PITTSBURGH,01/15/2015 05:56:00,,2334.00,1468.00,430.00,228.00,140.00,170.00,108.00,55.00,APPROVED
PA: PITTSBURGH,01/15/2015 06:56:00,,2344.00,1482.00,432.00,227.00,140.00,170.00,107.00,52.00,APPROVED
PA: PITTSBURGH,01/15/2015 07:56:00,,2356.00,1491.00,439.00,227.00,140.00,171.00,106.00,55.00,APPROVED
PA: PITTSBURGH,01/15/2015 08:56:00,,2335.00,1479.00,437.00,230.00,142.00,173.00,106.00,52.00,APPROVED
PA: PITTSBURGH,01/15/2015 09:57:00,,2361.00,1484.00,437.00,231.00,140.00,174.00,110.00,53.00,APPROVED
PA: PITTSBURGH,01/15/2015 10:57:00,,2312.00,1452.00,431.00,225.00,138.00,170.00,104.00,52.00,APPROVED
PA: PITTSBURGH,01/15/2015 11:57:00,,2288.00,1439.00,418.00,218.00,140.00,165.00,104.00,54.00,APPROVED
PA: PITTSBURGH,01/15/2015 12:57:00,,2299.00,1427.00,424.00,217.00,137.00,164.00,105.00,51.00,APPROVED
PA: PITTSBURGH,01/15/2015 13:57:00,,2298.00,1429.00,425.00,214.00,136.00,166.00,103.00,53.00,APPROVED
PA: PITTSBURGH,01/15/2015 14:58:00,,2292.00,1435.00,420.00,220.00,138.00,164.00,104.00,51.00,APPROVED
PA: PITTSBURGH,01/15/2015 15:58:00,,2272.00,1438.00,422.00,218.00,139.00,166.00,107.00,52.00,APPROVED
PA: PITTSBURGH,01/15/2015 16:58:00,,2269.00,1425.00,423.00,219.00,136.00,166.00,107.00,51.00,APPROVED
PA: PITTSBURGH,01/15/2015 17:58:00,,2241.00,1414.00,412.00,221.00,137.00,162.00,107.00,52.00,APPROVED
PA: PITTSBURGH,01/15/2015 18:58:00,,2234.00,1403.00,413.00,223.00,136.00,160.00,108.00,54.00,APPROVED
PA: PITTSBURGH,01/15/2015 19:59:00,,2197.00,1400.00,415.00,218.00,137.00,157.00,107.00,53.00,APPROVED
PA: PITTSBURGH,01/15/2015 20:59:00,,2203.00,1390.00,413.00,223.00,140.00,166.00,109.00,53.00,APPROVED
PA: PITTSBURGH,01/15/2015 21:59:00,,2205.00,1418.00,417.00,221.00,135.00,162.00,108.00,54.00,APPROVED
PA: PITTSBURGH,01/15/2015 22:59:00,,2224.00,1423.00,412.00,226.00,138.00,163.00,108.00,54.00,APPROVED
PA: PITTSBURGH,01/15/2015 23:59:00,,2268.00,1435.00,420.00,228.00,135.00,165.00,111.00,53.00,APPROVED
PA: PITTSBURGH,01/16/2015 01:00:00,,2265.00,1443.00,425.00,227.00,139.00,166.00,111.00,54.00,APPROVED
PA: PITTSBURGH,01/16/2015 02:00:00,,2290.00,1451.00,420.00,227.00,141.00,167.00,111.00,54.00,APPROVED
PA: PITTSBURGH,01/16/2015 03:00:00,,2284.00,1452.00,424.00,232.00,140.00,166.00,109.00,54.00,APPROVED
PA: PITTSBURGH,01/16/2015 04:00:00,,2281.00,1451.00,420.00,231.00,142.00,169.00,111.00,52.00,APPROVED
PA: PITTSBURGH,01/16/2015 05:00:00,,2284.00,1460.00,421.00,228.00,140.00,169.00,111.00,54.00,APPROVED
PA: PITTSBURGH,01/16/2015 06:01:00,,2284.00,1470.00,425.00,231.00,142.00,170.00,111.00,53.00,APPROVED
PA: PITTSBURGH,01/16/2015 07:01:00,,2300.00,1466.00,430.00,231.00,144.00,167.00,113.00,53.00,APPROVED
PA: PITTSBURGH,01/16/2015 08:01:00,,2287.00,1477.00,432.00,233.00,143.00,172.00,112.00,56.00,APPROVED
PA: PITTSBURGH,01/16/2015 09:01:00,,2307.00,1471.00,428.00,231.00,142.00,169.00,113.00,54.00,APPROVED
PA: PITTSBURGH,01/16/2015 10:01:00,,2321.00,1493.00,433.00,237.00,143.00,171.00,112.00,54.00,APPROVED
PA: PITTSBURGH,01/16/2015 11:02:00,,2331.00,1505.00,438.00,243.00,144.00,172.00,113.00,54.00,APPROVED
PA: PITTSBURGH,01/16/2015 12:02:00,,2333.00,1500.00,441.00,238.00,143.00,175.00,113.00,55.00,APPROVED
PA: PITTSBURGH,01/16/2015 13:02:00,,2359.00,1527.00,449.00,247.00,147.00,178.00,114.00,55.00,APPROVED
PA: PITTSBURGH,01/16/2015 14:02:00,,2367.00,1546.00,456.00,254.00,152.00,182.00,115.00,56.00,APPROVED
PA: PITTSBURGH,01/16/2015 15:02:00,,2357.00,1570.00,456.00,263.00,149.00,185.00,119.00,57.00,APPROVED
PA: PITTSBURGH,01/16/2015 16:03:00,,2361.00,1574.00,460.00,262.00,149.00,185.00,120.00,56.00,APPROVED
PA: PITTSBURGH,01/16/2015 17:03:00,,2341.00,1579.00,462.00,265.00,151.00,187.00,118.00,57.00,APPROVED
PA: PITTSBURGH,01/16/2015 18:03:00,,2344.00,1574.00,460.00,266.00,154.00,191.00,123.00,58.00,APPROVED
PA: PITTSBURGH,01/16/2015 19:03:00,,2304.00,1568.00,458.00,269.00,151.00,189.00,124.00,58.00,APPROVED
PA: PITTSBURGH,01/16/2015 20:03:00,,2249.00,1521.00,452.00,260.00,150.00,185.00,122.00,57.00,APPROVED
PA: PITTSBURGH,01/16/2015 21:04:00,,2253.00,1524.00,454.00,260.00,148.00,183.00,121.00,57.00,APPROVED
PA: PITTSBURGH,01/16/2015 22:04:00,,2242.00,1494.00,445.00,256.00,148.00,181.00,117.00,57.00,APPROVED
PA: PITTSBURGH,01/16/2015 23:04:00,,2259.00,1468.00,437.00,240.00,144.00,175.00,114.00,58.00,APPROVED
PA: PITTSBURGH,01/17/2015 00:04:00,,2242.00,1447.00,426.00,229.00,141.00,167.00,113.00,55.00,APPROVED
PA: PITTSBURGH,01/17/2015 01:04:00,,2241.00,1422.00,418.00,224.00,139.00,163.00,109.00,52.00,APPROVED
PA: PITTSBURGH,01/17/2015 02:05:00,,2230.00,1417.00,413.00,213.00,134.00,162.00,110.00,53.00,APPROVED
PA: PITTSBURGH,01/17/2015 03:05:00,,2248.00,1414.00,412.00,216.00,137.00,160.00,106.00,53.00,APPROVED
PA: PITTSBURGH,01/17/2015 04:05:00,,2260.00,1411.00,413.00,216.00,137.00,159.00,102.00,53.00,APPROVED
PA: PITTSBURGH,01/17/2015 05:05:00,,2261.00,1410.00,415.00,215.00,136.00,162.00,106.00,52.00,APPROVED
PA: PITTSBURGH,01/17/2015 06:05:00,,2273.00,1409.00,409.00,214.00,134.00,160.00,106.00,53.00,APPROVED
PA: PITTSBURGH,01/17/2015 07:06:00,,2282.00,1426.00,418.00,218.00,137.00,162.00,105.00,53.00,APPROVED
PA: PITTSBURGH,01/17/2015 08:06:00,,2307.00,1438.00,429.00,218.00,139.00,163.00,105.00,52.00,APPROVED
PA: PITTSBURGH,01/17/2015 09:06:00,,2347.00,1489.00,437.00,226.00,141.00,171.00,107.00,52.00,APPROVED
PA: PITTSBURGH,01/17/2015 10:06:00,,2386.00,1515.00,448.00,233.00,145.00,178.00,110.00,53.00,APPROVED
PA: PITTSBURGH,01/17/2015 11:06:00,,2390.00,1546.00,458.00,240.00,145.00,179.00,110.00,54.00,APPROVED
PA: PITTSBURGH,01/17/2015 12:07:00,,2408.00,1558.00,461.00,241.00,149.00,182.00,109.00,55.00,APPROVED
PA: PITTSBURGH,01/17/2015 13:07:00,,2443.00,1581.00,463.00,248.00,149.00,185.00,113.00,56.00,APPROVED
PA: PITTSBURGH,01/17/2015 14:07:00,,2442.00,1594.00,473.00,248.00,150.00,190.00,113.00,55.00,APPROVED
PA: PITTSBURGH,01/17/2015 15:07:00,,2452.00,1605.00,472.00,248.00,148.00,188.00,117.00,55.00,APPROVED
PA: PITTSBURGH,01/17/2015 16:07:00,,2418.00,1598.00,464.00,253.00,151.00,186.00,117.00,56.00,APPROVED
PA: PITTSBURGH,01/17/2015 17:08:00,,2339.00,1540.00,454.00,255.00,148.00,182.00,115.00,55.00,APPROVED
PA: PITTSBURGH,01/17/2015 18:08:00,,2226.00,1476.00,434.00,246.00,147.00,179.00,118.00,55.00,APPROVED
PA: PITTSBURGH,01/17/2015 19:08:00,,2084.00,1384.00,424.00,240.00,141.00,173.00,115.00,54.00,APPROVED
PA: PITTSBURGH,01/17/2015 20:08:00,,1953.00,1285.00,399.00,221.00,137.00,165.00,112.00,55.00,APPROVED
PA: PITTSBURGH,01/17/2015 21:08:00,,1913.00,1250.00,392.00,216.00,134.00,159.00,114.00,55.00,APPROVED
PA: PITTSBURGH,01/17/2015 22:09:00,,1932.00,1262.00,397.00,219.00,132.00,162.00,113.00,54.00,APPROVED
PA: PITTSBURGH,01/17/2015 23:09:00,,1989.00,1294.00,401.00,218.00,136.00,160.00,112.00,56.00,APPROVED
PA: PITTSBURGH,01/18/2015 00:09:00,,2031.00,1321.00,400.00,222.00,137.00,166.00,112.00,54.00,APPROVED
PA: PITTSBURGH,01/18/2015 01:09:00,,2075.00,1346.00,406.00,225.00,139.00,164.00,113.00,55.00,APPROVED
PA: PITTSBURGH,01/18/2015 02:09:00,,2132.00,1385.00,416.00,229.00,139.00,163.00,113.00,56.00,APPROVED
PA: PITTSBURGH,01/18/2015 03:10:00,,2159.00,1405.00,418.00,232.00,141.00,164.00,115.00,54.00,APPROVED
PA: PITTSBURGH,01/18/2015 04:10:00,,2195.00,1427.00,424.00,233.00,141.00,172.00,113.00,56.00,APPROVED
PA: PITTSBURGH,01/18/2015 05:10:00,,2202.00,1434.00,424.00,238.00,142.00,170.00,112.00,55.00,APPROVED
PA: PITTSBURGH,01/18/2015 06:10:00,,2168.00,1430.00,424.00,234.00,141.00,170.00,114.00,56.00,APPROVED
PA: PITTSBURGH,01/18/2015 07:10:00,,2157.00,1425.00,424.00,234.00,141.00,170.00,114.00,57.00,APPROVED
PA: PITTSBURGH,01/18/2015 08:11:00,,2163.00,1407.00,421.00,237.00,139.00,170.00,116.00,57.00,APPROVED
PA: PITTSBURGH,01/18/2015 09:11:00,,2148.00,1396.00,417.00,236.00,145.00,169.00,115.00,58.00,APPROVED
PA: PITTSBURGH,01/18/2015 10:11:00,,2138.00,1381.00,416.00,227.00,140.00,166.00,112.00,55.00,APPROVED
PA: PITTSBURGH,01/18/2015 11:11:00,,2127.00,1378.00,416.00,228.00,140.00,168.00,112.00,54.00,APPROVED
PA: PITTSBURGH,01/18/2015 12:11:00,,2116.00,1390.00,414.00,224.00,138.00,163.00,113.00,55.00,APPROVED
PA: PITTSBURGH,01/18/2015 13:12:00,,2117.00,1370.00,412.00,222.00,138.00,161.00,111.00,55.00,APPROVED
PA: PITTSBURGH,01/18/2015 14:12:00,,2093.00,1364.00,414.00,228.00,138.00,163.00,112.00,56.00,APPROVED
PA: PITTSBURGH,01/18/2015 15:12:00,,2116.00,1390.00,417.00,227.00,142.00,166.00,112.00,56.00,APPROVED
PA: PITTSBURGH,01/18/2015 16:12:00,,2205.00,1448.00,429.00,241.00,143.00,174.00,115.00,58.00,APPROVED
PA: PITTSBURGH,01/18/2015 17:12:00,,2170.00,1430.00,419.00,236.00,145.00,168.00,116.00,56.00,APPROVED
PA: PITTSBURGH,01/18/2015 18:13:00,,2118.00,1374.00,415.00,225.00,139.00,166.00,112.00,56.00,APPROVED
PA: PITTSBURGH,01/18/2015 19:13:00,,2170.00,1430.00,419.00,239.00,144.00,170.00,114.00,56.00,APPROVED
PA: PITTSBURGH,01/18/2015 20:13:00,,2213.00,1446.00,430.00,242.00,146.00,174.00,118.00,57.00,APPROVED
PA: PITTSBURGH,01/18/2015 21:13:00,,2244.00,1496.00,442.00,254.00,149.00,182.00,119.00,56.00,APPROVED
PA: PITTSBURGH,01/18/2015 22:13:00,,2188.00,1457.00,431.00,243.00,146.00,176.00,113.00,55.00,APPROVED
PA: PITTSBURGH,01/18/2015 23:14:00,,2176.00,1431.00,431.00,241.00,146.00,171.00,116.00,55.00,APPROVED
PA: PITTSBURGH,01/19/2015 00:14:00,,2187.00,1433.00,430.00,237.00,144.00,168.00,114.00,53.00,APPROVED
PA: PITTSBURGH,01/19/2015 01:14:00,,2194.00,1437.00,438.00,239.00,142.00,171.00,114.00,56.00,APPROVED
PA: PITTSBURGH,01/19/2015 02:14:00,,2206.00,1441.00,430.00,236.00,145.00,173.00,114.00,55.00,APPROVED
PA: PITTSBURGH,01/19/2015 03:14:00,,2245.00,1480.00,438.00,248.00,144.00,176.00,118.00,56.00,APPROVED
PA: PITTSBURGH,01/19/2015 04:15:00,,2231.00,1469.00,438.00,245.00,145.00,175.00,116.00,56.00,APPROVED
PA: PITTSBURGH,01/19/2015 05:15:00,,2239.00,1467.00,434.00,243.00,145.00,172.00,115.00,56.00,APPROVED
PA: PITTSBURGH,01/19/2015 06:15:00,,2260.00,1487.00,439.00,246.00,145.00,176.00,116.00,56.00,APPROVED
PA: PITTSBURGH,01/19/2015 07:15:00,,2259.00,1490.00,441.00,249.00,147.00,176.00,116.00,56.00,APPROVED
PA: PITTSBURGH,01/19/2015 08:15:00,,2262.00,1491.00,442.00,247.00,147.00,176.00,118.00,58.00,APPROVED
PA: PITTSBURGH,01/19/2015 09:16:00,,2260.00,1511.00,446.00,252.00,147.00,178.00,118.00,58.00,APPROVED
PA: PITTSBURGH,01/19/2015 10:16:00,,2301.00,1542.00,456.00,254.00,148.00,183.00,119.00,57.00,APPROVED
PA: PITTSBURGH,01/19/2015 11:16:00,,2265.00,1511.00,448.00,248.00,150.00,181.00,115.00,57.00,APPROVED
PA: PITTSBURGH,01/19/2015 12:16:00,,2236.00,1471.00,434.00,243.00,145.00,177.00,117.00,55.00,APPROVED
PA: PITTSBURGH,01/19/2015 13:16:00,,2240.00,1471.00,440.00,237.00,145.00,173.00,114.00,56.00,APPROVED
PA: PITTSBURGH,01/19/2015 14:17:00,,2248.00,1471.00,431.00,241.00,144.00,173.00,116.00,55.00,APPROVED
PA: PITTSBURGH,01/19/2015 15:17:00,,2266.00,1479.00,434.00,241.00,147.00,176.00,117.00,55.00,APPROVED
PA: PITTSBURGH,01/19/2015 16:17:00,,2250.00,1484.00,433.00,238.00,145.00,173.00,115.00,56.00,APPROVED
PA: PITTSBURGH,01/19/2015 17:17:00,,2246.00,1457.00,433.00,238.00,140.00,171.00,117.00,54.00,APPROVED
PA: PITTSBURGH,01/19/2015 18:17:00,,2231.00,1450.00,424.00,236.00,144.00,169.00,112.00,54.00,APPROVED
PA: PITTSBURGH,01/19/2015 19:18:00,,2209.00,1439.00,423.00,235.00,142.00,165.00,115.00,55.00,APPROVED
PA: PITTSBURGH,01/19/2015 20:18:00,,2179.00,1421.00,422.00,235.00,142.00,168.00,114.00,54.00,APPROVED
PA: PITTSBURGH,01/19/2015 21:18:00,,2158.00,1405.00,423.00,233.00,141.00,170.00,115.00,54.00,APPROVED
PA: PITTSBURGH,01/19/2015 22:18:00,,2153.00,1395.00,418.00,237.00,139.00,165.00,114.00,53.00,APPROVED
PA: PITTSBURGH,01/19/2015 23:18:00,,2143.00,1385.00,412.00,227.00,139.00,164.00,110.00,55.00,APPROVED
PA: PITTSBURGH,01/20/2015 00:19:00,,2157.00,1399.00,416.00,230.00,139.00,163.00,113.00,56.00,APPROVED
PA: PITTSBURGH,01/20/2015 01:19:00,,2201.00,1437.00,430.00,236.00,142.00,170.00,114.00,55.00,APPROVED
PA: PITTSBURGH,01/20/2015 02:19:00,,2279.00,1513.00,444.00,250.00,146.00,179.00,118.00,56.00,APPROVED
PA: PITTSBURGH,01/20/2015 03:19:00,,2325.00,1577.00,457.00,263.00,153.00,184.00,122.00,58.00,APPROVED
PA: PITTSBURGH,01/20/2015 04:19:00,,2393.00,1652.00,481.00,283.00,161.00,197.00,126.00,59.00,APPROVED
PA: PITTSBURGH,01/20/2015 05:20:00,,2478.00,1736.00,503.00,297.00,168.00,208.00,133.00,60.00,APPROVED
PA: PITTSBURGH,01/20/2015 06:20:00,,2530.00,1789.00,513.00,312.00,169.00,214.00,135.00,61.00,APPROVED
PA: PITTSBURGH,01/20/2015 07:20:00,,2569.00,1825.00,526.00,320.00,176.00,219.00,137.00,63.00,APPROVED
PA: PITTSBURGH,01/20/2015 08:20:00,,2612.00,1867.00,533.00,327.00,177.00,230.00,142.00,65.00,APPROVED
PA: PITTSBURGH,01/20/2015 09:20:00,,2648.00,1915.00,555.00,348.00,183.00,234.00,142.00,66.00,APPROVED
PA: PITTSBURGH,01/20/2015 10:21:00,,2683.00,1984.00,569.00,359.00,191.00,245.00,148.00,66.00,APPROVED
PA: PITTSBURGH,01/20/2015 11:21:00,,2685.00,1981.00,574.00,362.00,186.00,249.00,150.00,69.00,APPROVED
PA: PITTSBURGH,01/20/2015 12:38:00,,2519.00,1654.00,462.00,259.00,152.00,181.00,119.00,58.00,APPROVED
PA: PITTSBURGH,01/20/2015 13:38:00,,2563.00,1800.00,508.00,308.00,168.00,211.00,135.00,60.00,APPROVED
PA: PITTSBURGH,01/20/2015 14:38:00,,2568.00,1814.00,517.00,317.00,170.00,215.00,136.00,64.00,APPROVED
PA: PITTSBURGH,01/20/2015 15:38:00,,2490.00,1720.00,496.00,303.00,166.00,207.00,130.00,60.00,APPROVED
PA: PITTSBURGH,01/20/2015 16:38:00,,2392.00,1623.00,471.00,280.00,157.00,197.00,125.00,57.00,APPROVED
PA: PITTSBURGH,01/20/2015 17:39:00,,2383.00,1603.00,464.00,272.00,154.00,191.00,123.00,60.00,APPROVED
PA: PITTSBURGH,01/20/2015 18:39:00,,2524.00,1757.00,493.00,301.00,166.00,206.00,131.00,62.00,APPROVED
PA: PITTSBURGH,01/20/2015 19:39:00,,2491.00,1707.00,487.00,293.00,160.00,204.00,129.00,60.00,APPROVED
PA: PITTSBURGH,01/20/2015 20:39:00,,2406.00,1633.00,472.00,281.00,160.00,192.00,125.00,58.00,APPROVED
PA: PITTSBURGH,01/20/2015 21:39:00,,2361.00,1576.00,458.00,270.00,156.00,188.00,125.00,59.00,APPROVED
PA: PITTSBURGH,01/20/2015 22:40:00,,2325.00,1570.00,456.00,264.00,152.00,184.00,120.00,58.00,APPROVED
PA: PITTSBURGH,01/20/2015 23:40:00,,2340.00,1558.00,450.00,266.00,151.00,188.00,122.00,58.00,APPROVED
PA: PITTSBURGH,01/21/2015 00:40:00,,2358.00,1574.00,450.00,265.00,153.00,187.00,119.00,57.00,APPROVED
PA: PITTSBURGH,01/21/2015 01:40:00,,2353.00,1574.00,456.00,266.00,152.00,187.00,123.00,57.00,APPROVED
PA: PITTSBURGH,01/21/2015 02:40:00,,2346.00,1566.00,450.00,262.00,149.00,184.00,121.00,59.00,APPROVED
PA: PITTSBURGH,01/21/2015 03:41:00,,2336.00,1561.00,456.00,262.00,148.00,186.00,118.00,59.00,APPROVED
PA: PITTSBURGH,01/21/2015 04:41:00,,2316.00,1542.00,444.00,260.00,145.00,182.00,121.00,57.00,APPROVED
PA: PITTSBURGH,01/21/2015 05:41:00,,2278.00,1511.00,436.00,248.00,148.00,176.00,119.00,55.00,APPROVED
PA: PITTSBURGH,01/21/2015 06:41:00,,2262.00,1472.00,425.00,239.00,145.00,172.00,113.00,56.00,APPROVED
PA: PITTSBURGH,01/21/2015 07:41:00,,2257.00,1468.00,422.00,232.00,142.00,170.00,112.00,56.00,APPROVED
PA: PITTSBURGH,01/21/2015 08:42:00,,2258.00,1460.00,422.00,236.00,142.00,169.00,112.00,54.00,APPROVED
PA: PITTSBURGH,01/21/2015 09:42:00,,2260.00,1471.00,419.00,235.00,142.00,170.00,113.00,54.00,APPROVED
PA: PITTSBURGH,01/21/2015 10:42:00,,2278.00,1480.00,428.00,240.00,143.00,174.00,114.00,54.00,APPROVED
PA: PITTSBURGH,01/21/2015 11:42:00,,2321.00,1519.00,439.00,251.00,147.00,176.00,117.00,55.00,APPROVED
PA: PITTSBURGH,01/21/2015 12:42:00,,2351.00,1546.00,446.00,256.00,149.00,181.00,116.00,56.00,APPROVED
PA: PITTSBURGH,01/21/2015 13:43:00,,2370.00,1568.00,449.00,254.00,149.00,181.00,118.00,55.00,APPROVED
PA: PITTSBURGH,01/21/2015 14:43:00,,2426.00,1615.00,464.00,264.00,155.00,186.00,120.00,58.00,APPROVED
PA: PITTSBURGH,01/21/2015 15:43:00,,2529.00,1720.00,492.00,291.00,159.00,202.00,126.00,60.00,APPROVED
PA: PITTSBURGH,01/21/2015 16:43:00,,2600.00,1803.00,514.00,311.00,168.00,210.00,136.00,62.00,APPROVED
PA: PITTSBURGH,01/21/2015 17:43:00,,2572.00,1784.00,507.00,311.00,166.00,211.00,129.00,61.00,APPROVED
PA: PITTSBURGH,01/21/2015 18:44:00,,2413.00,1636.00,475.00,285.00,157.00,192.00,124.00,58.00,APPROVED
PA: PITTSBURGH,01/21/2015 19:44:00,,2300.00,1548.00,446.00,269.00,153.00,187.00,122.00,56.00,APPROVED
PA: PITTSBURGH,01/21/2015 20:44:00,,2287.00,1533.00,448.00,262.00,148.00,189.00,122.00,59.00,APPROVED
PA: PITTSBURGH,01/21/2015 21:44:00,,2302.00,1564.00,451.00,269.00,151.00,186.00,121.00,59.00,APPROVED
PA: PITTSBURGH,01/21/2015 22:44:00,,2301.00,1554.00,448.00,267.00,152.00,187.00,116.00,59.00,APPROVED
PA: PITTSBURGH,01/21/2015 23:45:00,,2258.00,1501.00,430.00,257.00,146.00,178.00,116.00,57.00,APPROVED
PA: PITTSBURGH,01/22/2015 00:45:00,,2251.00,1475.00,429.00,246.00,142.00,175.00,114.00,59.00,APPROVED
PA: PITTSBURGH,01/22/2015 01:45:00,,2262.00,1475.00,424.00,243.00,142.00,174.00,115.00,55.00,APPROVED
PA: PITTSBURGH,01/22/2015 02:45:00,,2269.00,1499.00,434.00,250.00,145.00,175.00,118.00,55.00,APPROVED
PA: PITTSBURGH,01/22/2015 03:45:00,,2257.00,1478.00,434.00,247.00,143.00,174.00,117.00,56.00,APPROVED
PA: PITTSBURGH,01/22/2015 04:46:00,,2229.00,1465.00,425.00,238.00,143.00,173.00,113.00,56.00,APPROVED
PA: PITTSBURGH,01/22/2015 05:46:00,,2245.00,1471.00,421.00,242.00,143.00,166.00,114.00,56.00,APPROVED
PA: PITTSBURGH,01/22/2015 06:46:00,,2292.00,1505.00,440.00,248.00,145.00,176.00,116.00,57.00,APPROVED
PA: PITTSBURGH,01/22/2015 07:46:00,,2323.00,1560.00,448.00,267.00,151.00,184.00,120.00,58.00,APPROVED
PA: PITTSBURGH,01/22/2015 08:46:00,,2262.00,1507.00,438.00,255.00,148.00,178.00,119.00,56.00,APPROVED
PA: PITTSBURGH,01/22/2015 09:47:00,,2219.00,1455.00,423.00,239.00,141.00,168.00,112.00,56.00,APPROVED
PA: PITTSBURGH,01/22/2015 10:47:00,,2222.00,1421.00,414.00,229.00,139.00,166.00,109.00,55.00,APPROVED
PA: PITTSBURGH,01/22/2015 11:47:00,,2206.00,1404.00,413.00,224.00,136.00,163.00,108.00,53.00,APPROVED
PA: PITTSBURGH,01/22/2015 12:47:00,,2198.00,1395.00,409.00,221.00,136.00,161.00,111.00,53.00,APPROVED
PA: PITTSBURGH,01/22/2015 13:48:00,,2178.00,1373.00,401.00,215.00,135.00,158.00,106.00,54.00,APPROVED
PA: PITTSBURGH,01/22/2015 14:48:00,,2178.00,1369.00,401.00,217.00,132.00,154.00,105.00,51.00,APPROVED
PA: PITTSBURGH,01/22/2015 15:48:00,,2145.00,1356.00,393.00,217.00,132.00,154.00,108.00,52.00,APPROVED
PA: PITTSBURGH,01/22/2015 16:48:00,,2137.00,1355.00,394.00,206.00,131.00,154.00,105.00,52.00,APPROVED
PA: PITTSBURGH,01/22/2015 17:48:00,,2141.00,1336.00,395.00,208.00,132.00,154.00,106.00,52.00,APPROVED
PA: PITTSBURGH,01/22/2015 18:49:00,,2146.00,1342.00,388.00,210.00,131.00,151.00,105.00,52.00,APPROVED
PA: PITTSBURGH,01/22/2015 19:49:00,,2136.00,1343.00,389.00,211.00,131.00,154.00,105.00,52.00,APPROVED
PA: PITTSBURGH,01/22/2015 20:49:00,,2145.00,1351.00,396.00,210.00,134.00,154.00,105.00,53.00,APPROVED
PA: PITTSBURGH,01/22/2015 21:49:00,,2173.00,1358.00,397.00,212.00,133.00,153.00,104.00,53.00,APPROVED
PA: PITTSBURGH,01/22/2015 22:49:00,,2182.00,1373.00,399.00,213.00,132.00,154.00,106.00,51.00,APPROVED
PA: PITTSBURGH,01/22/2015 23:50:00,,2195.00,1387.00,404.00,213.00,133.00,160.00,109.00,52.00,APPROVED
PA: PITTSBURGH,01/23/2015 00:50:00,,2214.00,1395.00,397.00,215.00,134.00,157.00,107.00,53.00,APPROVED
PA: PITTSBURGH,01/23/2015 01:50:00,,2215.00,1406.00,407.00,214.00,133.00,158.00,106.00,51.00,APPROVED
PA: PITTSBURGH,01/23/2015 02:50:00,,2225.00,1407.00,405.00,216.00,133.00,158.00,107.00,55.00,APPROVED
PA: PITTSBURGH,01/23/2015 03:50:00,,2222.00,1408.00,412.00,219.00,137.00,156.00,107.00,52.00,APPROVED
PA: PITTSBURGH,01/23/2015 04:51:00,,2232.00,1413.00,409.00,219.00,138.00,163.00,105.00,53.00,APPROVED
PA: PITTSBURGH,01/23/2015 05:51:00,,2237.00,1419.00,413.00,219.00,137.00,158.00,109.00,53.00,APPROVED
PA: PITTSBURGH,01/23/2015 06:51:00,,2215.00,1404.00,400.00,217.00,134.00,159.00,108.00,54.00,APPROVED
PA: PITTSBURGH,01/23/2015 07:51:00,,2204.00,1393.00,408.00,222.00,134.00,159.00,105.00,53.00,APPROVED
PA: PITTSBURGH,01/23/2015 08:51:00,,2207.00,1386.00,409.00,217.00,135.00,158.00,105.00,51.00,APPROVED
PA: PITTSBURGH,01/23/2015 09:52:00,,2204.00,1394.00,408.00,214.00,135.00,159.00,104.00,51.00,APPROVED
PA: PITTSBURGH,01/23/2015 10:52:00,,2221.00,1384.00,405.00,213.00,137.00,156.00,106.00,52.00,APPROVED
PA: PITTSBURGH,01/23/2015 11:52:00,,2217.00,1392.00,407.00,215.00,136.00,159.00,109.00,52.00,APPROVED
PA: PITTSBURGH,01/23/2015 12:52:00,,2208.00,1397.00,408.00,215.00,132.00,159.00,105.00,53.00,APPROVED
PA: PITTSBURGH,01/23/2015 13:52:00,,2216.00,1387.00,410.00,217.00,135.00,156.00,104.00,53.00,APPROVED
PA: PITTSBURGH,01/23/2015 14:53:00,,2214.00,1390.00,404.00,211.00,136.00,157.00,105.00,52.00,APPROVED
PA: PITTSBURGH,01/23/2015 15:53:00,,2197.00,1377.00,402.00,217.00,134.00,156.00,105.00,52.00,APPROVED
PA: PITTSBURGH,01/23/2015 16:53:00,,2194.00,1365.00,403.00,216.00,136.00,157.00,105.00,52.00,APPROVED
PA: PITTSBURGH,01/23/2015 17:53:00,,2179.00,1380.00,402.00,213.00,136.00,153.00,107.00,52.00,APPROVED
PA: PITTSBURGH,01/23/2015 18:53:00,,2170.00,1376.00,399.00,216.00,135.00,157.00,106.00,54.00,APPROVED
PA: PITTSBURGH,01/23/2015 19:54:00,,2141.00,1351.00,399.00,217.00,132.00,160.00,107.00,53.00,APPROVED
PA: PITTSBURGH,01/23/2015 20:54:00,,2123.00,1350.00,403.00,217.00,133.00,160.00,111.00,53.00,APPROVED
PA: PITTSBURGH,01/23/2015 21:54:00,,2140.00,1373.00,399.00,220.00,134.00,155.00,111.00,53.00,APPROVED
PA: PITTSBURGH,01/23/2015 22:54:00,,2148.00,1368.00,402.00,216.00,135.00,159.00,108.00,53.00,APPROVED
PA: PITTSBURGH,01/23/2015 23:54:00,,2166.00,1381.00,405.00,215.00,135.00,158.00,107.00,54.00,APPROVED
PA: PITTSBURGH,01/24/2015 00:55:00,,2196.00,1399.00,417.00,222.00,135.00,163.00,111.00,53.00,APPROVED
PA: PITTSBURGH,01/24/2015 01:55:00,,2232.00,1434.00,418.00,231.00,142.00,168.00,113.00,55.00,APPROVED
PA: PITTSBURGH,01/24/2015 02:55:00,,2258.00,1456.00,423.00,239.00,141.00,169.00,112.00,55.00,APPROVED
PA: PITTSBURGH,01/24/2015 03:55:00,,2315.00,1547.00,448.00,255.00,146.00,178.00,119.00,57.00,APPROVED
PA: PITTSBURGH,01/24/2015 04:55:00,,2472.00,1663.00,483.00,282.00,160.00,197.00,124.00,61.00,APPROVED
PA: PITTSBURGH,01/24/2015 05:56:00,,2500.00,1706.00,490.00,290.00,163.00,202.00,129.00,60.00,APPROVED
PA: PITTSBURGH,01/24/2015 06:56:00,,2538.00,1749.00,505.00,300.00,166.00,205.00,131.00,61.00,APPROVED
PA: PITTSBURGH,01/24/2015 07:56:00,,2526.00,1740.00,503.00,304.00,164.00,208.00,133.00,62.00,APPROVED
PA: PITTSBURGH,01/24/2015 08:56:00,,2507.00,1725.00,499.00,298.00,159.00,205.00,128.00,60.00,APPROVED
PA: PITTSBURGH,01/24/2015 09:56:00,,2453.00,1682.00,487.00,291.00,159.00,199.00,126.00,60.00,APPROVED
PA: PITTSBURGH,01/24/2015 10:57:00,,2412.00,1655.00,486.00,286.00,159.00,201.00,126.00,59.00,APPROVED
PA: PITTSBURGH,01/24/2015 11:57:00,,2395.00,1605.00,464.00,274.00,156.00,194.00,122.00,58.00,APPROVED
PA: PITTSBURGH,01/24/2015 12:57:00,,2353.00,1566.00,459.00,257.00,150.00,186.00,119.00,57.00,APPROVED
PA: PITTSBURGH,01/24/2015 13:57:00,,2300.00,1508.00,436.00,246.00,143.00,176.00,116.00,55.00,APPROVED
PA: PITTSBURGH,01/24/2015 14:57:00,,2279.00,1464.00,428.00,239.00,141.00,171.00,113.00,54.00,APPROVED
PA: PITTSBURGH,01/24/2015 15:58:00,,2276.00,1469.00,426.00,234.00,139.00,168.00,112.00,55.00,APPROVED
PA: PITTSBURGH,01/24/2015 16:58:00,,2275.00,1465.00,423.00,236.00,142.00,168.00,111.00,54.00,APPROVED
PA: PITTSBURGH,01/24/2015 17:58:00,,2270.00,1463.00,430.00,228.00,141.00,170.00,110.00,54.00,APPROVED
PA: PITTSBURGH,01/24/2015 18:58:00,,2268.00,1466.00,425.00,237.00,139.00,170.00,110.00,56.00,APPROVED
PA: PITTSBURGH,01/24/2015 19:58:00,,2266.00,1449.00,427.00,236.00,140.00,170.00,112.00,56.00,APPROVED
PA: PITTSBURGH,01/24/2015 20:59:00,,2279.00,1461.00,427.00,232.00,138.00,172.00,111.00,53.00,APPROVED
PA: PITTSBURGH,01/24/2015 21:59:00,,2268.00,1464.00,429.00,233.00,142.00,171.00,111.00,53.00,APPROVED
PA: PITTSBURGH,01/24/2015 22:59:00,,2266.00,1468.00,424.00,234.00,140.00,170.00,113.00,55.00,APPROVED
PA: PITTSBURGH,01/24/2015 23:59:00,,2283.00,1483.00,428.00,235.00,142.00,172.00,112.00,56.00,APPROVED
PA: PITTSBURGH,01/25/2015 00:59:00,,2338.00,1534.00,441.00,249.00,145.00,174.00,118.00,56.00,APPROVED
PA: PITTSBURGH,01/25/2015 02:00:00,,2339.00,1548.00,451.00,254.00,145.00,182.00,115.00,55.00,APPROVED
PA: PITTSBURGH,01/25/2015 03:00:00,,2347.00,1535.00,442.00,250.00,146.00,175.00,114.00,56.00,APPROVED
PA: PITTSBURGH,01/25/2015 04:00:00,,2355.00,1544.00,443.00,257.00,149.00,179.00,118.00,55.00,APPROVED
PA: PITTSBURGH,01/25/2015 05:00:00,,2329.00,1531.00,445.00,253.00,144.00,178.00,115.00,58.00,APPROVED
PA: PITTSBURGH,01/25/2015 06:00:00,,2310.00,1525.00,439.00,253.00,147.00,179.00,120.00,56.00,APPROVED
PA: PITTSBURGH,01/25/2015 07:01:00,,2308.00,1528.00,452.00,257.00,149.00,181.00,116.00,56.00,APPROVED
PA: PITTSBURGH,01/25/2015 08:01:00,,2311.00,1545.00,441.00,259.00,149.00,181.00,120.00,58.00,APPROVED
PA: PITTSBURGH,01/25/2015 09:01:00,,2321.00,1538.00,443.00,257.00,149.00,179.00,119.00,57.00,APPROVED
PA: PITTSBURGH,01/25/2015 10:01:00,,2313.00,1550.00,447.00,260.00,150.00,183.00,118.00,59.00,APPROVED
PA: PITTSBURGH,01/25/2015 11:01:00,,2301.00,1542.00,448.00,262.00,148.00,185.00,120.00,57.00,APPROVED
PA: PITTSBURGH,01/25/2015 12:02:00,,2319.00,1537.00,453.00,259.00,149.00,181.00,118.00,57.00,APPROVED
PA: PITTSBURGH,01/25/2015 13:02:00,,2369.00,1572.00,458.00,266.00,148.00,191.00,120.00,60.00,APPROVED
PA: PITTSBURGH,01/25/2015 14:02:00,,2318.00,1557.00,455.00,258.00,150.00,179.00,121.00,58.00,APPROVED
PA: PITTSBURGH,01/25/2015 15:02:00,,2302.00,1540.00,446.00,254.00,150.00,181.00,117.00,59.00,APPROVED
PA: PITTSBURGH,01/25/2015 16:02:00,,2323.00,1533.00,448.00,256.00,148.00,181.00,118.00,58.00,APPROVED
PA: PITTSBURGH,01/25/2015 17:03:00,,2345.00,1586.00,452.00,268.00,151.00,183.00,120.00,58.00,APPROVED
PA: PITTSBURGH,01/25/2015 18:03:00,,2349.00,1595.00,468.00,276.00,157.00,190.00,122.00,60.00,APPROVED
PA: PITTSBURGH,01/25/2015 19:03:00,,2336.00,1580.00,458.00,271.00,152.00,190.00,123.00,60.00,APPROVED
PA: PITTSBURGH,01/25/2015 20:03:00,,2337.00,1584.00,457.00,276.00,152.00,192.00,123.00,63.00,APPROVED
PA: PITTSBURGH,01/25/2015 21:03:00,,2451.00,1671.00,486.00,295.00,163.00,201.00,128.00,62.00,APPROVED
PA: PITTSBURGH,01/25/2015 22:04:00,,2391.00,1627.00,473.00,279.00,160.00,192.00,126.00,60.00,APPROVED
PA: PITTSBURGH,01/25/2015 23:04:00,,2351.00,1568.00,458.00,257.00,151.00,182.00,120.00,58.00,APPROVED
PA: PITTSBURGH,01/26/2015 00:04:00,,2323.00,1520.00,444.00,253.00,146.00,179.00,117.00,56.00,APPROVED
PA: PITTSBURGH,01/26/2015 01:04:00,,2324.00,1524.00,446.00,247.00,145.00,176.00,115.00,55.00,APPROVED
PA: PITTSBURGH,01/26/2015 02:04:00,,2349.00,1543.00,450.00,253.00,147.00,177.00,117.00,56.00,APPROVED
PA: PITTSBURGH,01/26/2015 03:05:00,,2391.00,1583.00,457.00,259.00,148.00,182.00,119.00,59.00,APPROVED
PA: PITTSBURGH,01/26/2015 04:05:00,,2424.00,1601.00,465.00,266.00,150.00,185.00,120.00,58.00,APPROVED
PA: PITTSBURGH,01/26/2015 05:05:00,,2512.00,1669.00,478.00,279.00,158.00,191.00,123.00,60.00,APPROVED
PA: PITTSBURGH,01/26/2015 06:05:00,,2509.00,1673.00,481.00,281.00,158.00,192.00,125.00,59.00,APPROVED
PA: PITTSBURGH,01/26/2015 07:05:00,,2415.00,1585.00,455.00,263.00,149.00,181.00,119.00,59.00,APPROVED
PA: PITTSBURGH,01/26/2015 08:06:00,,2376.00,1551.00,451.00,254.00,145.00,178.00,117.00,56.00,APPROVED
PA: PITTSBURGH,01/26/2015 09:06:00,,2295.00,1478.00,420.00,239.00,139.00,170.00,109.00,56.00,APPROVED
PA: PITTSBURGH,01/26/2015 10:06:00,,2306.00,1474.00,420.00,238.00,138.00,165.00,111.00,54.00,APPROVED
PA: PITTSBURGH,01/26/2015 11:06:00,,2286.00,1465.00,424.00,235.00,141.00,169.00,111.00,55.00,APPROVED
PA: PITTSBURGH,01/26/2015 12:06:00,,2271.00,1418.00,417.00,226.00,136.00,162.00,107.00,53.00,APPROVED
PA: PITTSBURGH,01/26/2015 13:07:00,,2288.00,1455.00,418.00,231.00,139.00,164.00,109.00,54.00,APPROVED
PA: PITTSBURGH,01/26/2015 14:07:00,,2320.00,1474.00,423.00,236.00,140.00,169.00,111.00,54.00,APPROVED
PA: PITTSBURGH,01/26/2015 15:07:00,,2336.00,1498.00,430.00,235.00,139.00,169.00,110.00,55.00,APPROVED
PA: PITTSBURGH,01/26/2015 16:42:00,,2372.00,1503.00,425.00,232.00,137.00,164.00,109.00,53.00,APPROVED
PA: PITTSBURGH,01/26/2015 17:43:00,,2390.00,1534.00,440.00,242.00,140.00,172.00,111.00,54.00,APPROVED
PA: PITTSBURGH,01/26/2015 18:43:00,,2356.00,1501.00,429.00,242.00,139.00,170.00,110.00,54.00,APPROVED
PA: PITTSBURGH,01/26/2015 19:43:00,,2277.00,1451.00,419.00,232.00,137.00,164.00,107.00,54.00,APPROVED
PA: PITTSBURGH,01/26/2015 20:43:00,,2254.00,1424.00,410.00,225.00,137.00,163.00,106.00,54.00,APPROVED
PA: PITTSBURGH,01/26/2015 21:43:00,,2251.00,1426.00,410.00,218.00,132.00,160.00,105.00,51.00,APPROVED
PA: PITTSBURGH,01/26/2015 22:44:00,,2279.00,1437.00,413.00,228.00,136.00,164.00,107.00,53.00,APPROVED
PA: PITTSBURGH,01/26/2015 23:44:00,,2262.00,1423.00,410.00,225.00,132.00,162.00,107.00,53.00,APPROVED
PA: PITTSBURGH,01/27/2015 00:44:00,,2254.00,1417.00,407.00,219.00,132.00,162.00,104.00,52.00,APPROVED
PA: PITTSBURGH,01/27/2015 01:44:00,,2207.00,1363.00,392.00,209.00,128.00,154.00,103.00,50.00,APPROVED
PA: PITTSBURGH,01/27/2015 02:44:00,,2181.00,1328.00,384.00,202.00,125.00,152.00,97.00,51.00,APPROVED
PA: PITTSBURGH,01/27/2015 03:45:00,,2161.00,1305.00,378.00,195.00,121.00,143.00,96.00,49.00,APPROVED
PA: PITTSBURGH,01/27/2015 04:45:00,,2148.00,1291.00,374.00,193.00,122.00,146.00,96.00,48.00,APPROVED
PA: PITTSBURGH,01/27/2015 05:45:00,,2148.00,1277.00,371.00,187.00,120.00,143.00,94.00,50.00,APPROVED
PA: PITTSBURGH,01/27/2015 06:45:00,,2141.00,1291.00,370.00,190.00,122.00,146.00,95.00,49.00,APPROVED
PA: PITTSBURGH,01/27/2015 07:45:00,,2158.00,1288.00,372.00,192.00,126.00,146.00,95.00,49.00,APPROVED
PA: PITTSBURGH,01/27/2015 08:46:00,,2168.00,1283.00,375.00,193.00,122.00,145.00,96.00,51.00,APPROVED
PA: PITTSBURGH,01/27/2015 09:46:00,,2153.00,1282.00,371.00,192.00,122.00,144.00,94.00,49.00,APPROVED
PA: PITTSBURGH,01/27/2015 10:46:00,,2139.00,1280.00,371.00,190.00,121.00,142.00,92.00,49.00,APPROVED
PA: PITTSBURGH,01/27/2015 11:46:00,,2146.00,1273.00,371.00,186.00,120.00,144.00,93.00,49.00,APPROVED
PA: PITTSBURGH,01/27/2015 12:46:00,,2140.00,1286.00,380.00,189.00,121.00,146.00,94.00,49.00,APPROVED
PA: PITTSBURGH,01/27/2015 13:47:00,,2168.00,1296.00,375.00,191.00,123.00,145.00,92.00,49.00,APPROVED
PA: PITTSBURGH,01/27/2015 14:47:00,,2156.00,1301.00,376.00,193.00,120.00,147.00,95.00,49.00,APPROVED
PA: PITTSBURGH,01/27/2015 15:47:00,,2142.00,1277.00,374.00,193.00,123.00,143.00,94.00,49.00,APPROVED
PA: PITTSBURGH,01/27/2015 16:47:00,,2121.00,1271.00,369.00,189.00,120.00,143.00,94.00,51.00,APPROVED
PA: PITTSBURGH,01/27/2015 17:47:00,,2124.00,1261.00,367.00,187.00,119.00,140.00,94.00,49.00,APPROVED
PA: PITTSBURGH,01/27/2015 18:48:00,,2098.00,1262.00,366.00,189.00,118.00,138.00,94.00,48.00,APPROVED
PA: PITTSBURGH,01/27/2015 19:48:00,,2106.00,1246.00,366.00,183.00,118.00,141.00,92.00,50.00,APPROVED
PA: PITTSBURGH,01/27/2015 20:48:00,,2088.00,1253.00,363.00,186.00,117.00,139.00,93.00,47.00,APPROVED
PA: PITTSBURGH,01/27/2015 21:48:00,,2090.00,1238.00,358.00,182.00,117.00,137.00,93.00,48.00,APPROVED
PA: PITTSBURGH,01/27/2015 22:48:00,,2098.00,1234.00,359.00,183.00,118.00,137.00,92.00,49.00,APPROVED
PA: PITTSBURGH,01/27/2015 23:49:00,,2097.00,1238.00,359.00,179.00,117.00,141.00,92.00,47.00,APPROVED
PA: PITTSBURGH,01/28/2015 00:49:00,,2105.00,1234.00,361.00,179.00,117.00,139.00,90.00,49.00,APPROVED
PA: PITTSBURGH,01/28/2015 01:49:00,,2099.00,1228.00,358.00,182.00,114.00,137.00,87.00,49.00,APPROVED
PA: PITTSBURGH,01/28/2015 02:49:00,,2105.00,1229.00,358.00,178.00,115.00,136.00,90.00,46.00,APPROVED
PA: PITTSBURGH,01/28/2015 03:49:00,,2103.00,1229.00,361.00,178.00,116.00,138.00,89.00,49.00,APPROVED
PA: PITTSBURGH,01/28/2015 04:50:00,,2112.00,1238.00,359.00,178.00,114.00,137.00,89.00,49.00,APPROVED
PA: PITTSBURGH,01/28/2015 05:50:00,,2124.00,1240.00,361.00,179.00,116.00,139.00,90.00,49.00,APPROVED
PA: PITTSBURGH,01/28/2015 06:50:00,,2121.00,1235.00,361.00,179.00,115.00,140.00,88.00,49.00,APPROVED
PA: PITTSBURGH,01/28/2015 07:50:00,,2126.00,1242.00,361.00,181.00,119.00,139.00,89.00,49.00,APPROVED
PA: PITTSBURGH,01/28/2015 08:50:00,,2135.00,1250.00,359.00,178.00,120.00,144.00,89.00,49.00,APPROVED
PA: PITTSBURGH,01/28/2015 09:51:00,,2186.00,1265.00,366.00,183.00,117.00,142.00,88.00,50.00,APPROVED
PA: PITTSBURGH,01/28/2015 10:51:00,,2215.00,1280.00,373.00,184.00,121.00,147.00,87.00,48.00,APPROVED
PA: PITTSBURGH,01/28/2015 11:51:00,,2179.00,1260.00,373.00,184.00,118.00,149.00,89.00,49.00,APPROVED
PA: PITTSBURGH,01/28/2015 12:51:00,,2196.00,1257.00,369.00,184.00,118.00,143.00,86.00,49.00,APPROVED
PA: PITTSBURGH,01/28/2015 13:51:00,,2210.00,1247.00,368.00,180.00,120.00,144.00,87.00,46.00,APPROVED
PA: PITTSBURGH,01/28/2015 14:52:00,,2179.00,1260.00,366.00,185.00,115.00,142.00,87.00,48.00,APPROVED
PA: PITTSBURGH,01/28/2015 15:52:00,,2156.00,1246.00,367.00,182.00,118.00,144.00,87.00,49.00,APPROVED
PA: PITTSBURGH,01/28/2015 16:52:00,,2160.00,1276.00,368.00,185.00,120.00,145.00,90.00,50.00,APPROVED
PA: PITTSBURGH,01/28/2015 17:52:00,,2184.00,1300.00,375.00,191.00,121.00,145.00,93.00,49.00,APPROVED
PA: PITTSBURGH,01/28/2015 18:52:00,,2175.00,1304.00,379.00,191.00,123.00,148.00,93.00,52.00,APPROVED
PA: PITTSBURGH,01/28/2015 19:53:00,,2138.00,1278.00,375.00,192.00,125.00,146.00,95.00,49.00,APPROVED
PA: PITTSBURGH,01/28/2015 20:53:00,,2116.00,1276.00,375.00,194.00,122.00,142.00,97.00,48.00,APPROVED
PA: PITTSBURGH,01/28/2015 21:53:00,,2136.00,1288.00,372.00,196.00,120.00,146.00,95.00,49.00,APPROVED
PA: PITTSBURGH,01/28/2015 22:53:00,,2147.00,1286.00,374.00,193.00,119.00,147.00,93.00,50.00,APPROVED
PA: PITTSBURGH,01/28/2015 23:53:00,,2149.00,1286.00,374.00,194.00,119.00,145.00,95.00,49.00,APPROVED
PA: PITTSBURGH,01/29/2015 00:54:00,,2152.00,1300.00,373.00,192.00,124.00,146.00,94.00,49.00,APPROVED
PA: PITTSBURGH,01/29/2015 01:54:00,,2211.00,1330.00,386.00,196.00,125.00,149.00,95.00,50.00,APPROVED
PA: PITTSBURGH,01/29/2015 02:54:00,,2254.00,1375.00,398.00,209.00,127.00,159.00,97.00,50.00,APPROVED
PA: PITTSBURGH,01/29/2015 03:54:00,,2303.00,1427.00,415.00,215.00,132.00,164.00,100.00,53.00,APPROVED
PA: PITTSBURGH,01/29/2015 04:54:00,,2325.00,1450.00,422.00,219.00,136.00,166.00,101.00,52.00,APPROVED
PA: PITTSBURGH,01/29/2015 05:55:00,,2365.00,1482.00,427.00,227.00,137.00,174.00,105.00,52.00,APPROVED
PA: PITTSBURGH,01/29/2015 06:55:00,,2384.00,1520.00,441.00,235.00,138.00,179.00,106.00,52.00,APPROVED
PA: PITTSBURGH,01/29/2015 07:55:00,,2396.00,1528.00,449.00,237.00,139.00,183.00,106.00,54.00,APPROVED
PA: PITTSBURGH,01/29/2015 08:55:00,,2376.00,1502.00,444.00,238.00,137.00,178.00,105.00,53.00,APPROVED
PA: PITTSBURGH,01/29/2015 09:55:00,,2387.00,1521.00,450.00,239.00,139.00,177.00,106.00,54.00,APPROVED
PA: PITTSBURGH,01/29/2015 10:56:00,,2362.00,1507.00,443.00,230.00,141.00,175.00,108.00,54.00,APPROVED
PA: PITTSBURGH,01/29/2015 11:56:00,,2369.00,1498.00,444.00,231.00,140.00,175.00,107.00,52.00,APPROVED
PA: PITTSBURGH,01/29/2015 12:56:00,,2352.00,1497.00,434.00,234.00,137.00,174.00,106.00,52.00,APPROVED
PA: PITTSBURGH,01/29/2015 13:56:00,,2303.00,1460.00,424.00,229.00,137.00,171.00,106.00,52.00,APPROVED
PA: PITTSBURGH,01/29/2015 14:56:00,,2286.00,1456.00,425.00,232.00,137.00,171.00,106.00,53.00,APPROVED
PA: PITTSBURGH,01/29/2015 15:57:00,,2273.00,1447.00,420.00,232.00,136.00,168.00,107.00,54.00,APPROVED
PA: PITTSBURGH,01/29/2015 16:57:00,,2369.00,1567.00,454.00,250.00,148.00,182.00,114.00,56.00,APPROVED
PA: PITTSBURGH,01/29/2015 17:57:00,,2571.00,1749.00,501.00,296.00,159.00,202.00,125.00,61.00,APPROVED
PA: PITTSBURGH,01/29/2015 18:57:00,,2632.00,1805.00,512.00,300.00,166.00,210.00,126.00,62.00,APPROVED
PA: PITTSBURGH,01/29/2015 19:57:00,,2395.00,1579.00,462.00,268.00,146.00,186.00,117.00,57.00,APPROVED
PA: PITTSBURGH,01/29/2015 20:58:00,,2144.00,1361.00,400.00,225.00,131.00,159.00,104.00,54.00,APPROVED
PA: PITTSBURGH,01/29/2015 21:58:00,,2142.00,1363.00,401.00,224.00,131.00,160.00,106.00,53.00,APPROVED
PA: PITTSBURGH,01/29/2015 22:58:00,,2160.00,1380.00,410.00,227.00,135.00,165.00,105.00,54.00,APPROVED
PA: PITTSBURGH,01/29/2015 23:58:00,,2222.00,1455.00,427.00,245.00,140.00,175.00,110.00,58.00,APPROVED
PA: PITTSBURGH,01/30/2015 00:58:00,,2511.00,1720.00,492.00,297.00,158.00,202.00,124.00,63.00,APPROVED
PA: PITTSBURGH,01/30/2015 01:59:00,,2525.00,1741.00,498.00,303.00,163.00,207.00,129.00,62.00,APPROVED
PA: PITTSBURGH,01/30/2015 02:59:00,,2415.00,1629.00,471.00,282.00,152.00,192.00,122.00,60.00,APPROVED
PA: PITTSBURGH,01/30/2015 03:59:00,,2257.00,1471.00,427.00,252.00,142.00,176.00,112.00,55.00,APPROVED
PA: PITTSBURGH,01/30/2015 04:59:00,,2256.00,1471.00,423.00,245.00,141.00,171.00,111.00,57.00,APPROVED
PA: PITTSBURGH,01/30/2015 05:59:00,,2275.00,1504.00,437.00,254.00,142.00,178.00,113.00,57.00,APPROVED
PA: PITTSBURGH,01/30/2015 07:00:00,,2197.00,1406.00,410.00,229.00,136.00,164.00,108.00,54.00,APPROVED
PA: PITTSBURGH,01/30/2015 08:00:00,,2276.00,1486.00,423.00,243.00,138.00,170.00,111.00,54.00,APPROVED
PA: PITTSBURGH,01/30/2015 09:00:00,,2163.00,1384.00,404.00,221.00,131.00,160.00,104.00,52.00,APPROVED
PA: PITTSBURGH,01/30/2015 10:00:00,,2148.00,1357.00,392.00,216.00,130.00,157.00,103.00,52.00,APPROVED
PA: PITTSBURGH,01/30/2015 11:00:00,,2091.00,1317.00,386.00,206.00,124.00,149.00,101.00,51.00,APPROVED
PA: PITTSBURGH,01/30/2015 12:01:00,,2072.00,1278.00,369.00,195.00,121.00,142.00,99.00,49.00,APPROVED
PA: PITTSBURGH,01/30/2015 13:01:00,,2091.00,1273.00,375.00,193.00,120.00,146.00,96.00,51.00,APPROVED
PA: PITTSBURGH,01/30/2015 14:01:00,,2100.00,1276.00,374.00,194.00,120.00,143.00,95.00,49.00,APPROVED
PA: PITTSBURGH,01/30/2015 15:01:00,,2095.00,1269.00,372.00,193.00,120.00,141.00,96.00,49.00,APPROVED
PA: PITTSBURGH,01/30/2015 16:01:00,,2084.00,1246.00,366.00,186.00,118.00,140.00,93.00,48.00,APPROVED
PA: PITTSBURGH,01/30/2015 17:02:00,,2066.00,1230.00,360.00,183.00,117.00,139.00,89.00,48.00,APPROVED
PA: PITTSBURGH,01/30/2015 18:02:00,,2068.00,1217.00,357.00,181.00,116.00,138.00,92.00,49.00,APPROVED
PA: PITTSBURGH,01/30/2015 19:02:00,,2067.00,1214.00,353.00,180.00,117.00,135.00,90.00,48.00,APPROVED
PA: PITTSBURGH,01/30/2015 20:02:00,,2061.00,1213.00,355.00,177.00,117.00,137.00,89.00,48.00,APPROVED
PA: PITTSBURGH,01/30/2015 21:02:00,,2072.00,1203.00,353.00,177.00,116.00,136.00,89.00,49.00,APPROVED
PA: PITTSBURGH,01/30/2015 22:03:00,,2050.00,1198.00,360.00,174.00,111.00,135.00,87.00,49.00,APPROVED
PA: PITTSBURGH,01/30/2015 23:03:00,,2064.00,1197.00,350.00,175.00,114.00,134.00,86.00,47.00,APPROVED
PA: PITTSBURGH,01/31/2015 00:03:00,,2073.00,1189.00,351.00,170.00,112.00,136.00,85.00,46.00,APPROVED
PA: PITTSBURGH,01/31/2015 01:03:00,,2071.00,1186.00,352.00,171.00,112.00,133.00,83.00,46.00,APPROVED
PA: PITTSBURGH,01/31/2015 02:03:00,,2080.00,1184.00,349.00,171.00,111.00,133.00,82.00,48.00,APPROVED
PA: PITTSBURGH,01/31/2015 03:04:00,,2085.00,1180.00,350.00,172.00,114.00,134.00,85.00,47.00,APPROVED
PA: PITTSBURGH,01/31/2015 04:04:00,,2093.00,1177.00,349.00,167.00,113.00,134.00,81.00,47.00,APPROVED
PA: PITTSBURGH,01/31/2015 05:04:00,,2138.00,1179.00,350.00,169.00,113.00,136.00,80.00,46.00,APPROVED
PA: PITTSBURGH,01/31/2015 06:04:00,,2211.00,1188.00,350.00,169.00,113.00,135.00,80.00,48.00,APPROVED
PA: PITTSBURGH,01/31/2015 07:04:00,,2542.00,1196.00,347.00,172.00,112.00,136.00,82.00,46.00,APPROVED
PA: PITTSBURGH,01/31/2015 08:05:00,,3283.00,1204.00,352.00,172.00,112.00,142.00,78.00,46.00,APPROVED
PA: PITTSBURGH,01/31/2015 09:05:00,,4030.00,1205.00,357.00,172.00,115.00,141.00,78.00,48.00,APPROVED
PA: PITTSBURGH,01/31/2015 12:05:00,,3535.00,1217.00,362.00,171.00,115.00,145.00,81.00,46.00,APPROVED
PA: PITTSBURGH,01/31/2015 13:06:00,,3121.00,1206.00,362.00,173.00,114.00,143.00,81.00,49.00,APPROVED
PA: PITTSBURGH,01/31/2015 14:06:00,,2708.00,1209.00,355.00,173.00,113.00,140.00,83.00,48.00,APPROVED
PA: PITTSBURGH,01/31/2015 15:06:00,,2316.00,1214.00,362.00,174.00,115.00,140.00,83.00,48.00,APPROVED
PA: PITTSBURGH,01/31/2015 16:06:00,,2162.00,1247.00,366.00,177.00,115.00,142.00,85.00,48.00,APPROVED
PA: PITTSBURGH,01/31/2015 17:06:00,,2118.00,1243.00,365.00,184.00,117.00,146.00,90.00,47.00,APPROVED
PA: PITTSBURGH,01/31/2015 18:07:00,,2099.00,1247.00,368.00,181.00,118.00,142.00,92.00,48.00,APPROVED
PA: PITTSBURGH,01/31/2015 19:07:00,,2107.00,1263.00,368.00,188.00,118.00,142.00,92.00,49.00,APPROVED
PA: PITTSBURGH,01/31/2015 20:07:00,,2070.00,1254.00,368.00,190.00,118.00,141.00,96.00,49.00,APPROVED
PA: PITTSBURGH,01/31/2015 21:07:00,,2057.00,1237.00,365.00,187.00,121.00,141.00,95.00,50.00,APPROVED
PA: PITTSBURGH,01/31/2015 22:08:00,,2056.00,1246.00,365.00,192.00,121.00,143.00,95.00,48.00,APPROVED
PA: PITTSBURGH,01/31/2015 23:08:00,,2083.00,1231.00,363.00,188.00,119.00,138.00,94.00,51.00,APPROVED
PA: PITTSBURGH,02/01/2015 00:08:00,,2082.00,1249.00,363.00,189.00,118.00,141.00,94.00,49.00,APPROVED
PA: PITTSBURGH,02/01/2015 01:08:00,,2089.00,1254.00,364.00,190.00,120.00,139.00,93.00,49.00,APPROVED
PA: PITTSBURGH,02/01/2015 02:08:00,,2126.00,1274.00,367.00,189.00,122.00,142.00,94.00,48.00,APPROVED
PA: PITTSBURGH,02/01/2015 03:09:00,,2112.00,1285.00,376.00,195.00,122.00,143.00,96.00,50.00,APPROVED
PA: PITTSBURGH,02/01/2015 04:09:00,,2115.00,1284.00,376.00,194.00,123.00,145.00,94.00,50.00,APPROVED
PA: PITTSBURGH,02/01/2015 05:09:00,,2108.00,1295.00,375.00,193.00,122.00,147.00,98.00,50.00,APPROVED
PA: PITTSBURGH,02/01/2015 06:09:00,,2113.00,1296.00,373.00,201.00,120.00,147.00,98.00,50.00,APPROVED
PA: PITTSBURGH,02/01/2015 07:09:00,,2106.00,1292.00,376.00,198.00,122.00,146.00,98.00,50.00,APPROVED
PA: PITTSBURGH,02/01/2015 08:10:00,,2106.00,1292.00,378.00,199.00,122.00,145.00,97.00,50.00,APPROVED
PA: PITTSBURGH,02/01/2015 09:10:00,,2104.00,1294.00,379.00,202.00,123.00,152.00,100.00,50.00,APPROVED
PA: PITTSBURGH,02/01/2015 10:10:00,,2138.00,1328.00,386.00,205.00,124.00,150.00,101.00,51.00,APPROVED
PA: PITTSBURGH,02/01/2015 11:10:00,,2168.00,1351.00,393.00,215.00,129.00,153.00,102.00,51.00,APPROVED
PA: PITTSBURGH,02/01/2015 12:10:00,,2206.00,1368.00,397.00,212.00,129.00,154.00,102.00,52.00,APPROVED
PA: PITTSBURGH,02/01/2015 13:11:00,,2215.00,1379.00,398.00,215.00,131.00,159.00,99.00,50.00,APPROVED
PA: PITTSBURGH,02/01/2015 14:11:00,,2231.00,1409.00,408.00,222.00,130.00,159.00,104.00,52.00,APPROVED
PA: PITTSBURGH,02/01/2015 15:11:00,,2208.00,1395.00,408.00,219.00,129.00,160.00,104.00,52.00,APPROVED
PA: PITTSBURGH,02/01/2015 16:11:00,,2154.00,1371.00,394.00,218.00,129.00,157.00,103.00,53.00,APPROVED
PA: PITTSBURGH,02/01/2015 17:11:00,,2128.00,1348.00,393.00,215.00,130.00,160.00,105.00,51.00,APPROVED
PA: PITTSBURGH,02/01/2015 18:12:00,,2174.00,1393.00,402.00,222.00,130.00,161.00,105.00,52.00,APPROVED
PA: PITTSBURGH,02/01/2015 19:12:00,,2184.00,1406.00,408.00,228.00,135.00,163.00,107.00,53.00,APPROVED
PA: PITTSBURGH,02/01/2015 20:12:00,,2182.00,1395.00,410.00,230.00,134.00,164.00,107.00,54.00,APPROVED
PA: PITTSBURGH,02/01/2015 21:12:00,,2114.00,1354.00,400.00,220.00,130.00,158.00,103.00,52.00,APPROVED
PA: PITTSBURGH,02/01/2015 22:12:00,,2098.00,1320.00,385.00,213.00,124.00,156.00,104.00,53.00,APPROVED
PA: PITTSBURGH,02/01/2015 23:13:00,,2106.00,1328.00,388.00,215.00,128.00,152.00,102.00,52.00,APPROVED
PA: PITTSBURGH,02/02/2015 00:13:00,,2171.00,1402.00,407.00,235.00,131.00,165.00,106.00,52.00,APPROVED
PA: PITTSBURGH,02/02/2015 01:13:00,,2256.00,1489.00,429.00,248.00,140.00,175.00,110.00,55.00,APPROVED
PA: PITTSBURGH,02/02/2015 02:13:00,,2288.00,1519.00,445.00,257.00,143.00,178.00,115.00,57.00,APPROVED
PA: PITTSBURGH,02/02/2015 03:13:00,,2408.00,1626.00,464.00,278.00,149.00,190.00,117.00,58.00,APPROVED
PA: PITTSBURGH,02/02/2015 04:14:00,,2570.00,1783.00,503.00,303.00,160.00,205.00,126.00,61.00,APPROVED
PA: PITTSBURGH,02/02/2015 05:14:00,,2599.00,1791.00,514.00,312.00,160.00,210.00,127.00,63.00,APPROVED
PA: PITTSBURGH,02/02/2015 06:14:00,,2554.00,1761.00,508.00,314.00,160.00,210.00,129.00,63.00,APPROVED
PA: PITTSBURGH,02/02/2015 07:14:00,,2680.00,1912.00,540.00,338.00,171.00,224.00,133.00,64.00,APPROVED
PA: PITTSBURGH,02/02/2015 08:14:00,,2652.00,1887.00,539.00,338.00,172.00,227.00,133.00,65.00,APPROVED
PA: PITTSBURGH,02/02/2015 09:15:00,,2496.00,1754.00,501.00,316.00,160.00,209.00,128.00,63.00,APPROVED
PA: PITTSBURGH,02/02/2015 10:15:00,,2357.00,1620.00,469.00,292.00,157.00,196.00,124.00,62.00,APPROVED
PA: PITTSBURGH,02/02/2015 11:15:00,,2220.00,1509.00,436.00,270.00,146.00,182.00,116.00,58.00,APPROVED
PA: PITTSBURGH,02/02/2015 12:15:00,,2089.00,1350.00,404.00,232.00,133.00,165.00,106.00,54.00,APPROVED
PA: PITTSBURGH,02/02/2015 13:15:00,,2047.00,1315.00,389.00,218.00,130.00,158.00,105.00,54.00,APPROVED
PA: PITTSBURGH,02/02/2015 14:16:00,,2041.00,1275.00,376.00,205.00,125.00,147.00,99.00,52.00,APPROVED
PA: PITTSBURGH,02/02/2015 15:16:00,,2044.00,1253.00,362.00,190.00,118.00,141.00,94.00,52.00,APPROVED
PA: PITTSBURGH,02/02/2015 16:53:00,,2039.00,1199.00,350.00,174.00,113.00,132.00,87.00,49.00,APPROVED
PA: PITTSBURGH,02/02/2015 17:54:00,,2046.00,1188.00,346.00,176.00,116.00,134.00,89.00,49.00,APPROVED
PA: PITTSBURGH,02/02/2015 18:54:00,,2050.00,1205.00,350.00,179.00,113.00,136.00,88.00,48.00,APPROVED
PA: PITTSBURGH,02/02/2015 19:54:00,,2046.00,1193.00,349.00,178.00,113.00,137.00,87.00,48.00,APPROVED
PA: PITTSBURGH,02/02/2015 20:54:00,,2040.00,1188.00,349.00,174.00,115.00,136.00,88.00,49.00,APPROVED
PA: PITTSBURGH,02/02/2015 21:54:00,,2037.00,1193.00,349.00,174.00,111.00,136.00,88.00,48.00,APPROVED
PA: PITTSBURGH,02/02/2015 22:55:00,,2025.00,1182.00,348.00,172.00,113.00,136.00,88.00,47.00,APPROVED
PA: PITTSBURGH,02/02/2015 23:55:00,,2036.00,1186.00,344.00,171.00,111.00,134.00,89.00,48.00,APPROVED
PA: PITTSBURGH,02/03/2015 00:55:00,,2049.00,1181.00,350.00,173.00,113.00,132.00,88.00,48.00,APPROVED
PA: PITTSBURGH,02/03/2015 01:55:00,,2047.00,1191.00,344.00,171.00,115.00,134.00,85.00,48.00,APPROVED
PA: PITTSBURGH,02/03/2015 02:55:00,,2053.00,1176.00,342.00,169.00,112.00,135.00,84.00,45.00,APPROVED
PA: PITTSBURGH,02/03/2015 03:56:00,,2058.00,1184.00,347.00,169.00,111.00,135.00,83.00,47.00,APPROVED
PA: PITTSBURGH,02/03/2015 04:56:00,,2078.00,1179.00,347.00,169.00,110.00,133.00,82.00,47.00,APPROVED
PA: PITTSBURGH,02/03/2015 05:56:00,,2107.00,1174.00,343.00,171.00,113.00,132.00,83.00,47.00,APPROVED
PA: PITTSBURGH,02/03/2015 06:56:00,,2235.00,1197.00,346.00,171.00,113.00,136.00,82.00,46.00,APPROVED
PA: PITTSBURGH,02/03/2015 07:56:00,,2607.00,1194.00,347.00,168.00,113.00,138.00,80.00,46.00,APPROVED
PA: PITTSBURGH,02/03/2015 08:57:00,,2984.00,1189.00,353.00,168.00,111.00,140.00,80.00,47.00,APPROVED
PA: PITTSBURGH,02/03/2015 09:57:00,,3390.00,1195.00,351.00,173.00,114.00,140.00,82.00,48.00,APPROVED
PA: PITTSBURGH,02/03/2015 10:57:00,,3346.00,1202.00,352.00,173.00,115.00,139.00,79.00,48.00,APPROVED
PA: PITTSBURGH,02/03/2015 11:57:00,,3318.00,1193.00,357.00,172.00,112.00,142.00,81.00,48.00,APPROVED
PA: PITTSBURGH,02/03/2015 12:57:00,,2692.00,1204.00,356.00,172.00,112.00,138.00,81.00,47.00,APPROVED
PA: PITTSBURGH,02/03/2015 13:58:00,,2272.00,1198.00,352.00,174.00,112.00,138.00,81.00,46.00,APPROVED
PA: PITTSBURGH,02/03/2015 14:58:00,,2108.00,1203.00,352.00,174.00,113.00,140.00,82.00,49.00,APPROVED
PA: PITTSBURGH,02/03/2015 15:58:00,,2070.00,1196.00,355.00,175.00,113.00,136.00,85.00,48.00,APPROVED
PA: PITTSBURGH,02/03/2015 16:58:00,,2053.00,1208.00,351.00,174.00,116.00,136.00,89.00,48.00,APPROVED
PA: PITTSBURGH,02/03/2015 17:58:00,,2036.00,1202.00,357.00,175.00,116.00,135.00,89.00,48.00,APPROVED
PA: PITTSBURGH,02/03/2015 18:59:00,,2036.00,1205.00,350.00,180.00,115.00,134.00,93.00,49.00,APPROVED
PA: PITTSBURGH,02/03/2015 19:59:00,,2013.00,1200.00,353.00,178.00,116.00,136.00,90.00,49.00,APPROVED
PA: PITTSBURGH,02/03/2015 20:59:00,,2024.00,1196.00,353.00,175.00,115.00,135.00,91.00,47.00,APPROVED
PA: PITTSBURGH,02/03/2015 21:59:00,,2035.00,1199.00,358.00,180.00,115.00,137.00,90.00,49.00,APPROVED
PA: PITTSBURGH,02/03/2015 22:59:00,,2038.00,1212.00,352.00,183.00,115.00,133.00,93.00,50.00,APPROVED
PA: PITTSBURGH,02/04/2015 00:00:00,,2037.00,1219.00,355.00,181.00,116.00,137.00,93.00,47.00,APPROVED
PA: PITTSBURGH,02/04/2015 01:00:00,,2043.00,1222.00,357.00,182.00,118.00,137.00,95.00,47.00,APPROVED
PA: PITTSBURGH,02/04/2015 02:00:00,,2046.00,1231.00,358.00,187.00,117.00,138.00,93.00,48.00,APPROVED
PA: PITTSBURGH,02/04/2015 03:00:00,,2042.00,1232.00,362.00,185.00,114.00,138.00,94.00,48.00,APPROVED
PA: PITTSBURGH,02/04/2015 04:00:00,,2061.00,1239.00,357.00,190.00,117.00,139.00,95.00,48.00,APPROVED
PA: PITTSBURGH,02/04/2015 05:01:00,,2066.00,1256.00,359.00,191.00,120.00,142.00,95.00,50.00,APPROVED
PA: PITTSBURGH,02/04/2015 06:01:00,,2154.00,1347.00,389.00,208.00,127.00,153.00,100.00,51.00,APPROVED
PA: PITTSBURGH,02/04/2015 07:01:00,,2189.00,1372.00,401.00,219.00,134.00,159.00,102.00,51.00,APPROVED
PA: PITTSBURGH,02/04/2015 08:01:00,,2114.00,1302.00,380.00,204.00,126.00,151.00,98.00,52.00,APPROVED
PA: PITTSBURGH,02/04/2015 09:01:00,,2092.00,1279.00,380.00,200.00,124.00,146.00,98.00,50.00,APPROVED
PA: PITTSBURGH,02/04/2015 10:02:00,,2085.00,1286.00,376.00,199.00,124.00,147.00,97.00,50.00,APPROVED
PA: PITTSBURGH,02/04/2015 11:02:00,,2082.00,1288.00,377.00,201.00,124.00,147.00,98.00,50.00,APPROVED
PA: PITTSBURGH,02/04/2015 12:02:00,,2096.00,1298.00,379.00,203.00,122.00,148.00,100.00,50.00,APPROVED
PA: PITTSBURGH,02/04/2015 13:02:00,,2092.00,1300.00,385.00,200.00,123.00,149.00,99.00,51.00,APPROVED
PA: PITTSBURGH,02/04/2015 14:02:00,,2084.00,1306.00,376.00,203.00,122.00,148.00,101.00,49.00,APPROVED
PA: PITTSBURGH,02/04/2015 15:03:00,,2072.00,1298.00,379.00,203.00,127.00,150.00,100.00,53.00,APPROVED
PA: PITTSBURGH,02/04/2015 16:03:00,,2033.00,1279.00,373.00,201.00,124.00,147.00,99.00,52.00,APPROVED
PA: PITTSBURGH,02/04/2015 17:03:00,,2012.00,1263.00,373.00,202.00,122.00,146.00,103.00,52.00,APPROVED
PA: PITTSBURGH,02/04/2015 18:03:00,,1996.00,1258.00,372.00,205.00,122.00,149.00,97.00,51.00,APPROVED
PA: PITTSBURGH,02/04/2015 19:03:00,,1951.00,1242.00,369.00,202.00,125.00,149.00,98.00,51.00,APPROVED
PA: PITTSBURGH,02/04/2015 20:04:00,,1905.00,1206.00,365.00,200.00,124.00,149.00,102.00,51.00,APPROVED
PA: PITTSBURGH,02/04/2015 21:04:00,,1910.00,1212.00,363.00,201.00,122.00,144.00,101.00,53.00,APPROVED
PA: PITTSBURGH,02/04/2015 22:04:00,,1920.00,1224.00,365.00,201.00,123.00,145.00,100.00,51.00,APPROVED
PA: PITTSBURGH,02/04/2015 23:04:00,,1935.00,1228.00,370.00,205.00,125.00,146.00,105.00,52.00,APPROVED
PA: PITTSBURGH,02/05/2015 00:04:00,,1958.00,1238.00,366.00,203.00,122.00,149.00,101.00,51.00,APPROVED
PA: PITTSBURGH,02/05/2015 01:05:00,,1995.00,1268.00,376.00,208.00,128.00,153.00,103.00,53.00,APPROVED
PA: PITTSBURGH,02/05/2015 02:05:00,,2057.00,1318.00,387.00,215.00,130.00,151.00,104.00,52.00,APPROVED
PA: PITTSBURGH,02/05/2015 03:05:00,,2096.00,1339.00,395.00,221.00,131.00,160.00,106.00,53.00,APPROVED
PA: PITTSBURGH,02/05/2015 04:05:00,,2147.00,1390.00,404.00,231.00,133.00,164.00,108.00,54.00,APPROVED
PA: PITTSBURGH,02/05/2015 05:05:00,,2180.00,1394.00,409.00,228.00,133.00,164.00,107.00,53.00,APPROVED
PA: PITTSBURGH,02/05/2015 06:06:00,,2146.00,1331.00,394.00,208.00,126.00,154.00,103.00,51.00,APPROVED
PA: PITTSBURGH,02/05/2015 07:06:00,,2164.00,1331.00,385.00,201.00,128.00,153.00,99.00,50.00,APPROVED
PA: PITTSBURGH,02/05/2015 08:06:00,,2168.00,1328.00,386.00,204.00,123.00,152.00,97.00,50.00,APPROVED
PA: PITTSBURGH,02/05/2015 09:06:00,,2130.00,1289.00,381.00,193.00,121.00,148.00,94.00,51.00,APPROVED
PA: PITTSBURGH,02/05/2015 10:06:00,,2115.00,1271.00,370.00,190.00,122.00,144.00,92.00,49.00,APPROVED
PA: PITTSBURGH,02/05/2015 11:07:00,,2104.00,1251.00,368.00,189.00,119.00,146.00,89.00,49.00,APPROVED
PA: PITTSBURGH,02/05/2015 12:07:00,,2107.00,1233.00,360.00,186.00,116.00,142.00,87.00,50.00,APPROVED
PA: PITTSBURGH,02/05/2015 13:07:00,,2122.00,1241.00,363.00,180.00,117.00,138.00,88.00,49.00,APPROVED
PA: PITTSBURGH,02/05/2015 14:07:00,,2159.00,1238.00,369.00,184.00,118.00,144.00,85.00,49.00,APPROVED
PA: PITTSBURGH,02/05/2015 15:07:00,,2193.00,1234.00,362.00,179.00,115.00,143.00,84.00,49.00,APPROVED
PA: PITTSBURGH,02/05/2015 16:08:00,,2177.00,1229.00,364.00,178.00,115.00,143.00,86.00,48.00,APPROVED
PA: PITTSBURGH,02/05/2015 17:08:00,,2143.00,1225.00,359.00,178.00,116.00,143.00,85.00,46.00,APPROVED
PA: PITTSBURGH,02/05/2015 18:08:00,,2121.00,1220.00,358.00,177.00,115.00,142.00,86.00,47.00,APPROVED
PA: PITTSBURGH,02/05/2015 19:08:00,,2087.00,1216.00,353.00,175.00,115.00,137.00,85.00,49.00,APPROVED
PA: PITTSBURGH,02/05/2015 20:08:00,,2074.00,1217.00,354.00,177.00,114.00,138.00,87.00,48.00,APPROVED
PA: PITTSBURGH,02/05/2015 21:09:00,,2073.00,1202.00,351.00,175.00,116.00,136.00,87.00,48.00,APPROVED
PA: PITTSBURGH,02/05/2015 22:09:00,,2067.00,1203.00,356.00,175.00,114.00,134.00,86.00,49.00,APPROVED
PA: PITTSBURGH,02/05/2015 23:09:00,,2084.00,1192.00,348.00,174.00,114.00,136.00,85.00,48.00,APPROVED
PA: PITTSBURGH,02/06/2015 00:09:00,,2119.00,1202.00,347.00,174.00,113.00,136.00,85.00,49.00,APPROVED
PA: PITTSBURGH,02/06/2015 01:09:00,,2217.00,1202.00,354.00,170.00,112.00,138.00,84.00,49.00,APPROVED
PA: PITTSBURGH,02/06/2015 02:10:00,,2322.00,1202.00,357.00,173.00,114.00,141.00,85.00,48.00,APPROVED
PA: PITTSBURGH,02/06/2015 03:10:00,,2508.00,1202.00,358.00,172.00,115.00,145.00,82.00,47.00,APPROVED
PA: PITTSBURGH,02/06/2015 04:10:00,,3087.00,1215.00,358.00,175.00,113.00,140.00,84.00,48.00,APPROVED
PA: PITTSBURGH,02/06/2015 05:10:00,,3735.00,1218.00,354.00,174.00,116.00,144.00,79.00,49.00,APPROVED
PA: PITTSBURGH,02/06/2015 12:12:00,,3010.00,1277.00,377.00,185.00,119.00,149.00,86.00,49.00,APPROVED
PA: PITTSBURGH,02/06/2015 13:12:00,,2293.00,1273.00,377.00,185.00,118.00,149.00,84.00,48.00,APPROVED
PA: PITTSBURGH,02/06/2015 14:12:00,,2157.00,1253.00,373.00,187.00,117.00,145.00,87.00,48.00,APPROVED
PA: PITTSBURGH,02/06/2015 15:12:00,,2143.00,1258.00,366.00,182.00,118.00,143.00,88.00,48.00,APPROVED
PA: PITTSBURGH,02/06/2015 16:12:00,,2107.00,1260.00,366.00,186.00,119.00,146.00,90.00,49.00,APPROVED
PA: PITTSBURGH,02/06/2015 17:13:00,,2124.00,1263.00,368.00,187.00,121.00,143.00,93.00,50.00,APPROVED
PA: PITTSBURGH,02/06/2015 18:13:00,,2088.00,1266.00,372.00,189.00,119.00,143.00,95.00,50.00,APPROVED
PA: PITTSBURGH,02/06/2015 19:13:00,,2093.00,1282.00,375.00,194.00,121.00,147.00,97.00,50.00,APPROVED
PA: PITTSBURGH,02/06/2015 20:13:00,,2074.00,1270.00,376.00,197.00,120.00,145.00,97.00,49.00,APPROVED
PA: PITTSBURGH,02/06/2015 21:13:00,,2095.00,1274.00,374.00,195.00,124.00,144.00,97.00,49.00,APPROVED
PA: PITTSBURGH,02/06/2015 22:14:00,,2102.00,1289.00,377.00,197.00,121.00,148.00,98.00,51.00,APPROVED
PA: PITTSBURGH,02/06/2015 23:14:00,,2108.00,1295.00,377.00,200.00,121.00,145.00,96.00,49.00,APPROVED
PA: PITTSBURGH,02/07/2015 00:14:00,,2107.00,1302.00,376.00,198.00,120.00,146.00,96.00,50.00,APPROVED
PA: PITTSBURGH,02/07/2015 01:14:00,,2132.00,1305.00,378.00,195.00,123.00,149.00,97.00,49.00,APPROVED
PA: PITTSBURGH,02/07/2015 02:14:00,,2133.00,1317.00,381.00,200.00,124.00,151.00,98.00,49.00,APPROVED
PA: PITTSBURGH,02/07/2015 03:15:00,,2152.00,1326.00,384.00,203.00,125.00,149.00,98.00,50.00,APPROVED
PA: PITTSBURGH,02/07/2015 04:15:00,,2154.00,1331.00,385.00,203.00,127.00,153.00,99.00,51.00,APPROVED
PA: PITTSBURGH,02/07/2015 05:15:00,,2138.00,1330.00,384.00,205.00,124.00,152.00,102.00,51.00,APPROVED
PA: PITTSBURGH,02/07/2015 06:15:00,,2144.00,1329.00,386.00,206.00,126.00,151.00,101.00,50.00,APPROVED
PA: PITTSBURGH,02/07/2015 07:15:00,,2162.00,1333.00,390.00,210.00,125.00,151.00,99.00,50.00,APPROVED
PA: PITTSBURGH,02/07/2015 08:16:00,,2148.00,1346.00,389.00,207.00,125.00,156.00,100.00,50.00,APPROVED
PA: PITTSBURGH,02/07/2015 09:16:00,,2168.00,1353.00,396.00,210.00,128.00,155.00,100.00,50.00,APPROVED
PA: PITTSBURGH,02/07/2015 10:16:00,,2175.00,1362.00,398.00,213.00,130.00,157.00,103.00,51.00,APPROVED
PA: PITTSBURGH,02/07/2015 11:16:00,,2179.00,1352.00,398.00,209.00,130.00,155.00,101.00,50.00,APPROVED
PA: PITTSBURGH,02/07/2015 12:16:00,,2158.00,1353.00,391.00,209.00,128.00,152.00,101.00,51.00,APPROVED
PA: PITTSBURGH,02/07/2015 13:17:00,,2160.00,1346.00,392.00,213.00,128.00,157.00,103.00,52.00,APPROVED
PA: PITTSBURGH,02/07/2015 14:17:00,,2138.00,1347.00,397.00,214.00,129.00,155.00,104.00,53.00,APPROVED
PA: PITTSBURGH,02/07/2015 15:17:00,,2129.00,1365.00,397.00,223.00,131.00,159.00,106.00,52.00,APPROVED
PA: PITTSBURGH,02/07/2015 16:17:00,,2125.00,1365.00,397.00,223.00,132.00,161.00,106.00,54.00,APPROVED
PA: PITTSBURGH,02/07/2015 17:17:00,,2071.00,1335.00,398.00,222.00,131.00,161.00,106.00,53.00,APPROVED
PA: PITTSBURGH,02/07/2015 18:18:00,,2028.00,1305.00,392.00,219.00,129.00,157.00,107.00,54.00,APPROVED
PA: PITTSBURGH,02/07/2015 19:18:00,,1959.00,1276.00,384.00,212.00,128.00,157.00,104.00,53.00,APPROVED
PA: PITTSBURGH,02/07/2015 20:18:00,,1911.00,1233.00,380.00,217.00,126.00,159.00,107.00,54.00,APPROVED
PA: PITTSBURGH,02/07/2015 21:18:00,,1925.00,1244.00,384.00,216.00,130.00,155.00,104.00,54.00,APPROVED
PA: PITTSBURGH,02/07/2015 22:18:00,,1919.00,1249.00,382.00,211.00,131.00,156.00,106.00,53.00,APPROVED
PA: PITTSBURGH,02/07/2015 23:19:00,,1929.00,1257.00,378.00,213.00,129.00,154.00,106.00,54.00,APPROVED
PA: PITTSBURGH,02/08/2015 00:19:00,,1991.00,1295.00,384.00,219.00,131.00,158.00,109.00,54.00,APPROVED
PA: PITTSBURGH,02/08/2015 01:19:00,,2081.00,1370.00,400.00,229.00,133.00,164.00,107.00,55.00,APPROVED
PA: PITTSBURGH,02/08/2015 02:19:00,,2157.00,1437.00,415.00,240.00,136.00,174.00,112.00,56.00,APPROVED
PA: PITTSBURGH,02/08/2015 03:19:00,,2214.00,1461.00,428.00,255.00,140.00,175.00,114.00,57.00,APPROVED
PA: PITTSBURGH,02/08/2015 04:20:00,,2240.00,1505.00,437.00,255.00,145.00,178.00,116.00,57.00,APPROVED
PA: PITTSBURGH,02/08/2015 05:20:00,,2287.00,1549.00,446.00,267.00,147.00,187.00,118.00,57.00,APPROVED
PA: PITTSBURGH,02/08/2015 06:20:00,,2317.00,1586.00,454.00,272.00,153.00,194.00,120.00,59.00,APPROVED
PA: PITTSBURGH,02/08/2015 07:20:00,,2353.00,1636.00,474.00,284.00,155.00,196.00,125.00,59.00,APPROVED
PA: PITTSBURGH,02/08/2015 08:20:00,,2375.00,1660.00,483.00,291.00,157.00,204.00,128.00,60.00,APPROVED
PA: PITTSBURGH,02/08/2015 09:21:00,,2380.00,1684.00,493.00,297.00,163.00,209.00,130.00,64.00,APPROVED
PA: PITTSBURGH,02/08/2015 10:21:00,,2376.00,1702.00,492.00,307.00,164.00,213.00,130.00,60.00,APPROVED
PA: PITTSBURGH,02/08/2015 11:21:00,,2346.00,1683.00,495.00,306.00,164.00,208.00,129.00,62.00,APPROVED
PA: PITTSBURGH,02/08/2015 12:21:00,,2248.00,1563.00,462.00,283.00,154.00,196.00,124.00,61.00,APPROVED
PA: PITTSBURGH,02/08/2015 13:21:00,,2070.00,1353.00,409.00,239.00,136.00,168.00,108.00,56.00,APPROVED
PA: PITTSBURGH,02/08/2015 14:22:00,,1990.00,1283.00,389.00,220.00,129.00,157.00,108.00,56.00,APPROVED
PA: PITTSBURGH,02/08/2015 15:22:00,,1941.00,1254.00,385.00,211.00,130.00,154.00,103.00,55.00,APPROVED
PA: PITTSBURGH,02/08/2015 16:22:00,,1914.00,1238.00,379.00,214.00,126.00,154.00,103.00,54.00,APPROVED
PA: PITTSBURGH,02/08/2015 17:22:00,,1899.00,1240.00,376.00,212.00,130.00,152.00,107.00,55.00,APPROVED
PA: PITTSBURGH,02/08/2015 18:22:00,,1897.00,1245.00,383.00,215.00,126.00,156.00,104.00,54.00,APPROVED
PA: PITTSBURGH,02/08/2015 19:23:00,,1898.00,1243.00,387.00,214.00,133.00,160.00,110.00,55.00,APPROVED
PA: PITTSBURGH,02/08/2015 20:23:00,,1887.00,1248.00,385.00,217.00,131.00,163.00,107.00,54.00,APPROVED
PA: PITTSBURGH,02/08/2015 21:23:00,,1879.00,1242.00,394.00,213.00,133.00,161.00,108.00,57.00,APPROVED
PA: PITTSBURGH,02/08/2015 22:23:00,,1909.00,1263.00,389.00,223.00,137.00,159.00,109.00,55.00,APPROVED
PA: PITTSBURGH,02/08/2015 23:23:00,,2029.00,1374.00,418.00,241.00,144.00,173.00,116.00,57.00,APPROVED
PA: PITTSBURGH,02/09/2015 00:24:00,,2125.00,1445.00,438.00,254.00,148.00,177.00,119.00,61.00,APPROVED
PA: PITTSBURGH,02/09/2015 01:24:00,,2283.00,1591.00,470.00,284.00,158.00,198.00,126.00,62.00,APPROVED
PA: PITTSBURGH,02/09/2015 02:24:00,,2473.00,1770.00,517.00,326.00,174.00,221.00,136.00,67.00,APPROVED
PA: PITTSBURGH,02/09/2015 03:24:00,,2481.00,1778.00,516.00,326.00,169.00,221.00,137.00,67.00,APPROVED
PA: PITTSBURGH,02/09/2015 04:24:00,,2385.00,1706.00,500.00,313.00,164.00,214.00,132.00,63.00,APPROVED
PA: PITTSBURGH,02/09/2015 05:25:00,,2360.00,1686.00,491.00,310.00,166.00,209.00,134.00,64.00,APPROVED
PA: PITTSBURGH,02/09/2015 06:25:00,,2387.00,1729.00,500.00,316.00,170.00,218.00,138.00,65.00,APPROVED
PA: PITTSBURGH,02/09/2015 07:25:00,,2468.00,1821.00,531.00,341.00,179.00,231.00,139.00,67.00,APPROVED
PA: PITTSBURGH,02/09/2015 08:25:00,,2633.00,1991.00,571.00,384.00,193.00,258.00,153.00,73.00,APPROVED
PA: PITTSBURGH,02/09/2015 09:25:00,,2566.00,1955.00,570.00,379.00,191.00,254.00,151.00,73.00,APPROVED
PA: PITTSBURGH,02/09/2015 10:26:00,,2463.00,1835.00,546.00,361.00,185.00,242.00,145.00,71.00,APPROVED
PA: PITTSBURGH,02/09/2015 11:26:00,,2384.00,1735.00,517.00,332.00,174.00,227.00,141.00,66.00,APPROVED
PA: PITTSBURGH,02/09/2015 12:26:00,,2249.00,1565.00,469.00,289.00,156.00,197.00,128.00,63.00,APPROVED
PA: PITTSBURGH,02/09/2015 13:26:00,,2196.00,1465.00,434.00,245.00,145.00,172.00,117.00,56.00,APPROVED
PA: PITTSBURGH,02/09/2015 14:26:00,,2201.00,1424.00,420.00,230.00,141.00,166.00,111.00,56.00,APPROVED
PA: PITTSBURGH,02/09/2015 15:27:00,,2224.00,1418.00,416.00,223.00,139.00,163.00,109.00,54.00,APPROVED
PA: PITTSBURGH,02/09/2015 17:03:00,,2202.00,1353.00,388.00,200.00,128.00,147.00,100.00,50.00,APPROVED
PA: PITTSBURGH,02/09/2015 18:03:00,,2219.00,1373.00,394.00,206.00,132.00,153.00,104.00,51.00,APPROVED
PA: PITTSBURGH,02/09/2015 19:03:00,,2225.00,1374.00,397.00,207.00,134.00,160.00,104.00,51.00,APPROVED
PA: PITTSBURGH,02/09/2015 20:03:00,,2216.00,1379.00,402.00,213.00,135.00,156.00,105.00,53.00,APPROVED
PA: PITTSBURGH,02/09/2015 21:04:00,,2207.00,1375.00,403.00,207.00,133.00,155.00,105.00,50.00,APPROVED
PA: PITTSBURGH,02/09/2015 22:04:00,,2199.00,1374.00,399.00,212.00,132.00,155.00,104.00,50.00,APPROVED
PA: PITTSBURGH,02/09/2015 23:04:00,,2225.00,1389.00,404.00,211.00,135.00,157.00,103.00,53.00,APPROVED
PA: PITTSBURGH,02/10/2015 00:04:00,,2221.00,1381.00,402.00,214.00,133.00,152.00,104.00,51.00,APPROVED
PA: PITTSBURGH,02/10/2015 01:04:00,,2219.00,1370.00,404.00,207.00,131.00,154.00,104.00,52.00,APPROVED
PA: PITTSBURGH,02/10/2015 02:05:00,,2218.00,1377.00,399.00,207.00,130.00,150.00,104.00,52.00,APPROVED
PA: PITTSBURGH,02/10/2015 03:05:00,,2226.00,1368.00,400.00,206.00,131.00,152.00,102.00,50.00,APPROVED
PA: PITTSBURGH,02/10/2015 04:05:00,,2229.00,1385.00,399.00,207.00,130.00,154.00,101.00,53.00,APPROVED
PA: PITTSBURGH,02/10/2015 05:05:00,,2235.00,1365.00,398.00,206.00,128.00,156.00,103.00,52.00,APPROVED
PA: PITTSBURGH,02/10/2015 06:05:00,,2240.00,1374.00,399.00,205.00,131.00,152.00,101.00,50.00,APPROVED
PA: PITTSBURGH,02/10/2015 07:06:00,,2246.00,1371.00,397.00,204.00,132.00,155.00,103.00,51.00,APPROVED
PA: PITTSBURGH,02/10/2015 08:06:00,,2245.00,1368.00,397.00,203.00,132.00,155.00,99.00,51.00,APPROVED
PA: PITTSBURGH,02/10/2015 09:06:00,,2237.00,1367.00,403.00,204.00,131.00,155.00,100.00,51.00,APPROVED
PA: PITTSBURGH,02/10/2015 10:06:00,,2240.00,1372.00,399.00,204.00,131.00,155.00,99.00,49.00,APPROVED
PA: PITTSBURGH,02/10/2015 11:06:00,,2245.00,1379.00,406.00,203.00,131.00,157.00,100.00,50.00,APPROVED
PA: PITTSBURGH,02/10/2015 12:07:00,,2255.00,1380.00,404.00,203.00,132.00,157.00,101.00,50.00,APPROVED
PA: PITTSBURGH,02/10/2015 13:07:00,,2237.00,1383.00,404.00,208.00,132.00,157.00,97.00,51.00,APPROVED
PA: PITTSBURGH,02/10/2015 14:07:00,,2230.00,1386.00,407.00,208.00,131.00,155.00,101.00,51.00,APPROVED
PA: PITTSBURGH,02/10/2015 15:07:00,,2234.00,1373.00,397.00,207.00,127.00,154.00,99.00,51.00,APPROVED
PA: PITTSBURGH,02/10/2015 16:07:00,,2221.00,1382.00,404.00,209.00,132.00,157.00,100.00,53.00,APPROVED
PA: PITTSBURGH,02/10/2015 17:08:00,,2218.00,1381.00,407.00,205.00,132.00,155.00,104.00,50.00,APPROVED
PA: PITTSBURGH,02/10/2015 18:08:00,,2211.00,1378.00,400.00,208.00,134.00,156.00,103.00,52.00,APPROVED
PA: PITTSBURGH,02/10/2015 19:08:00,,2167.00,1363.00,401.00,215.00,134.00,153.00,105.00,52.00,APPROVED
PA: PITTSBURGH,02/10/2015 20:08:00,,2135.00,1345.00,400.00,213.00,134.00,155.00,106.00,53.00,APPROVED
PA: PITTSBURGH,02/10/2015 21:08:00,,2120.00,1344.00,391.00,214.00,134.00,156.00,109.00,53.00,APPROVED
PA: PITTSBURGH,02/10/2015 22:09:00,,2111.00,1341.00,397.00,210.00,133.00,154.00,105.00,52.00,APPROVED
PA: PITTSBURGH,02/10/2015 23:09:00,,2158.00,1366.00,398.00,214.00,133.00,153.00,108.00,52.00,APPROVED
PA: PITTSBURGH,02/11/2015 00:09:00,,2195.00,1381.00,399.00,213.00,131.00,155.00,105.00,53.00,APPROVED
PA: PITTSBURGH,02/11/2015 01:09:00,,2244.00,1395.00,406.00,213.00,133.00,156.00,106.00,51.00,APPROVED
PA: PITTSBURGH,02/11/2015 02:09:00,,2241.00,1394.00,412.00,211.00,137.00,159.00,105.00,53.00,APPROVED
PA: PITTSBURGH,02/11/2015 03:10:00,,2261.00,1426.00,415.00,219.00,136.00,162.00,107.00,53.00,APPROVED
PA: PITTSBURGH,02/11/2015 04:10:00,,2280.00,1434.00,422.00,227.00,137.00,163.00,107.00,52.00,APPROVED
PA: PITTSBURGH,02/11/2015 05:10:00,,2302.00,1450.00,421.00,224.00,140.00,166.00,107.00,54.00,APPROVED
PA: PITTSBURGH,02/11/2015 06:10:00,,2320.00,1475.00,429.00,230.00,139.00,169.00,108.00,55.00,APPROVED
PA: PITTSBURGH,02/11/2015 07:10:00,,2351.00,1502.00,435.00,233.00,142.00,174.00,109.00,54.00,APPROVED
PA: PITTSBURGH,02/11/2015 08:11:00,,2391.00,1575.00,454.00,245.00,146.00,184.00,114.00,56.00,APPROVED
PA: PITTSBURGH,02/11/2015 09:11:00,,2464.00,1626.00,473.00,252.00,154.00,190.00,113.00,54.00,APPROVED
PA: PITTSBURGH,02/11/2015 10:11:00,,2510.00,1663.00,484.00,272.00,156.00,198.00,121.00,56.00,APPROVED
PA: PITTSBURGH,02/11/2015 11:11:00,,2546.00,1710.00,497.00,271.00,158.00,202.00,122.00,56.00,APPROVED
PA: PITTSBURGH,02/11/2015 12:11:00,,2612.00,1759.00,513.00,290.00,167.00,213.00,130.00,58.00,APPROVED
PA: PITTSBURGH,02/11/2015 13:12:00,,2616.00,1787.00,522.00,293.00,162.00,215.00,127.00,59.00,APPROVED
PA: PITTSBURGH,02/11/2015 14:12:00,,2540.00,1751.00,515.00,291.00,164.00,213.00,128.00,57.00,APPROVED
PA: PITTSBURGH,02/11/2015 15:12:00,,2400.00,1611.00,472.00,264.00,153.00,192.00,121.00,56.00,APPROVED
PA: PITTSBURGH,02/11/2015 16:12:00,,2301.00,1504.00,442.00,247.00,144.00,172.00,113.00,55.00,APPROVED
PA: PITTSBURGH,02/11/2015 17:12:00,,2267.00,1467.00,430.00,233.00,142.00,169.00,110.00,54.00,APPROVED
PA: PITTSBURGH,02/11/2015 18:13:00,,2245.00,1453.00,427.00,229.00,139.00,167.00,114.00,55.00,APPROVED
PA: PITTSBURGH,02/11/2015 19:13:00,,2191.00,1422.00,422.00,233.00,140.00,165.00,113.00,55.00,APPROVED
PA: PITTSBURGH,02/11/2015 20:13:00,,2157.00,1399.00,415.00,232.00,139.00,165.00,111.00,55.00,APPROVED
PA: PITTSBURGH,02/11/2015 21:13:00,,2166.00,1404.00,414.00,226.00,138.00,165.00,113.00,55.00,APPROVED
PA: PITTSBURGH,02/11/2015 22:13:00,,2168.00,1409.00,412.00,226.00,137.00,169.00,110.00,53.00,APPROVED
PA: PITTSBURGH,02/11/2015 23:14:00,,2198.00,1421.00,417.00,230.00,139.00,164.00,114.00,55.00,APPROVED
PA: PITTSBURGH,02/12/2015 00:14:00,,2206.00,1437.00,421.00,232.00,142.00,166.00,114.00,54.00,APPROVED
PA: PITTSBURGH,02/12/2015 01:14:00,,2202.00,1433.00,418.00,231.00,140.00,168.00,112.00,56.00,APPROVED
PA: PITTSBURGH,02/12/2015 02:14:00,,2202.00,1426.00,420.00,227.00,140.00,168.00,110.00,56.00,APPROVED
PA: PITTSBURGH,02/12/2015 03:14:00,,2249.00,1462.00,429.00,243.00,142.00,168.00,112.00,56.00,APPROVED
PA: PITTSBURGH,02/12/2015 04:15:00,,2322.00,1546.00,454.00,259.00,152.00,180.00,119.00,57.00,APPROVED
PA: PITTSBURGH,02/12/2015 05:15:00,,2400.00,1609.00,472.00,268.00,153.00,189.00,123.00,60.00,APPROVED
PA: PITTSBURGH,02/12/2015 06:15:00,,2472.00,1687.00,487.00,283.00,162.00,197.00,124.00,59.00,APPROVED
PA: PITTSBURGH,02/12/2015 07:15:00,,2680.00,1897.00,541.00,332.00,178.00,221.00,138.00,64.00,APPROVED
PA: PITTSBURGH,02/12/2015 08:15:00,,2565.00,1781.00,520.00,311.00,164.00,211.00,133.00,62.00,APPROVED
PA: PITTSBURGH,02/12/2015 09:16:00,,2390.00,1595.00,470.00,267.00,152.00,189.00,121.00,57.00,APPROVED
PA: PITTSBURGH,02/12/2015 10:16:00,,2394.00,1588.00,469.00,267.00,155.00,188.00,120.00,57.00,APPROVED
PA: PITTSBURGH,02/12/2015 11:16:00,,2273.00,1472.00,430.00,236.00,142.00,170.00,113.00,55.00,APPROVED
PA: PITTSBURGH,02/12/2015 12:16:00,,2243.00,1427.00,422.00,228.00,140.00,162.00,110.00,52.00,APPROVED
PA: PITTSBURGH,02/12/2015 13:06:00,,2233.00,1413.00,413.00,217.00,136.00,162.00,108.00,53.00,APPROVED
PA: PITTSBURGH,02/12/2015 14:13:00,,2250.00,1394.00,399.00,213.00,133.00,155.00,103.00,51.00,APPROVED
PA: PITTSBURGH,02/12/2015 15:14:00,,2255.00,1418.00,412.00,218.00,134.00,160.00,108.00,51.00,APPROVED
PA: PITTSBURGH,02/12/2015 16:14:00,,2256.00,1391.00,404.00,215.00,135.00,158.00,101.00,53.00,APPROVED
PA: PITTSBURGH,02/12/2015 17:14:00,,2250.00,1392.00,403.00,211.00,131.00,155.00,100.00,50.00,APPROVED
PA: PITTSBURGH,02/12/2015 18:14:00,,2231.00,1362.00,399.00,206.00,132.00,154.00,99.00,51.00,APPROVED
PA: PITTSBURGH,02/12/2015 19:14:00,,2211.00,1355.00,397.00,202.00,128.00,153.00,99.00,51.00,APPROVED
PA: PITTSBURGH,02/12/2015 20:15:00,,2216.00,1351.00,392.00,201.00,128.00,152.00,98.00,50.00,APPROVED
PA: PITTSBURGH,02/12/2015 21:15:00,,2216.00,1336.00,391.00,199.00,127.00,152.00,98.00,50.00,APPROVED
PA: PITTSBURGH,02/12/2015 22:15:00,,2224.00,1334.00,391.00,194.00,125.00,153.00,95.00,51.00,APPROVED
PA: PITTSBURGH,02/12/2015 23:15:00,,2264.00,1318.00,388.00,193.00,128.00,152.00,90.00,49.00,APPROVED
PA: PITTSBURGH,02/13/2015 00:15:00,,2421.00,1314.00,385.00,189.00,124.00,148.00,89.00,50.00,APPROVED
PA: PITTSBURGH,02/13/2015 01:16:00,,3149.00,1292.00,381.00,187.00,123.00,149.00,87.00,47.00,APPROVED
PA: PITTSBURGH,02/13/2015 17:19:00,,2731.00,1310.00,385.00,188.00,126.00,152.00,85.00,49.00,APPROVED
PA: PITTSBURGH,02/13/2015 18:19:00,,2247.00,1308.00,390.00,190.00,125.00,153.00,89.00,49.00,APPROVED
PA: PITTSBURGH,02/13/2015 19:19:00,,2207.00,1325.00,388.00,191.00,126.00,152.00,92.00,51.00,APPROVED
PA: PITTSBURGH,02/13/2015 20:19:00,,2187.00,1323.00,388.00,194.00,128.00,149.00,97.00,51.00,APPROVED
PA: PITTSBURGH,02/13/2015 21:20:00,,2194.00,1324.00,387.00,198.00,127.00,148.00,96.00,51.00,APPROVED
PA: PITTSBURGH,02/13/2015 22:20:00,,2208.00,1327.00,387.00,195.00,127.00,148.00,95.00,49.00,APPROVED
PA: PITTSBURGH,02/13/2015 23:20:00,,2213.00,1335.00,387.00,196.00,124.00,150.00,96.00,52.00,APPROVED
PA: PITTSBURGH,02/14/2015 00:20:00,,2229.00,1339.00,391.00,194.00,127.00,148.00,95.00,51.00,APPROVED
PA: PITTSBURGH,02/14/2015 01:20:00,,2231.00,1335.00,392.00,196.00,128.00,149.00,94.00,49.00,APPROVED
PA: PITTSBURGH,02/14/2015 02:21:00,,2217.00,1332.00,390.00,195.00,126.00,152.00,96.00,51.00,APPROVED
PA: PITTSBURGH,02/14/2015 03:21:00,,2224.00,1330.00,386.00,197.00,127.00,149.00,96.00,51.00,APPROVED
PA: PITTSBURGH,02/14/2015 04:21:00,,2238.00,1343.00,394.00,196.00,129.00,149.00,97.00,50.00,APPROVED
PA: PITTSBURGH,02/14/2015 05:21:00,,2241.00,1359.00,397.00,197.00,128.00,154.00,97.00,51.00,APPROVED
PA: PITTSBURGH,02/14/2015 06:21:00,,2263.00,1376.00,404.00,208.00,130.00,156.00,96.00,53.00,APPROVED
PA: PITTSBURGH,02/14/2015 07:22:00,,2277.00,1390.00,406.00,207.00,132.00,155.00,100.00,52.00,APPROVED
PA: PITTSBURGH,02/14/2015 08:22:00,,2250.00,1383.00,404.00,207.00,130.00,153.00,98.00,52.00,APPROVED
PA: PITTSBURGH,02/14/2015 09:22:00,,2242.00,1387.00,403.00,205.00,134.00,154.00,98.00,51.00,APPROVED
PA: PITTSBURGH,02/14/2015 10:22:00,,2257.00,1382.00,401.00,208.00,131.00,156.00,103.00,51.00,APPROVED
PA: PITTSBURGH,02/14/2015 11:22:00,,2263.00,1410.00,409.00,211.00,133.00,158.00,102.00,52.00,APPROVED
PA: PITTSBURGH,02/14/2015 12:23:00,,2288.00,1422.00,409.00,213.00,133.00,160.00,104.00,53.00,APPROVED
PA: PITTSBURGH,02/14/2015 13:23:00,,2316.00,1447.00,419.00,220.00,137.00,164.00,107.00,53.00,APPROVED
PA: PITTSBURGH,02/14/2015 14:23:00,,2331.00,1453.00,424.00,220.00,137.00,166.00,104.00,52.00,APPROVED
PA: PITTSBURGH,02/14/2015 15:23:00,,2337.00,1457.00,426.00,226.00,139.00,167.00,110.00,54.00,APPROVED
PA: PITTSBURGH,02/14/2015 16:24:00,,2323.00,1458.00,426.00,224.00,137.00,166.00,106.00,51.00,APPROVED
PA: PITTSBURGH,02/14/2015 17:24:00,,2324.00,1452.00,422.00,226.00,136.00,166.00,107.00,54.00,APPROVED
PA: PITTSBURGH,02/14/2015 18:24:00,,2319.00,1470.00,428.00,227.00,142.00,166.00,110.00,53.00,APPROVED
PA: PITTSBURGH,02/14/2015 19:24:00,,2326.00,1483.00,433.00,232.00,141.00,169.00,112.00,54.00,APPROVED
PA: PITTSBURGH,02/14/2015 20:24:00,,2808.00,1968.00,548.00,321.00,170.00,219.00,135.00,62.00,APPROVED
PA: PITTSBURGH,02/14/2015 21:25:00,,2571.00,1687.00,487.00,269.00,157.00,195.00,118.00,57.00,APPROVED
PA: PITTSBURGH,02/14/2015 22:25:00,,2363.00,1470.00,431.00,222.00,138.00,169.00,104.00,52.00,APPROVED
PA: PITTSBURGH,02/14/2015 23:25:00,,2569.00,1361.00,403.00,199.00,130.00,156.00,95.00,51.00,APPROVED
PA: PITTSBURGH,02/15/2015 00:25:00,,3376.00,1325.00,389.00,191.00,125.00,153.00,89.00,50.00,APPROVED
PA: PITTSBURGH,02/16/2015 20:34:00,,3574.00,1318.00,391.00,192.00,123.00,151.00,85.00,50.00,APPROVED
PA: PITTSBURGH,02/16/2015 21:34:00,,2985.00,1321.00,385.00,191.00,124.00,153.00,87.00,50.00,APPROVED
PA: PITTSBURGH,02/16/2015 22:34:00,,2777.00,1335.00,393.00,189.00,127.00,153.00,88.00,49.00,APPROVED
PA: PITTSBURGH,02/16/2015 23:35:00,,2610.00,1350.00,398.00,194.00,129.00,157.00,90.00,50.00,APPROVED
PA: PITTSBURGH,02/17/2015 00:35:00,,3289.00,1374.00,400.00,198.00,128.00,160.00,90.00,48.00,APPROVED
PA: PITTSBURGH,02/17/2015 01:35:00,,3586.00,1365.00,404.00,198.00,128.00,160.00,91.00,51.00,APPROVED
PA: PITTSBURGH,02/17/2015 02:35:00,,3591.00,1399.00,412.00,199.00,132.00,163.00,90.00,50.00,APPROVED
PA: PITTSBURGH,02/17/2015 03:35:00,,4093.00,1403.00,412.00,205.00,132.00,165.00,93.00,51.00,APPROVED
PA: PITTSBURGH,02/17/2015 04:36:00,,3879.00,1402.00,413.00,200.00,131.00,160.00,90.00,50.00,APPROVED
PA: PITTSBURGH,02/17/2015 05:36:00,,3335.00,1398.00,414.00,201.00,130.00,162.00,91.00,50.00,APPROVED
PA: PITTSBURGH,02/17/2015 06:36:00,,2991.00,1383.00,405.00,200.00,130.00,158.00,93.00,50.00,APPROVED
PA: PITTSBURGH,02/17/2015 07:36:00,,2996.00,1381.00,405.00,204.00,127.00,162.00,94.00,50.00,APPROVED
PA: PITTSBURGH,02/17/2015 08:36:00,,3704.00,1368.00,404.00,203.00,130.00,160.00,90.00,50.00,APPROVED
PA: PITTSBURGH,02/17/2015 16:26:00,,3622.00,1371.00,405.00,196.00,129.00,160.00,89.00,51.00,APPROVED
PA: PITTSBURGH,02/17/2015 17:33:00,,2290.00,1314.00,384.00,188.00,125.00,148.00,91.00,49.00,APPROVED
PA: PITTSBURGH,02/17/2015 18:34:00,,2229.00,1331.00,389.00,193.00,126.00,151.00,92.00,51.00,APPROVED
PA: PITTSBURGH,02/17/2015 19:34:00,,2202.00,1333.00,389.00,195.00,126.00,153.00,97.00,51.00,APPROVED
PA: PITTSBURGH,02/17/2015 20:34:00,,2160.00,1313.00,385.00,196.00,126.00,149.00,97.00,50.00,APPROVED
PA: PITTSBURGH,02/17/2015 21:34:00,,2182.00,1319.00,386.00,194.00,126.00,148.00,98.00,49.00,APPROVED
PA: PITTSBURGH,02/17/2015 22:34:00,,2183.00,1317.00,386.00,196.00,126.00,152.00,98.00,49.00,APPROVED
PA: PITTSBURGH,02/17/2015 23:35:00,,2199.00,1320.00,389.00,194.00,124.00,148.00,95.00,49.00,APPROVED
PA: PITTSBURGH,02/18/2015 00:35:00,,2195.00,1325.00,391.00,195.00,127.00,150.00,94.00,50.00,APPROVED
PA: PITTSBURGH,02/18/2015 01:35:00,,2214.00,1328.00,388.00,197.00,129.00,148.00,94.00,49.00,APPROVED
PA: PITTSBURGH,02/18/2015 02:35:00,,2233.00,1355.00,391.00,198.00,130.00,153.00,96.00,52.00,APPROVED
PA: PITTSBURGH,02/18/2015 03:35:00,,2240.00,1357.00,399.00,200.00,129.00,154.00,98.00,50.00,APPROVED
PA: PITTSBURGH,02/18/2015 04:36:00,,2250.00,1368.00,399.00,202.00,130.00,156.00,99.00,50.00,APPROVED
PA: PITTSBURGH,02/18/2015 05:36:00,,2252.00,1369.00,400.00,204.00,130.00,158.00,98.00,51.00,APPROVED
PA: PITTSBURGH,02/18/2015 06:36:00,,2255.00,1374.00,403.00,206.00,131.00,159.00,99.00,54.00,APPROVED
PA: PITTSBURGH,02/18/2015 07:36:00,,2259.00,1382.00,405.00,206.00,129.00,158.00,99.00,52.00,APPROVED
PA: PITTSBURGH,02/18/2015 08:36:00,,2277.00,1392.00,407.00,206.00,130.00,160.00,98.00,52.00,APPROVED
PA: PITTSBURGH,02/18/2015 09:37:00,,2288.00,1403.00,410.00,208.00,134.00,162.00,97.00,52.00,APPROVED
PA: PITTSBURGH,02/18/2015 10:37:00,,2279.00,1397.00,411.00,208.00,132.00,164.00,98.00,51.00,APPROVED
PA: PITTSBURGH,02/18/2015 11:37:00,,2300.00,1422.00,420.00,211.00,134.00,167.00,100.00,51.00,APPROVED
PA: PITTSBURGH,02/18/2015 12:37:00,,2303.00,1425.00,418.00,214.00,134.00,165.00,102.00,54.00,APPROVED
PA: PITTSBURGH,02/18/2015 13:38:00,,2307.00,1410.00,410.00,209.00,131.00,166.00,97.00,50.00,APPROVED
PA: PITTSBURGH,02/18/2015 14:38:00,,2287.00,1396.00,411.00,211.00,134.00,164.00,99.00,51.00,APPROVED
PA: PITTSBURGH,02/18/2015 15:38:00,,2273.00,1399.00,412.00,210.00,135.00,162.00,99.00,52.00,APPROVED
PA: PITTSBURGH,02/18/2015 16:38:00,,2271.00,1419.00,416.00,213.00,135.00,163.00,101.00,51.00,APPROVED
PA: PITTSBURGH,02/18/2015 17:38:00,,2286.00,1425.00,416.00,218.00,138.00,163.00,105.00,51.00,APPROVED
PA: PITTSBURGH,02/18/2015 18:39:00,,2285.00,1428.00,414.00,221.00,136.00,164.00,103.00,52.00,APPROVED
PA: PITTSBURGH,02/18/2015 19:39:00,,2345.00,1486.00,433.00,226.00,139.00,168.00,105.00,52.00,APPROVED
PA: PITTSBURGH,02/18/2015 20:39:00,,2281.00,1412.00,415.00,213.00,132.00,166.00,102.00,51.00,APPROVED
PA: PITTSBURGH,02/18/2015 21:39:00,,2238.00,1374.00,410.00,208.00,131.00,157.00,95.00,53.00,APPROVED
PA: PITTSBURGH,02/18/2015 22:39:00,,2223.00,1338.00,401.00,200.00,129.00,156.00,94.00,51.00,APPROVED
PA: PITTSBURGH,02/18/2015 23:40:00,,2247.00,1325.00,394.00,193.00,125.00,151.00,93.00,50.00,APPROVED
PA: PITTSBURGH,02/19/2015 00:40:00,,2493.00,1286.00,385.00,186.00,124.00,149.00,90.00,49.00,APPROVED
PA: PITTSBURGH,02/19/2015 01:40:00,,3325.00,1286.00,382.00,189.00,124.00,150.00,88.00,50.00,APPROVED
PA: PITTSBURGH,02/20/2015 19:48:00,,2914.00,1283.00,387.00,186.00,123.00,150.00,86.00,50.00,APPROVED
PA: PITTSBURGH,02/20/2015 20:49:00,,2263.00,1299.00,382.00,192.00,122.00,150.00,89.00,47.00,APPROVED
PA: PITTSBURGH,02/20/2015 21:49:00,,2265.00,1306.00,380.00,188.00,124.00,150.00,90.00,48.00,APPROVED
PA: PITTSBURGH,02/20/2015 22:49:00,,2382.00,1306.00,381.00,186.00,124.00,151.00,87.00,49.00,APPROVED
PA: PITTSBURGH,02/20/2015 23:49:00,,2855.00,1310.00,386.00,188.00,122.00,154.00,88.00,50.00,APPROVED
PA: PITTSBURGH,02/21/2015 00:49:00,,3593.00,1317.00,387.00,189.00,124.00,151.00,87.00,48.00,APPROVED
PA: PITTSBURGH,02/21/2015 05:50:00,,3064.00,1336.00,394.00,195.00,125.00,155.00,88.00,50.00,APPROVED
PA: PITTSBURGH,02/21/2015 06:51:00,,2622.00,1348.00,396.00,195.00,126.00,158.00,90.00,50.00,APPROVED
PA: PITTSBURGH,02/21/2015 07:51:00,,3274.00,1380.00,406.00,201.00,128.00,160.00,94.00,50.00,APPROVED
PA: PITTSBURGH,02/21/2015 08:51:00,,3304.00,1414.00,420.00,205.00,129.00,165.00,93.00,51.00,APPROVED
PA: PITTSBURGH,02/21/2015 09:51:00,,3193.00,1443.00,425.00,212.00,131.00,170.00,97.00,51.00,APPROVED
PA: PITTSBURGH,02/21/2015 10:51:00,,2626.00,1468.00,438.00,219.00,134.00,176.00,99.00,52.00,APPROVED
PA: PITTSBURGH,02/21/2015 11:52:00,,2494.00,1546.00,461.00,234.00,142.00,187.00,105.00,52.00,APPROVED
PA: PITTSBURGH,02/21/2015 12:52:00,,2558.00,1625.00,480.00,250.00,148.00,192.00,109.00,56.00,APPROVED
PA: PITTSBURGH,02/21/2015 13:52:00,,2533.00,1625.00,481.00,248.00,146.00,192.00,109.00,55.00,APPROVED
PA: PITTSBURGH,02/21/2015 14:52:00,,2577.00,1693.00,489.00,262.00,154.00,194.00,114.00,55.00,APPROVED
PA: PITTSBURGH,02/21/2015 15:52:00,,2665.00,1775.00,513.00,280.00,158.00,209.00,122.00,55.00,APPROVED
PA: PITTSBURGH,02/21/2015 16:53:00,,2497.00,1643.00,479.00,265.00,153.00,191.00,116.00,56.00,APPROVED
PA: PITTSBURGH,02/21/2015 17:53:00,,2400.00,1571.00,459.00,252.00,150.00,187.00,114.00,54.00,APPROVED
PA: PITTSBURGH,02/21/2015 18:53:00,,2375.00,1542.00,452.00,250.00,145.00,180.00,114.00,54.00,APPROVED
PA: PITTSBURGH,02/21/2015 19:53:00,,2369.00,1568.00,457.00,262.00,145.00,181.00,116.00,58.00,APPROVED
PA: PITTSBURGH,02/21/2015 20:53:00,,2374.00,1582.00,459.00,265.00,149.00,189.00,119.00,58.00,APPROVED
PA: PITTSBURGH,02/21/2015 21:54:00,,2342.00,1553.00,452.00,260.00,144.00,183.00,116.00,58.00,APPROVED
PA: PITTSBURGH,02/21/2015 22:54:00,,2305.00,1514.00,443.00,254.00,144.00,177.00,115.00,56.00,APPROVED
PA: PITTSBURGH,02/21/2015 23:54:00,,2338.00,1549.00,449.00,258.00,147.00,182.00,115.00,57.00,APPROVED
PA: PITTSBURGH,02/22/2015 00:54:00,,2285.00,1494.00,438.00,250.00,142.00,177.00,115.00,56.00,APPROVED
PA: PITTSBURGH,02/22/2015 01:54:00,,2149.00,1382.00,401.00,226.00,134.00,162.00,105.00,53.00,APPROVED
PA: PITTSBURGH,02/22/2015 02:55:00,,2120.00,1350.00,395.00,217.00,130.00,160.00,103.00,52.00,APPROVED
PA: PITTSBURGH,02/22/2015 03:55:00,,2095.00,1316.00,387.00,214.00,126.00,157.00,100.00,50.00,APPROVED
PA: PITTSBURGH,02/22/2015 04:55:00,,2087.00,1318.00,384.00,215.00,128.00,152.00,104.00,52.00,APPROVED
PA: PITTSBURGH,02/22/2015 05:55:00,,2096.00,1331.00,389.00,218.00,128.00,157.00,102.00,51.00,APPROVED
PA: PITTSBURGH,02/22/2015 06:55:00,,2129.00,1354.00,396.00,222.00,131.00,159.00,108.00,54.00,APPROVED
PA: PITTSBURGH,02/22/2015 07:56:00,,2222.00,1468.00,428.00,247.00,138.00,175.00,114.00,55.00,APPROVED
PA: PITTSBURGH,02/22/2015 08:56:00,,2217.00,1461.00,433.00,252.00,143.00,177.00,112.00,57.00,APPROVED
PA: PITTSBURGH,02/22/2015 09:56:00,,2182.00,1416.00,415.00,236.00,139.00,168.00,111.00,55.00,APPROVED
PA: PITTSBURGH,02/22/2015 10:56:00,,2157.00,1391.00,407.00,230.00,134.00,162.00,108.00,52.00,APPROVED
PA: PITTSBURGH,02/22/2015 11:56:00,,2173.00,1396.00,403.00,230.00,134.00,161.00,108.00,51.00,APPROVED
PA: PITTSBURGH,02/22/2015 12:57:00,,2180.00,1406.00,407.00,230.00,135.00,164.00,108.00,52.00,APPROVED
PA: PITTSBURGH,02/22/2015 13:57:00,,2177.00,1400.00,404.00,227.00,133.00,160.00,105.00,52.00,APPROVED
PA: PITTSBURGH,02/22/2015 14:57:00,,2157.00,1371.00,403.00,223.00,131.00,162.00,106.00,51.00,APPROVED
PA: PITTSBURGH,02/22/2015 15:57:00,,2163.00,1371.00,403.00,221.00,131.00,162.00,106.00,52.00,APPROVED
PA: PITTSBURGH,02/22/2015 16:57:00,,2162.00,1378.00,406.00,226.00,129.00,163.00,104.00,53.00,APPROVED
PA: PITTSBURGH,02/22/2015 17:58:00,,2125.00,1349.00,399.00,220.00,131.00,161.00,104.00,53.00,APPROVED
PA: PITTSBURGH,02/22/2015 18:58:00,,2083.00,1319.00,385.00,212.00,127.00,155.00,102.00,52.00,APPROVED
PA: PITTSBURGH,02/22/2015 19:58:00,,2065.00,1308.00,380.00,210.00,127.00,154.00,101.00,52.00,APPROVED
PA: PITTSBURGH,02/22/2015 20:58:00,,2048.00,1281.00,376.00,202.00,125.00,149.00,99.00,51.00,APPROVED
PA: PITTSBURGH,02/22/2015 21:58:00,,2069.00,1292.00,376.00,202.00,124.00,149.00,98.00,51.00,APPROVED
PA: PITTSBURGH,02/22/2015 22:59:00,,2059.00,1280.00,377.00,205.00,124.00,148.00,97.00,51.00,APPROVED
PA: PITTSBURGH,02/22/2015 23:59:00,,2051.00,1275.00,375.00,199.00,123.00,149.00,97.00,51.00,APPROVED
PA: PITTSBURGH,02/23/2015 00:59:00,,2070.00,1284.00,374.00,199.00,122.00,148.00,101.00,50.00,APPROVED
PA: PITTSBURGH,02/23/2015 01:59:00,,2066.00,1281.00,377.00,197.00,123.00,149.00,97.00,51.00,APPROVED
PA: PITTSBURGH,02/23/2015 03:00:00,,2089.00,1293.00,377.00,203.00,125.00,150.00,97.00,52.00,APPROVED
PA: PITTSBURGH,02/23/2015 04:00:00,,2114.00,1316.00,384.00,205.00,129.00,151.00,101.00,51.00,APPROVED
PA: PITTSBURGH,02/23/2015 05:00:00,,2125.00,1327.00,388.00,209.00,128.00,152.00,99.00,49.00,APPROVED
PA: PITTSBURGH,02/23/2015 06:00:00,,2128.00,1321.00,386.00,204.00,123.00,149.00,97.00,51.00,APPROVED
PA: PITTSBURGH,02/23/2015 07:00:00,,2108.00,1291.00,378.00,192.00,122.00,147.00,95.00,50.00,APPROVED
PA: PITTSBURGH,02/23/2015 08:01:00,,2114.00,1268.00,371.00,191.00,120.00,143.00,92.00,49.00,APPROVED
PA: PITTSBURGH,02/23/2015 09:01:00,,2099.00,1260.00,372.00,188.00,120.00,142.00,91.00,47.00,APPROVED
PA: PITTSBURGH,02/23/2015 10:01:00,,2104.00,1251.00,368.00,181.00,118.00,142.00,88.00,48.00,APPROVED
PA: PITTSBURGH,02/23/2015 11:01:00,,2116.00,1234.00,366.00,179.00,116.00,141.00,86.00,48.00,APPROVED
PA: PITTSBURGH,02/23/2015 12:01:00,,2241.00,1238.00,363.00,181.00,116.00,144.00,88.00,48.00,APPROVED
PA: PITTSBURGH,02/23/2015 18:51:00,,2329.00,1179.00,341.00,168.00,110.00,138.00,81.00,47.00,APPROVED
PA: PITTSBURGH,02/23/2015 19:51:00,,2060.00,1191.00,351.00,170.00,114.00,136.00,83.00,49.00,APPROVED
PA: PITTSBURGH,02/23/2015 20:51:00,,2066.00,1178.00,350.00,172.00,114.00,133.00,87.00,48.00,APPROVED
PA: PITTSBURGH,02/23/2015 21:51:00,,2139.00,1178.00,343.00,172.00,112.00,134.00,85.00,46.00,APPROVED
PA: PITTSBURGH,02/23/2015 22:52:00,,2282.00,1172.00,342.00,168.00,110.00,135.00,83.00,46.00,APPROVED
PA: PITTSBURGH,02/23/2015 23:52:00,,3274.00,1177.00,347.00,166.00,114.00,135.00,78.00,46.00,APPROVED
PA: PITTSBURGH,02/24/2015 00:52:00,,,,,,,,,,APPROVED
PA: PITTSBURGH,02/24/2015 16:55:00,,2162.00,1269.00,376.00,187.00,119.00,146.00,88.00,49.00,APPROVED
PA: PITTSBURGH,02/24/2015 17:55:00,,2123.00,1267.00,374.00,185.00,121.00,144.00,91.00,50.00,APPROVED
PA: PITTSBURGH,02/24/2015 18:56:00,,2126.00,1281.00,374.00,191.00,120.00,144.00,96.00,50.00,APPROVED
PA: PITTSBURGH,02/24/2015 19:56:00,,2095.00,1269.00,371.00,193.00,121.00,145.00,95.00,49.00,APPROVED
PA: PITTSBURGH,02/24/2015 20:56:00,,2060.00,1256.00,362.00,188.00,118.00,142.00,94.00,50.00,APPROVED
PA: PITTSBURGH,02/24/2015 21:56:00,,2066.00,1262.00,364.00,192.00,119.00,140.00,98.00,50.00,APPROVED
PA: PITTSBURGH,02/24/2015 22:56:00,,2084.00,1258.00,370.00,192.00,121.00,142.00,94.00,49.00,APPROVED
PA: PITTSBURGH,02/24/2015 23:57:00,,2078.00,1268.00,363.00,187.00,120.00,142.00,97.00,50.00,APPROVED
PA: PITTSBURGH,02/25/2015 00:57:00,,2094.00,1260.00,368.00,190.00,120.00,143.00,94.00,50.00,APPROVED
PA: PITTSBURGH,02/25/2015 01:57:00,,2102.00,1267.00,369.00,192.00,117.00,145.00,92.00,49.00,APPROVED
PA: PITTSBURGH,02/25/2015 02:57:00,,2107.00,1284.00,365.00,191.00,121.00,144.00,95.00,50.00,APPROVED
PA: PITTSBURGH,02/25/2015 03:57:00,,2106.00,1294.00,370.00,194.00,120.00,146.00,95.00,51.00,APPROVED
PA: PITTSBURGH,02/25/2015 04:58:00,,2107.00,1278.00,374.00,192.00,124.00,145.00,98.00,50.00,APPROVED
PA: PITTSBURGH,02/25/2015 05:58:00,,2128.00,1289.00,377.00,194.00,122.00,148.00,97.00,49.00,APPROVED
PA: PITTSBURGH,02/25/2015 06:58:00,,2122.00,1297.00,379.00,195.00,120.00,144.00,96.00,49.00,APPROVED
PA: PITTSBURGH,02/25/2015 07:58:00,,2138.00,1293.00,375.00,194.00,123.00,148.00,95.00,49.00,APPROVED
PA: PITTSBURGH,02/25/2015 08:59:00,,2138.00,1286.00,376.00,190.00,122.00,145.00,95.00,49.00,APPROVED
PA: PITTSBURGH,02/25/2015 09:59:00,,2136.00,1291.00,374.00,197.00,125.00,146.00,94.00,50.00,APPROVED
PA: PITTSBURGH,02/25/2015 10:59:00,,2137.00,1290.00,373.00,197.00,120.00,149.00,94.00,49.00,APPROVED
PA: PITTSBURGH,02/25/2015 11:59:00,,2138.00,1301.00,377.00,195.00,124.00,148.00,97.00,48.00,APPROVED
PA: PITTSBURGH,02/25/2015 12:59:00,,2135.00,1297.00,379.00,194.00,122.00,145.00,97.00,50.00,APPROVED
PA: PITTSBURGH,02/25/2015 13:59:00,,2148.00,1308.00,377.00,193.00,120.00,146.00,96.00,50.00,APPROVED
PA: PITTSBURGH,02/25/2015 15:00:00,,2137.00,1313.00,383.00,199.00,123.00,150.00,97.00,51.00,APPROVED
PA: PITTSBURGH,02/25/2015 16:00:00,,2138.00,1316.00,386.00,200.00,126.00,148.00,98.00,50.00,APPROVED
PA: PITTSBURGH,02/25/2015 17:00:00,,2129.00,1321.00,377.00,204.00,126.00,147.00,97.00,52.00,APPROVED
PA: PITTSBURGH,02/25/2015 18:00:00,,2101.00,1302.00,377.00,201.00,124.00,147.00,98.00,51.00,APPROVED
PA: PITTSBURGH,02/25/2015 19:01:00,,2059.00,1288.00,375.00,203.00,122.00,150.00,97.00,53.00,APPROVED
PA: PITTSBURGH,02/25/2015 20:01:00,,2025.00,1263.00,370.00,201.00,124.00,143.00,99.00,51.00,APPROVED
PA: PITTSBURGH,02/25/2015 21:01:00,,2018.00,1255.00,370.00,198.00,122.00,144.00,100.00,51.00,APPROVED
PA: PITTSBURGH,02/25/2015 22:01:00,,2021.00,1253.00,376.00,198.00,124.00,144.00,99.00,50.00,APPROVED
PA: PITTSBURGH,02/25/2015 23:01:00,,2057.00,1265.00,366.00,198.00,123.00,143.00,99.00,51.00,APPROVED
PA: PITTSBURGH,02/26/2015 00:02:00,,2078.00,1282.00,366.00,197.00,123.00,143.00,95.00,50.00,APPROVED
PA: PITTSBURGH,02/26/2015 01:02:00,,2063.00,1267.00,365.00,192.00,122.00,140.00,97.00,50.00,APPROVED
PA: PITTSBURGH,02/26/2015 02:02:00,,2076.00,1259.00,364.00,191.00,118.00,141.00,94.00,49.00,APPROVED
PA: PITTSBURGH,02/26/2015 03:02:00,,2085.00,1274.00,363.00,188.00,120.00,143.00,97.00,47.00,APPROVED
PA: PITTSBURGH,02/26/2015 04:02:00,,2098.00,1254.00,365.00,189.00,120.00,139.00,95.00,48.00,APPROVED
PA: PITTSBURGH,02/26/2015 05:03:00,,2114.00,1264.00,364.00,188.00,120.00,144.00,93.00,49.00,APPROVED
PA: PITTSBURGH,02/26/2015 06:03:00,,2110.00,1273.00,370.00,189.00,119.00,145.00,92.00,50.00,APPROVED
PA: PITTSBURGH,02/26/2015 07:03:00,,2108.00,1264.00,367.00,190.00,122.00,143.00,93.00,49.00,APPROVED
PA: PITTSBURGH,02/26/2015 08:03:00,,2123.00,1276.00,366.00,184.00,119.00,139.00,93.00,48.00,APPROVED
PA: PITTSBURGH,02/26/2015 09:03:00,,2125.00,1273.00,371.00,188.00,121.00,145.00,93.00,50.00,APPROVED
PA: PITTSBURGH,02/26/2015 10:04:00,,2152.00,1291.00,375.00,190.00,122.00,144.00,91.00,50.00,APPROVED
PA: PITTSBURGH,02/26/2015 11:04:00,,2160.00,1304.00,376.00,194.00,122.00,146.00,94.00,50.00,APPROVED
PA: PITTSBURGH,02/26/2015 12:04:00,,2185.00,1307.00,384.00,195.00,123.00,148.00,94.00,49.00,APPROVED
PA: PITTSBURGH,02/26/2015 13:04:00,,2197.00,1306.00,385.00,193.00,124.00,151.00,94.00,49.00,APPROVED
PA: PITTSBURGH,02/26/2015 14:04:00,,2188.00,1338.00,386.00,197.00,124.00,151.00,93.00,51.00,APPROVED
PA: PITTSBURGH,02/26/2015 15:05:00,,2184.00,1326.00,389.00,199.00,124.00,151.00,97.00,50.00,APPROVED
PA: PITTSBURGH,02/26/2015 16:05:00,,2181.00,1349.00,395.00,205.00,129.00,153.00,98.00,51.00,APPROVED
PA: PITTSBURGH,02/26/2015 17:05:00,,2194.00,1367.00,394.00,209.00,130.00,155.00,99.00,51.00,APPROVED
PA: PITTSBURGH,02/26/2015 18:05:00,,2192.00,1369.00,396.00,214.00,132.00,157.00,101.00,52.00,APPROVED
PA: PITTSBURGH,02/26/2015 19:05:00,,2201.00,1372.00,392.00,212.00,131.00,153.00,102.00,52.00,APPROVED
PA: PITTSBURGH,02/26/2015 20:06:00,,2205.00,1363.00,398.00,210.00,128.00,153.00,100.00,52.00,APPROVED
PA: PITTSBURGH,02/26/2015 21:06:00,,2180.00,1328.00,383.00,201.00,125.00,149.00,96.00,50.00,APPROVED
PA: PITTSBURGH,02/26/2015 22:06:00,,2147.00,1288.00,379.00,193.00,123.00,147.00,95.00,50.00,APPROVED
PA: PITTSBURGH,02/26/2015 23:06:00,,2108.00,1257.00,368.00,186.00,120.00,136.00,93.00,48.00,APPROVED
PA: PITTSBURGH,02/27/2015 00:06:00,,2102.00,1247.00,366.00,184.00,116.00,140.00,92.00,46.00,APPROVED
PA: PITTSBURGH,02/27/2015 01:07:00,,2093.00,1233.00,361.00,180.00,116.00,137.00,91.00,48.00,APPROVED
PA: PITTSBURGH,02/27/2015 02:07:00,,2117.00,1218.00,357.00,180.00,115.00,138.00,87.00,47.00,APPROVED
PA: PITTSBURGH,02/27/2015 03:07:00,,2130.00,1221.00,359.00,179.00,114.00,138.00,86.00,49.00,APPROVED
PA: PITTSBURGH,02/27/2015 04:07:00,,2184.00,1213.00,356.00,173.00,115.00,140.00,83.00,47.00,APPROVED
PA: PITTSBURGH,02/27/2015 05:07:00,,2277.00,1217.00,360.00,172.00,115.00,141.00,86.00,49.00,APPROVED
PA: PITTSBURGH,02/27/2015 06:08:00,,2415.00,1217.00,355.00,174.00,114.00,140.00,84.00,48.00,APPROVED
PA: PITTSBURGH,02/27/2015 07:08:00,,2661.00,1222.00,359.00,178.00,115.00,142.00,84.00,48.00,APPROVED
PA: PITTSBURGH,02/27/2015 08:08:00,,3199.00,1227.00,361.00,172.00,115.00,142.00,82.00,48.00,APPROVED
PA: PITTSBURGH,02/27/2015 17:10:00,,2496.00,1227.00,362.00,175.00,116.00,141.00,82.00,47.00,APPROVED
PA: PITTSBURGH,02/27/2015 18:10:00,,2139.00,1232.00,362.00,176.00,118.00,140.00,86.00,47.00,APPROVED
PA: PITTSBURGH,02/27/2015 19:10:00,,2102.00,1231.00,361.00,182.00,117.00,141.00,88.00,47.00,APPROVED
PA: PITTSBURGH,02/27/2015 20:10:00,,2098.00,1233.00,363.00,181.00,117.00,138.00,89.00,48.00,APPROVED
PA: PITTSBURGH,02/27/2015 21:11:00,,2076.00,1225.00,357.00,182.00,117.00,139.00,90.00,48.00,APPROVED
PA: PITTSBURGH,02/27/2015 22:11:00,,2074.00,1222.00,354.00,181.00,116.00,139.00,90.00,48.00,APPROVED
PA: PITTSBURGH,02/27/2015 23:11:00,,2092.00,1224.00,359.00,181.00,118.00,135.00,88.00,48.00,APPROVED
PA: PITTSBURGH,02/28/2015 00:11:00,,2096.00,1220.00,354.00,175.00,115.00,136.00,86.00,46.00,APPROVED
PA: PITTSBURGH,02/28/2015 01:11:00,,2156.00,1205.00,356.00,172.00,114.00,135.00,86.00,46.00,APPROVED
PA: PITTSBURGH,02/28/2015 02:12:00,,2302.00,1225.00,362.00,181.00,113.00,141.00,84.00,49.00,APPROVED
PA: PITTSBURGH,02/28/2015 03:12:00,,2590.00,1242.00,364.00,178.00,117.00,145.00,86.00,47.00,APPROVED
PA: PITTSBURGH,02/28/2015 04:12:00,,3248.00,1266.00,373.00,183.00,119.00,149.00,85.00,50.00,APPROVED
PA: PITTSBURGH,02/28/2015 05:12:00,,4030.00,1307.00,385.00,188.00,122.00,156.00,88.00,47.00,APPROVED
PA: PITTSBURGH,02/28/2015 16:14:00,,2452.00,1393.00,418.00,211.00,130.00,167.00,96.00,49.00,APPROVED
PA: PITTSBURGH,02/28/2015 17:15:00,,2177.00,1320.00,386.00,198.00,126.00,151.00,93.00,50.00,APPROVED
PA: PITTSBURGH,02/28/2015 18:15:00,,2131.00,1275.00,373.00,190.00,122.00,146.00,92.00,50.00,APPROVED
PA: PITTSBURGH,02/28/2015 19:15:00,,2092.00,1257.00,368.00,188.00,119.00,139.00,94.00,50.00,APPROVED
PA: PITTSBURGH,02/28/2015 20:15:00,,2065.00,1249.00,364.00,187.00,120.00,141.00,96.00,49.00,APPROVED
PA: PITTSBURGH,02/28/2015 21:15:00,,2064.00,1250.00,362.00,186.00,120.00,139.00,94.00,47.00,APPROVED
PA: PITTSBURGH,02/28/2015 22:16:00,,2075.00,1250.00,367.00,186.00,119.00,135.00,94.00,49.00,APPROVED
PA: PITTSBURGH,02/28/2015 23:16:00,,2075.00,1260.00,367.00,190.00,118.00,140.00,94.00,47.00,APPROVED
PA: PITTSBURGH,03/01/2015 00:16:00,,2092.00,1256.00,369.00,190.00,121.00,142.00,96.00,51.00,APPROVED
PA: PITTSBURGH,03/01/2015 01:16:00,,2113.00,1280.00,368.00,191.00,119.00,144.00,93.00,49.00,APPROVED
PA: PITTSBURGH,03/01/2015 02:16:00,,2133.00,1293.00,379.00,195.00,124.00,147.00,97.00,49.00,APPROVED
PA: PITTSBURGH,03/01/2015 03:17:00,,2177.00,1341.00,387.00,203.00,126.00,151.00,98.00,52.00,APPROVED
PA: PITTSBURGH,03/01/2015 04:17:00,,2225.00,1386.00,397.00,210.00,129.00,156.00,99.00,51.00,APPROVED
PA: PITTSBURGH,03/01/2015 05:17:00,,2247.00,1398.00,407.00,213.00,131.00,162.00,101.00,52.00,APPROVED
PA: PITTSBURGH,03/01/2015 06:17:00,,2283.00,1455.00,419.00,225.00,136.00,167.00,106.00,53.00,APPROVED
PA: PITTSBURGH,03/01/2015 07:17:00,,2322.00,1482.00,432.00,236.00,136.00,174.00,106.00,52.00,APPROVED
PA: PITTSBURGH,03/01/2015 08:18:00,,2330.00,1496.00,438.00,237.00,138.00,172.00,107.00,52.00,APPROVED
PA: PITTSBURGH,03/01/2015 09:18:00,,2418.00,1570.00,453.00,255.00,146.00,184.00,112.00,53.00,APPROVED
PA: PITTSBURGH,03/01/2015 10:18:00,,2420.00,1562.00,454.00,248.00,145.00,180.00,110.00,55.00,APPROVED
PA: PITTSBURGH,03/01/2015 11:18:00,,2399.00,1556.00,444.00,245.00,141.00,180.00,108.00,53.00,APPROVED
PA: PITTSBURGH,03/01/2015 12:18:00,,2394.00,1544.00,447.00,246.00,144.00,174.00,110.00,53.00,APPROVED
PA: PITTSBURGH,03/01/2015 13:19:00,,2358.00,1530.00,445.00,245.00,139.00,177.00,108.00,55.00,APPROVED
PA: PITTSBURGH,03/01/2015 14:19:00,,2277.00,1461.00,430.00,239.00,136.00,168.00,108.00,54.00,APPROVED
PA: PITTSBURGH,03/01/2015 15:19:00,,2226.00,1418.00,409.00,228.00,133.00,166.00,105.00,53.00,APPROVED
PA: PITTSBURGH,03/01/2015 16:19:00,,2220.00,1422.00,414.00,229.00,133.00,164.00,108.00,53.00,APPROVED
PA: PITTSBURGH,03/01/2015 17:19:00,,2227.00,1434.00,410.00,231.00,132.00,163.00,107.00,54.00,APPROVED
PA: PITTSBURGH,03/01/2015 18:20:00,,2215.00,1427.00,408.00,232.00,133.00,164.00,106.00,52.00,APPROVED
PA: PITTSBURGH,03/01/2015 19:20:00,,2197.00,1418.00,404.00,229.00,134.00,162.00,105.00,55.00,APPROVED
PA: PITTSBURGH,03/01/2015 20:20:00,,2189.00,1418.00,409.00,232.00,133.00,161.00,105.00,55.00,APPROVED
PA: PITTSBURGH,03/01/2015 21:20:00,,2186.00,1419.00,406.00,231.00,134.00,164.00,106.00,55.00,APPROVED
PA: PITTSBURGH,03/01/2015 22:20:00,,2269.00,1493.00,429.00,248.00,140.00,173.00,110.00,56.00,APPROVED
PA: PITTSBURGH,03/01/2015 23:21:00,,2272.00,1503.00,427.00,249.00,139.00,175.00,111.00,55.00,APPROVED
PA: PITTSBURGH,03/02/2015 00:21:00,,2226.00,1448.00,413.00,242.00,133.00,170.00,108.00,56.00,APPROVED
PA: PITTSBURGH,03/02/2015 01:21:00,,2222.00,1443.00,422.00,241.00,134.00,168.00,109.00,53.00,APPROVED
PA: PITTSBURGH,03/02/2015 02:21:00,,2251.00,1474.00,423.00,241.00,137.00,172.00,109.00,55.00,APPROVED
PA: PITTSBURGH,03/02/2015 03:21:00,,2224.00,1448.00,422.00,241.00,136.00,169.00,107.00,53.00,APPROVED
PA: PITTSBURGH,03/02/2015 04:22:00,,2205.00,1430.00,411.00,239.00,137.00,166.00,108.00,54.00,APPROVED
PA: PITTSBURGH,03/02/2015 05:22:00,,2198.00,1433.00,416.00,242.00,133.00,169.00,109.00,54.00,APPROVED
PA: PITTSBURGH,03/02/2015 07:22:00,,2199.00,1432.00,411.00,242.00,133.00,166.00,108.00,54.00,APPROVED
PA: PITTSBURGH,03/02/2015 08:22:00,,2061.00,1298.00,375.00,210.00,123.00,153.00,100.00,52.00,APPROVED
PA: PITTSBURGH,03/02/2015 09:23:00,,2008.00,1228.00,360.00,190.00,117.00,140.00,93.00,48.00,APPROVED
PA: PITTSBURGH,03/02/2015 10:23:00,,2021.00,1227.00,354.00,187.00,119.00,141.00,95.00,48.00,APPROVED
PA: PITTSBURGH,03/02/2015 11:23:00,,2028.00,1224.00,356.00,188.00,116.00,138.00,94.00,49.00,APPROVED
PA: PITTSBURGH,03/02/2015 12:23:00,,2041.00,1242.00,362.00,184.00,114.00,140.00,93.00,49.00,APPROVED
PA: PITTSBURGH,03/02/2015 13:23:00,,2048.00,1233.00,362.00,189.00,115.00,144.00,92.00,48.00,APPROVED
PA: PITTSBURGH,03/02/2015 14:24:00,,2016.00,1216.00,354.00,183.00,114.00,137.00,91.00,49.00,APPROVED
PA: PITTSBURGH,03/02/2015 15:24:00,,2016.00,1217.00,353.00,178.00,115.00,137.00,91.00,48.00,APPROVED
PA: PITTSBURGH,03/02/2015 16:41:00,,1993.00,1184.00,339.00,172.00,115.00,131.00,89.00,47.00,APPROVED
PA: PITTSBURGH,03/02/2015 17:41:00,,1992.00,1199.00,349.00,181.00,113.00,137.00,87.00,46.00,APPROVED
PA: PITTSBURGH,03/02/2015 18:41:00,,1981.00,1197.00,353.00,186.00,114.00,135.00,91.00,48.00,APPROVED
PA: PITTSBURGH,03/02/2015 19:42:00,,1965.00,1186.00,353.00,185.00,116.00,137.00,96.00,49.00,APPROVED
PA: PITTSBURGH,03/02/2015 20:42:00,,1971.00,1206.00,353.00,187.00,117.00,138.00,93.00,48.00,APPROVED
PA: PITTSBURGH,03/02/2015 21:42:00,,1976.00,1209.00,353.00,187.00,116.00,137.00,94.00,50.00,APPROVED
PA: PITTSBURGH,03/02/2015 22:42:00,,1990.00,1226.00,351.00,194.00,116.00,141.00,94.00,49.00,APPROVED
PA: PITTSBURGH,03/02/2015 23:42:00,,1997.00,1214.00,356.00,187.00,117.00,140.00,92.00,50.00,APPROVED
PA: PITTSBURGH,03/03/2015 00:43:00,,2024.00,1220.00,350.00,186.00,114.00,140.00,95.00,48.00,APPROVED
PA: PITTSBURGH,03/03/2015 01:43:00,,2041.00,1249.00,364.00,192.00,118.00,140.00,93.00,48.00,APPROVED
PA: PITTSBURGH,03/03/2015 02:43:00,,2095.00,1292.00,368.00,197.00,118.00,146.00,97.00,47.00,APPROVED
PA: PITTSBURGH,03/03/2015 03:43:00,,2117.00,1321.00,382.00,205.00,125.00,150.00,95.00,51.00,APPROVED
PA: PITTSBURGH,03/03/2015 04:43:00,,2177.00,1368.00,396.00,210.00,125.00,162.00,100.00,51.00,APPROVED
PA: PITTSBURGH,03/03/2015 05:44:00,,2224.00,1428.00,416.00,226.00,130.00,167.00,103.00,51.00,APPROVED
PA: PITTSBURGH,03/03/2015 06:44:00,,2261.00,1461.00,431.00,233.00,136.00,173.00,108.00,51.00,APPROVED
PA: PITTSBURGH,03/03/2015 07:44:00,,2289.00,1495.00,433.00,242.00,138.00,183.00,109.00,53.00,APPROVED
PA: PITTSBURGH,03/03/2015 08:44:00,,2261.00,1456.00,432.00,238.00,138.00,182.00,107.00,52.00,APPROVED
PA: PITTSBURGH,03/03/2015 09:44:00,,2260.00,1448.00,419.00,233.00,134.00,175.00,106.00,53.00,APPROVED
PA: PITTSBURGH,03/03/2015 10:45:00,,2212.00,1409.00,421.00,224.00,132.00,169.00,104.00,50.00,APPROVED
PA: PITTSBURGH,03/03/2015 11:45:00,,2165.00,1344.00,392.00,207.00,126.00,160.00,100.00,50.00,APPROVED
PA: PITTSBURGH,03/03/2015 12:45:00,,2150.00,1344.00,391.00,205.00,125.00,157.00,97.00,49.00,APPROVED
PA: PITTSBURGH,03/03/2015 13:45:00,,2149.00,1331.00,386.00,207.00,125.00,155.00,97.00,52.00,APPROVED
PA: PITTSBURGH,03/03/2015 14:45:00,,2110.00,1317.00,379.00,203.00,124.00,153.00,96.00,50.00,APPROVED
PA: PITTSBURGH,03/03/2015 15:46:00,,2118.00,1314.00,383.00,204.00,124.00,153.00,99.00,51.00,APPROVED
PA: PITTSBURGH,03/03/2015 16:46:00,,2086.00,1307.00,381.00,205.00,125.00,152.00,98.00,50.00,APPROVED
PA: PITTSBURGH,03/03/2015 17:46:00,,2058.00,1300.00,370.00,207.00,123.00,147.00,100.00,50.00,APPROVED
PA: PITTSBURGH,03/03/2015 19:46:00,,2079.00,1337.00,383.00,216.00,126.00,153.00,102.00,52.00,APPROVED
PA: PITTSBURGH,03/03/2015 20:47:00,,2265.00,1511.00,428.00,256.00,139.00,173.00,111.00,55.00,APPROVED
PA: PITTSBURGH,03/03/2015 21:47:00,,2306.00,1540.00,439.00,261.00,143.00,177.00,114.00,58.00,APPROVED
PA: PITTSBURGH,03/03/2015 23:47:00,,2385.00,1655.00,465.00,285.00,151.00,198.00,122.00,60.00,APPROVED
PA: PITTSBURGH,03/04/2015 00:47:00,,2259.00,1527.00,438.00,270.00,144.00,183.00,115.00,59.00,APPROVED
PA: PITTSBURGH,03/04/2015 01:48:00,,2325.00,1619.00,465.00,285.00,149.00,193.00,121.00,60.00,APPROVED
PA: PITTSBURGH,03/04/2015 02:48:00,,2273.00,1578.00,456.00,281.00,148.00,195.00,119.00,60.00,APPROVED
PA: PITTSBURGH,03/04/2015 03:48:00,,2283.00,1584.00,460.00,290.00,152.00,192.00,118.00,64.00,APPROVED
PA: PITTSBURGH,03/04/2015 04:48:00,,2442.00,1729.00,495.00,316.00,162.00,209.00,129.00,64.00,APPROVED
PA: PITTSBURGH,03/04/2015 05:48:00,,2358.00,1649.00,476.00,298.00,155.00,200.00,125.00,63.00,APPROVED
PA: PITTSBURGH,03/04/2015 06:49:00,,2399.00,1668.00,474.00,299.00,155.00,203.00,123.00,64.00,APPROVED
PA: PITTSBURGH,03/04/2015 07:49:00,,2368.00,1606.00,464.00,284.00,155.00,190.00,119.00,62.00,APPROVED
PA: PITTSBURGH,03/04/2015 08:49:00,,2430.00,1689.00,481.00,294.00,154.00,201.00,124.00,62.00,APPROVED
PA: PITTSBURGH,03/04/2015 09:49:00,,2489.00,1748.00,500.00,306.00,160.00,205.00,126.00,63.00,APPROVED
PA: PITTSBURGH,03/04/2015 10:49:00,,2605.00,1855.00,518.00,335.00,169.00,217.00,129.00,66.00,APPROVED
PA: PITTSBURGH,03/04/2015 11:50:00,,2522.00,1752.00,501.00,313.00,166.00,212.00,128.00,64.00,APPROVED
PA: PITTSBURGH,03/04/2015 12:50:00,,2655.00,1911.00,538.00,350.00,174.00,228.00,139.00,67.00,APPROVED
PA: PITTSBURGH,03/04/2015 13:50:00,,2515.00,1764.00,509.00,317.00,161.00,210.00,130.00,61.00,APPROVED
PA: PITTSBURGH,03/04/2015 14:50:00,,2282.00,1536.00,447.00,269.00,146.00,184.00,118.00,57.00,APPROVED
PA: PITTSBURGH,03/04/2015 15:50:00,,2143.00,1402.00,406.00,241.00,135.00,166.00,108.00,53.00,APPROVED
PA: PITTSBURGH,03/04/2015 16:51:00,,2087.00,1364.00,401.00,231.00,133.00,161.00,108.00,56.00,APPROVED
PA: PITTSBURGH,03/04/2015 17:51:00,,2080.00,1346.00,390.00,222.00,129.00,161.00,104.00,54.00,APPROVED
PA: PITTSBURGH,03/04/2015 18:51:00,,2072.00,1330.00,389.00,220.00,128.00,158.00,104.00,54.00,APPROVED
PA: PITTSBURGH,03/04/2015 19:51:00,,2153.00,1415.00,411.00,239.00,137.00,165.00,111.00,55.00,APPROVED
PA: PITTSBURGH,03/04/2015 20:51:00,,2282.00,1559.00,445.00,271.00,150.00,186.00,118.00,60.00,APPROVED
PA: PITTSBURGH,03/04/2015 21:52:00,,2360.00,1622.00,468.00,285.00,151.00,195.00,121.00,60.00,APPROVED
PA: PITTSBURGH,03/04/2015 22:52:00,,2365.00,1611.00,466.00,285.00,153.00,193.00,121.00,59.00,APPROVED
PA: PITTSBURGH,03/04/2015 23:52:00,,2285.00,1534.00,447.00,270.00,147.00,184.00,116.00,57.00,APPROVED
PA: PITTSBURGH,03/05/2015 00:52:00,,2326.00,1585.00,452.00,278.00,152.00,188.00,121.00,59.00,APPROVED
PA: PITTSBURGH,03/05/2015 01:52:00,,2287.00,1542.00,446.00,273.00,149.00,182.00,117.00,59.00,APPROVED
PA: PITTSBURGH,03/05/2015 02:53:00,,2305.00,1545.00,439.00,261.00,142.00,180.00,117.00,57.00,APPROVED
PA: PITTSBURGH,03/05/2015 03:53:00,,2344.00,1592.00,456.00,278.00,149.00,190.00,120.00,58.00,APPROVED
PA: PITTSBURGH,03/05/2015 04:53:00,,2329.00,1552.00,448.00,266.00,149.00,184.00,116.00,59.00,APPROVED
PA: PITTSBURGH,03/05/2015 05:53:00,,2353.00,1586.00,450.00,270.00,145.00,183.00,115.00,57.00,APPROVED
PA: PITTSBURGH,03/05/2015 06:53:00,,2360.00,1572.00,452.00,269.00,144.00,184.00,116.00,59.00,APPROVED
PA: PITTSBURGH,03/05/2015 07:54:00,,2251.00,1437.00,415.00,238.00,136.00,170.00,107.00,55.00,APPROVED
PA: PITTSBURGH,03/05/2015 08:54:00,,2121.00,1328.00,387.00,207.00,125.00,151.00,99.00,51.00,APPROVED
PA: PITTSBURGH,03/05/2015 09:54:00,,2090.00,1277.00,369.00,193.00,120.00,145.00,94.00,49.00,APPROVED
PA: PITTSBURGH,03/05/2015 10:54:00,,2118.00,1297.00,380.00,200.00,121.00,145.00,94.00,50.00,APPROVED
PA: PITTSBURGH,03/05/2015 11:54:00,,2194.00,1354.00,395.00,204.00,123.00,156.00,97.00,51.00,APPROVED
PA: PITTSBURGH,03/05/2015 12:55:00,,2191.00,1338.00,389.00,204.00,124.00,153.00,98.00,51.00,APPROVED
PA: PITTSBURGH,03/05/2015 13:55:00,,2161.00,1310.00,380.00,199.00,122.00,150.00,95.00,51.00,APPROVED
PA: PITTSBURGH,03/05/2015 14:55:00,,2057.00,1231.00,359.00,185.00,115.00,138.00,90.00,48.00,APPROVED
PA: PITTSBURGH,03/05/2015 15:55:00,,2034.00,1199.00,353.00,174.00,115.00,135.00,89.00,47.00,APPROVED
PA: PITTSBURGH,03/05/2015 16:55:00,,2015.00,1177.00,344.00,174.00,112.00,135.00,85.00,47.00,APPROVED
PA: PITTSBURGH,03/05/2015 17:56:00,,2013.00,1183.00,345.00,171.00,111.00,137.00,84.00,46.00,APPROVED
PA: PITTSBURGH,03/05/2015 18:56:00,,2007.00,1170.00,343.00,170.00,112.00,132.00,85.00,46.00,APPROVED
PA: PITTSBURGH,03/05/2015 19:56:00,,2006.00,1171.00,345.00,170.00,110.00,133.00,85.00,49.00,APPROVED
PA: PITTSBURGH,03/05/2015 20:56:00,,1997.00,1167.00,341.00,171.00,111.00,134.00,86.00,46.00,APPROVED
PA: PITTSBURGH,03/05/2015 21:56:00,,2008.00,1166.00,337.00,171.00,112.00,133.00,84.00,48.00,APPROVED
PA: PITTSBURGH,03/05/2015 22:57:00,,2000.00,1167.00,344.00,172.00,110.00,134.00,82.00,48.00,APPROVED
PA: PITTSBURGH,03/05/2015 23:57:00,,2019.00,1162.00,339.00,167.00,110.00,129.00,83.00,49.00,APPROVED
PA: PITTSBURGH,03/06/2015 00:57:00,,2012.00,1156.00,340.00,167.00,108.00,131.00,83.00,47.00,APPROVED
PA: PITTSBURGH,03/06/2015 01:57:00,,2093.00,1159.00,343.00,168.00,108.00,134.00,82.00,47.00,APPROVED
PA: PITTSBURGH,03/06/2015 02:57:00,,2271.00,1159.00,343.00,170.00,109.00,134.00,80.00,45.00,APPROVED
PA: PITTSBURGH,03/06/2015 03:58:00,,2592.00,1157.00,344.00,166.00,109.00,133.00,80.00,46.00,APPROVED
PA: PITTSBURGH,03/06/2015 16:00:00,,2138.00,1226.00,368.00,182.00,116.00,149.00,87.00,48.00,APPROVED
PA: PITTSBURGH,03/06/2015 17:00:00,,2037.00,1181.00,348.00,174.00,109.00,135.00,85.00,47.00,APPROVED
PA: PITTSBURGH,03/06/2015 18:00:00,,2008.00,1180.00,346.00,172.00,112.00,134.00,85.00,48.00,APPROVED
PA: PITTSBURGH,03/06/2015 19:01:00,,1983.00,1173.00,343.00,176.00,112.00,132.00,88.00,46.00,APPROVED
PA: PITTSBURGH,03/06/2015 20:01:00,,1972.00,1162.00,344.00,172.00,112.00,132.00,89.00,47.00,APPROVED
PA: PITTSBURGH,03/06/2015 21:01:00,,1993.00,1180.00,343.00,175.00,113.00,133.00,88.00,46.00,APPROVED
PA: PITTSBURGH,03/06/2015 22:01:00,,2004.00,1181.00,346.00,176.00,114.00,134.00,88.00,47.00,APPROVED
PA: PITTSBURGH,03/06/2015 23:02:00,,2031.00,1200.00,347.00,178.00,115.00,137.00,87.00,46.00,APPROVED
PA: PITTSBURGH,03/07/2015 00:02:00,,2041.00,1202.00,348.00,178.00,114.00,134.00,88.00,48.00,APPROVED
PA: PITTSBURGH,03/07/2015 01:02:00,,2041.00,1205.00,351.00,177.00,113.00,134.00,87.00,49.00,APPROVED
PA: PITTSBURGH,03/07/2015 02:02:00,,2038.00,1204.00,351.00,179.00,115.00,138.00,90.00,46.00,APPROVED
PA: PITTSBURGH,03/07/2015 03:02:00,,2056.00,1209.00,354.00,174.00,113.00,136.00,87.00,47.00,APPROVED
PA: PITTSBURGH,03/07/2015 04:02:00,,2059.00,1218.00,355.00,175.00,113.00,137.00,85.00,48.00,APPROVED
PA: PITTSBURGH,03/07/2015 05:03:00,,2068.00,1209.00,357.00,176.00,114.00,138.00,86.00,47.00,APPROVED
PA: PITTSBURGH,03/07/2015 06:03:00,,2062.00,1214.00,354.00,178.00,111.00,137.00,88.00,48.00,APPROVED
PA: PITTSBURGH,03/07/2015 07:03:00,,2072.00,1214.00,357.00,180.00,110.00,137.00,84.00,47.00,APPROVED
PA: PITTSBURGH,03/07/2015 08:03:00,,2091.00,1220.00,354.00,176.00,115.00,138.00,86.00,46.00,APPROVED
PA: PITTSBURGH,03/07/2015 09:03:00,,2098.00,1218.00,355.00,177.00,113.00,139.00,88.00,48.00,APPROVED
PA: PITTSBURGH,03/07/2015 10:04:00,,2097.00,1229.00,357.00,180.00,115.00,138.00,87.00,49.00,APPROVED
PA: PITTSBURGH,03/07/2015 11:04:00,,2101.00,1235.00,363.00,177.00,116.00,139.00,86.00,47.00,APPROVED
PA: PITTSBURGH,03/07/2015 12:04:00,,2104.00,1236.00,361.00,179.00,116.00,140.00,86.00,47.00,APPROVED
PA: PITTSBURGH,03/07/2015 13:04:00,,2102.00,1224.00,356.00,179.00,115.00,143.00,89.00,48.00,APPROVED
PA: PITTSBURGH,03/07/2015 14:04:00,,2082.00,1243.00,361.00,183.00,117.00,138.00,88.00,48.00,APPROVED
PA: PITTSBURGH,03/07/2015 15:05:00,,2064.00,1247.00,359.00,185.00,115.00,139.00,90.00,51.00,APPROVED
PA: PITTSBURGH,03/07/2015 16:05:00,,2047.00,1254.00,362.00,189.00,115.00,142.00,93.00,50.00,APPROVED
PA: PITTSBURGH,03/07/2015 17:05:00,,2050.00,1250.00,362.00,191.00,118.00,142.00,96.00,49.00,APPROVED
PA: PITTSBURGH,03/07/2015 18:05:00,,2024.00,1247.00,365.00,196.00,120.00,144.00,98.00,49.00,APPROVED
PA: PITTSBURGH,03/07/2015 19:05:00,,1995.00,1244.00,365.00,196.00,120.00,143.00,97.00,50.00,APPROVED
PA: PITTSBURGH,03/07/2015 20:06:00,,2004.00,1253.00,363.00,200.00,121.00,143.00,99.00,51.00,APPROVED
PA: PITTSBURGH,03/07/2015 21:06:00,,1989.00,1249.00,359.00,194.00,119.00,144.00,95.00,50.00,APPROVED
PA: PITTSBURGH,03/07/2015 22:06:00,,1969.00,1215.00,364.00,194.00,121.00,140.00,95.00,49.00,APPROVED
PA: PITTSBURGH,03/07/2015 23:06:00,,1957.00,1226.00,357.00,195.00,119.00,143.00,98.00,50.00,APPROVED
PA: PITTSBURGH,03/08/2015 00:07:00,,1970.00,1229.00,361.00,195.00,120.00,143.00,95.00,52.00,APPROVED
PA: PITTSBURGH,03/08/2015 01:07:00,,1972.00,1216.00,360.00,198.00,120.00,143.00,99.00,50.00,APPROVED
PA: PITTSBURGH,03/08/2015 03:07:00,,1972.00,1218.00,360.00,197.00,120.00,141.00,97.00,50.00,APPROVED
PA: PITTSBURGH,03/08/2015 03:07:00,,1983.00,1232.00,357.00,194.00,120.00,141.00,96.00,49.00,APPROVED
PA: PITTSBURGH,03/08/2015 04:07:00,,1990.00,1234.00,360.00,195.00,117.00,140.00,95.00,52.00,APPROVED
PA: PITTSBURGH,03/08/2015 05:08:00,,2003.00,1237.00,357.00,187.00,118.00,141.00,95.00,50.00,APPROVED
PA: PITTSBURGH,03/08/2015 06:08:00,,1987.00,1234.00,361.00,193.00,118.00,140.00,95.00,49.00,APPROVED
PA: PITTSBURGH,03/08/2015 07:08:00,,1993.00,1237.00,365.00,194.00,117.00,143.00,98.00,50.00,APPROVED
PA: PITTSBURGH,03/08/2015 08:08:00,,2014.00,1245.00,357.00,196.00,120.00,141.00,98.00,49.00,APPROVED
PA: PITTSBURGH,03/08/2015 09:08:00,,2016.00,1244.00,364.00,196.00,120.00,143.00,98.00,51.00,APPROVED
PA: PITTSBURGH,03/08/2015 10:09:00,,2028.00,1256.00,362.00,198.00,122.00,143.00,98.00,51.00,APPROVED
PA: PITTSBURGH,03/08/2015 11:09:00,,2029.00,1265.00,364.00,199.00,120.00,145.00,96.00,52.00,APPROVED
PA: PITTSBURGH,03/08/2015 12:09:00,,2019.00,1271.00,368.00,197.00,122.00,145.00,97.00,51.00,APPROVED
PA: PITTSBURGH,03/08/2015 13:09:00,,2037.00,1276.00,367.00,199.00,120.00,144.00,97.00,51.00,APPROVED
PA: PITTSBURGH,03/08/2015 14:09:00,,2033.00,1272.00,372.00,199.00,121.00,144.00,96.00,50.00,APPROVED
PA: PITTSBURGH,03/08/2015 15:10:00,,2007.00,1252.00,360.00,197.00,120.00,144.00,98.00,49.00,APPROVED
PA: PITTSBURGH,03/08/2015 16:10:00,,1982.00,1232.00,366.00,196.00,121.00,144.00,97.00,48.00,APPROVED
PA: PITTSBURGH,03/08/2015 17:10:00,,1952.00,1225.00,363.00,197.00,123.00,145.00,98.00,50.00,APPROVED
PA: PITTSBURGH,03/08/2015 18:10:00,,1926.00,1206.00,364.00,198.00,122.00,144.00,99.00,51.00,APPROVED
PA: PITTSBURGH,03/08/2015 19:10:00,,1908.00,1204.00,360.00,200.00,121.00,143.00,102.00,50.00,APPROVED
PA: PITTSBURGH,03/08/2015 20:11:00,,1911.00,1215.00,364.00,202.00,124.00,146.00,100.00,52.00,APPROVED
PA: PITTSBURGH,03/08/2015 21:11:00,,1968.00,1258.00,372.00,210.00,125.00,151.00,104.00,51.00,APPROVED
PA: PITTSBURGH,03/08/2015 22:11:00,,1977.00,1259.00,375.00,209.00,127.00,154.00,102.00,53.00,APPROVED
PA: PITTSBURGH,03/08/2015 23:11:00,,1978.00,1263.00,377.00,206.00,128.00,152.00,102.00,52.00,APPROVED
PA: PITTSBURGH,03/09/2015 00:11:00,,2002.00,1273.00,374.00,206.00,128.00,146.00,104.00,52.00,APPROVED
PA: PITTSBURGH,03/09/2015 01:12:00,,2016.00,1277.00,373.00,197.00,125.00,152.00,101.00,52.00,APPROVED
PA: PITTSBURGH,03/09/2015 02:12:00,,2017.00,1265.00,374.00,203.00,125.00,151.00,103.00,51.00,APPROVED
PA: PITTSBURGH,03/09/2015 03:12:00,,2010.00,1274.00,378.00,200.00,126.00,149.00,102.00,53.00,APPROVED
PA: PITTSBURGH,03/09/2015 04:12:00,,2024.00,1250.00,367.00,200.00,125.00,144.00,102.00,53.00,APPROVED
PA: PITTSBURGH,03/09/2015 05:12:00,,2042.00,1282.00,379.00,202.00,124.00,149.00,102.00,51.00,APPROVED
PA: PITTSBURGH,03/09/2015 06:13:00,,2094.00,1339.00,391.00,213.00,128.00,154.00,107.00,52.00,APPROVED
PA: PITTSBURGH,03/09/2015 07:13:00,,2059.00,1309.00,386.00,207.00,129.00,148.00,103.00,52.00,APPROVED
PA: PITTSBURGH,03/09/2015 08:13:00,,2044.00,1265.00,378.00,200.00,127.00,146.00,102.00,52.00,APPROVED
PA: PITTSBURGH,03/09/2015 09:13:00,,2024.00,1274.00,378.00,199.00,124.00,145.00,100.00,52.00,APPROVED
PA: PITTSBURGH,03/09/2015 10:13:00,,2027.00,1247.00,374.00,196.00,124.00,144.00,99.00,51.00,APPROVED
PA: PITTSBURGH,03/09/2015 11:14:00,,2041.00,1263.00,375.00,199.00,126.00,146.00,100.00,50.00,APPROVED
PA: PITTSBURGH,03/09/2015 12:14:00,,2065.00,1298.00,377.00,202.00,128.00,150.00,104.00,52.00,APPROVED
PA: PITTSBURGH,03/09/2015 13:14:00,,2104.00,1333.00,386.00,214.00,129.00,149.00,102.00,53.00,APPROVED
PA: PITTSBURGH,03/09/2015 14:14:00,,2089.00,1329.00,389.00,215.00,130.00,151.00,105.00,53.00,APPROVED
PA: PITTSBURGH,03/09/2015 15:02:00,,2022.00,1285.00,373.00,205.00,127.00,150.00,102.00,51.00,APPROVED
PA: PITTSBURGH,03/09/2015 16:10:00,,1976.00,1228.00,369.00,188.00,123.00,142.00,99.00,51.00,APPROVED
PA: PITTSBURGH,03/09/2015 17:10:00,,1903.00,1197.00,359.00,193.00,121.00,143.00,102.00,51.00,APPROVED
PA: PITTSBURGH,03/09/2015 18:10:00,,1840.00,1167.00,355.00,193.00,123.00,147.00,102.00,51.00,APPROVED
PA: PITTSBURGH,03/09/2015 19:11:00,,1768.00,1134.00,362.00,194.00,123.00,150.00,103.00,53.00,APPROVED
PA: PITTSBURGH,03/09/2015 20:11:00,,1756.00,1132.00,360.00,195.00,126.00,147.00,103.00,52.00,APPROVED
PA: PITTSBURGH,03/09/2015 21:11:00,,1791.00,1167.00,368.00,204.00,125.00,150.00,107.00,52.00,APPROVED
PA: PITTSBURGH,03/09/2015 22:11:00,,1844.00,1202.00,371.00,202.00,130.00,156.00,105.00,54.00,APPROVED
PA: PITTSBURGH,03/09/2015 23:11:00,,1889.00,1219.00,374.00,206.00,130.00,152.00,105.00,53.00,APPROVED
PA: PITTSBURGH,03/10/2015 00:12:00,,1949.00,1260.00,379.00,213.00,129.00,156.00,107.00,54.00,APPROVED
PA: PITTSBURGH,03/10/2015 01:12:00,,2011.00,1301.00,390.00,216.00,132.00,157.00,108.00,53.00,APPROVED
PA: PITTSBURGH,03/10/2015 02:12:00,,2088.00,1356.00,396.00,224.00,137.00,164.00,110.00,55.00,APPROVED
PA: PITTSBURGH,03/10/2015 03:12:00,,2160.00,1417.00,412.00,232.00,141.00,167.00,112.00,56.00,APPROVED
PA: PITTSBURGH,03/10/2015 04:12:00,,2223.00,1463.00,429.00,247.00,142.00,173.00,115.00,57.00,APPROVED
PA: PITTSBURGH,03/10/2015 05:13:00,,2266.00,1516.00,441.00,252.00,148.00,181.00,120.00,56.00,APPROVED
PA: PITTSBURGH,03/10/2015 06:13:00,,2322.00,1573.00,454.00,264.00,152.00,183.00,120.00,58.00,APPROVED
PA: PITTSBURGH,03/10/2015 07:13:00,,2367.00,1607.00,461.00,270.00,153.00,189.00,123.00,59.00,APPROVED
PA: PITTSBURGH,03/10/2015 08:13:00,,2398.00,1630.00,467.00,279.00,152.00,194.00,122.00,57.00,APPROVED
PA: PITTSBURGH,03/10/2015 09:13:00,,2454.00,1677.00,484.00,288.00,162.00,197.00,125.00,59.00,APPROVED
PA: PITTSBURGH,03/10/2015 10:14:00,,2444.00,1696.00,483.00,293.00,160.00,201.00,127.00,59.00,APPROVED
PA: PITTSBURGH,03/10/2015 11:14:00,,2406.00,1668.00,479.00,280.00,157.00,198.00,124.00,59.00,APPROVED
PA: PITTSBURGH,03/10/2015 12:14:00,,2405.00,1651.00,475.00,282.00,160.00,198.00,126.00,59.00,APPROVED
PA: PITTSBURGH,03/10/2015 13:14:00,,2394.00,1639.00,471.00,280.00,155.00,195.00,123.00,59.00,APPROVED
PA: PITTSBURGH,03/10/2015 14:14:00,,2375.00,1628.00,473.00,278.00,159.00,194.00,126.00,60.00,APPROVED
PA: PITTSBURGH,03/10/2015 15:15:00,,2366.00,1644.00,476.00,290.00,161.00,196.00,125.00,61.00,APPROVED
PA: PITTSBURGH,03/10/2015 16:15:00,,2336.00,1615.00,471.00,287.00,163.00,198.00,127.00,63.00,APPROVED
PA: PITTSBURGH,03/10/2015 17:15:00,,2290.00,1595.00,473.00,290.00,160.00,200.00,128.00,62.00,APPROVED
PA: PITTSBURGH,03/10/2015 18:15:00,,2269.00,1611.00,473.00,291.00,161.00,199.00,129.00,64.00,APPROVED
PA: PITTSBURGH,03/10/2015 19:15:00,,2245.00,1574.00,463.00,289.00,159.00,197.00,127.00,63.00,APPROVED
PA: PITTSBURGH,03/10/2015 20:16:00,,2197.00,1518.00,446.00,274.00,156.00,187.00,125.00,61.00,APPROVED
PA: PITTSBURGH,03/10/2015 21:16:00,,2244.00,1552.00,453.00,276.00,155.00,189.00,124.00,62.00,APPROVED
PA: PITTSBURGH,03/10/2015 22:16:00,,2292.00,1595.00,468.00,285.00,161.00,196.00,126.00,62.00,APPROVED
PA: PITTSBURGH,03/10/2015 23:16:00,,2303.00,1609.00,469.00,287.00,160.00,200.00,126.00,63.00,APPROVED
PA: PITTSBURGH,03/11/2015 00:16:00,,2317.00,1634.00,469.00,295.00,159.00,201.00,130.00,60.00,APPROVED
PA: PITTSBURGH,03/11/2015 01:17:00,,2342.00,1640.00,479.00,299.00,165.00,203.00,128.00,62.00,APPROVED
PA: PITTSBURGH,03/11/2015 02:17:00,,2344.00,1683.00,486.00,309.00,165.00,209.00,130.00,64.00,APPROVED
PA: PITTSBURGH,03/11/2015 03:17:00,,2431.00,1741.00,508.00,320.00,167.00,215.00,138.00,65.00,APPROVED
PA: PITTSBURGH,03/11/2015 04:17:00,,2425.00,1752.00,503.00,325.00,168.00,216.00,136.00,66.00,APPROVED
PA: PITTSBURGH,03/11/2015 05:17:00,,2413.00,1740.00,500.00,321.00,170.00,219.00,136.00,67.00,APPROVED
PA: PITTSBURGH,03/11/2015 06:18:00,,2441.00,1765.00,503.00,326.00,172.00,218.00,139.00,65.00,APPROVED
PA: PITTSBURGH,03/11/2015 07:18:00,,2484.00,1797.00,513.00,333.00,176.00,227.00,141.00,67.00,APPROVED
PA: PITTSBURGH,03/11/2015 08:18:00,,2408.00,1759.00,502.00,328.00,173.00,219.00,136.00,66.00,APPROVED
PA: PITTSBURGH,03/11/2015 09:18:00,,2384.00,1713.00,489.00,315.00,167.00,215.00,134.00,65.00,APPROVED
PA: PITTSBURGH,03/11/2015 10:18:00,,2381.00,1709.00,493.00,311.00,164.00,210.00,133.00,64.00,APPROVED
PA: PITTSBURGH,03/11/2015 11:19:00,,2379.00,1720.00,500.00,322.00,167.00,214.00,135.00,65.00,APPROVED
PA: PITTSBURGH,03/11/2015 12:19:00,,2279.00,1617.00,477.00,301.00,164.00,205.00,133.00,63.00,APPROVED
PA: PITTSBURGH,03/11/2015 13:19:00,,2192.00,1512.00,451.00,270.00,154.00,188.00,123.00,60.00,APPROVED
PA: PITTSBURGH,03/11/2015 14:19:00,,2171.00,1468.00,433.00,255.00,149.00,185.00,119.00,59.00,APPROVED
PA: PITTSBURGH,03/11/2015 15:19:00,,2150.00,1457.00,431.00,252.00,147.00,180.00,116.00,57.00,APPROVED
PA: PITTSBURGH,03/11/2015 16:20:00,,2142.00,1439.00,432.00,251.00,145.00,176.00,119.00,57.00,APPROVED
PA: PITTSBURGH,03/11/2015 17:20:00,,2144.00,1445.00,425.00,248.00,146.00,178.00,119.00,57.00,APPROVED
PA: PITTSBURGH,03/11/2015 18:20:00,,2133.00,1431.00,417.00,248.00,147.00,178.00,118.00,56.00,APPROVED
PA: PITTSBURGH,03/11/2015 19:20:00,,2100.00,1415.00,424.00,248.00,144.00,176.00,115.00,57.00,APPROVED
PA: PITTSBURGH,03/11/2015 20:20:00,,2089.00,1397.00,420.00,240.00,145.00,170.00,116.00,56.00,APPROVED
PA: PITTSBURGH,03/11/2015 21:21:00,,2088.00,1392.00,417.00,240.00,143.00,173.00,115.00,56.00,APPROVED
PA: PITTSBURGH,03/11/2015 22:21:00,,2107.00,1394.00,417.00,239.00,142.00,168.00,113.00,57.00,APPROVED
PA: PITTSBURGH,03/11/2015 23:21:00,,2085.00,1379.00,413.00,231.00,142.00,169.00,114.00,56.00,APPROVED
PA: PITTSBURGH,03/12/2015 00:21:00,,2098.00,1387.00,413.00,232.00,142.00,166.00,113.00,57.00,APPROVED
PA: PITTSBURGH,03/12/2015 01:21:00,,2150.00,1420.00,417.00,234.00,142.00,171.00,114.00,56.00,APPROVED
PA: PITTSBURGH,03/12/2015 02:22:00,,2216.00,1492.00,436.00,251.00,142.00,175.00,116.00,57.00,APPROVED
PA: PITTSBURGH,03/12/2015 03:22:00,,2289.00,1568.00,458.00,266.00,152.00,185.00,122.00,58.00,APPROVED
PA: PITTSBURGH,03/12/2015 04:22:00,,2326.00,1604.00,459.00,270.00,157.00,192.00,124.00,59.00,APPROVED
PA: PITTSBURGH,03/12/2015 05:22:00,,2341.00,1627.00,461.00,281.00,158.00,192.00,125.00,60.00,APPROVED
PA: PITTSBURGH,03/12/2015 06:22:00,,2381.00,1661.00,479.00,290.00,158.00,202.00,126.00,62.00,APPROVED
PA: PITTSBURGH,03/12/2015 07:23:00,,2405.00,1688.00,483.00,298.00,161.00,205.00,132.00,61.00,APPROVED
PA: PITTSBURGH,03/12/2015 08:23:00,,2439.00,1749.00,496.00,312.00,168.00,213.00,134.00,62.00,APPROVED
PA: PITTSBURGH,03/12/2015 09:23:00,,2460.00,1773.00,501.00,317.00,170.00,215.00,137.00,64.00,APPROVED
PA: PITTSBURGH,03/12/2015 10:23:00,,2475.00,1761.00,505.00,316.00,170.00,214.00,134.00,62.00,APPROVED
PA: PITTSBURGH,03/12/2015 11:23:00,,2501.00,1777.00,506.00,320.00,169.00,221.00,136.00,63.00,APPROVED
PA: PITTSBURGH,03/12/2015 12:24:00,,2524.00,1805.00,520.00,326.00,175.00,221.00,133.00,64.00,APPROVED
PA: PITTSBURGH,03/12/2015 13:24:00,,2561.00,1850.00,529.00,340.00,176.00,227.00,143.00,63.00,APPROVED
PA: PITTSBURGH,03/12/2015 14:24:00,,2427.00,1730.00,501.00,315.00,167.00,211.00,135.00,63.00,APPROVED
PA: PITTSBURGH,03/12/2015 15:24:00,,2269.00,1539.00,451.00,263.00,150.00,183.00,122.00,58.00,APPROVED
PA: PITTSBURGH,03/12/2015 16:24:00,,2143.00,1409.00,417.00,235.00,139.00,169.00,112.00,55.00,APPROVED
PA: PITTSBURGH,03/12/2015 17:25:00,,2058.00,1340.00,404.00,222.00,137.00,158.00,110.00,54.00,APPROVED
PA: PITTSBURGH,03/12/2015 18:25:00,,1938.00,1269.00,386.00,212.00,131.00,157.00,107.00,54.00,APPROVED
PA: PITTSBURGH,03/12/2015 19:25:00,,1817.00,1197.00,376.00,208.00,132.00,153.00,110.00,53.00,APPROVED
PA: PITTSBURGH,03/12/2015 20:25:00,,1788.00,1169.00,375.00,205.00,129.00,152.00,109.00,53.00,APPROVED
PA: PITTSBURGH,03/12/2015 21:25:00,,1841.00,1205.00,378.00,202.00,130.00,156.00,109.00,53.00,APPROVED
PA: PITTSBURGH,03/12/2015 22:26:00,,1892.00,1224.00,376.00,207.00,131.00,155.00,109.00,52.00,APPROVED
PA: PITTSBURGH,03/12/2015 23:26:00,,1910.00,1235.00,382.00,204.00,134.00,154.00,108.00,54.00,APPROVED
PA: PITTSBURGH,03/13/2015 00:26:00,,2012.00,1300.00,386.00,211.00,131.00,154.00,108.00,51.00,APPROVED
PA: PITTSBURGH,03/13/2015 01:26:00,,2081.00,1340.00,396.00,216.00,135.00,158.00,108.00,53.00,APPROVED
PA: PITTSBURGH,03/13/2015 02:26:00,,2151.00,1390.00,403.00,224.00,140.00,164.00,112.00,54.00,APPROVED
PA: PITTSBURGH,03/13/2015 03:27:00,,2207.00,1432.00,414.00,232.00,141.00,165.00,111.00,54.00,APPROVED
PA: PITTSBURGH,03/13/2015 04:27:00,,2251.00,1469.00,421.00,234.00,143.00,168.00,114.00,56.00,APPROVED
PA: PITTSBURGH,03/13/2015 05:27:00,,2287.00,1504.00,431.00,240.00,146.00,173.00,116.00,54.00,APPROVED
PA: PITTSBURGH,03/13/2015 06:27:00,,2323.00,1521.00,442.00,242.00,148.00,175.00,120.00,55.00,APPROVED
PA: PITTSBURGH,03/13/2015 07:27:00,,2331.00,1542.00,445.00,252.00,147.00,180.00,119.00,57.00,APPROVED
PA: PITTSBURGH,03/13/2015 08:28:00,,2345.00,1558.00,453.00,255.00,150.00,181.00,118.00,57.00,APPROVED
PA: PITTSBURGH,03/13/2015 09:28:00,,2342.00,1570.00,454.00,258.00,150.00,182.00,119.00,57.00,APPROVED
PA: PITTSBURGH,03/13/2015 10:28:00,,2362.00,1584.00,462.00,259.00,153.00,183.00,124.00,56.00,APPROVED
PA: PITTSBURGH,03/13/2015 11:28:00,,2379.00,1608.00,460.00,266.00,156.00,192.00,125.00,60.00,APPROVED
PA: PITTSBURGH,03/13/2015 12:28:00,,2368.00,1617.00,462.00,269.00,154.00,193.00,125.00,57.00,APPROVED
PA: PITTSBURGH,03/13/2015 13:29:00,,2383.00,1620.00,468.00,273.00,155.00,190.00,125.00,59.00,APPROVED
PA: PITTSBURGH,03/13/2015 14:29:00,,2361.00,1612.00,471.00,281.00,157.00,191.00,126.00,60.00,APPROVED
PA: PITTSBURGH,03/13/2015 15:29:00,,2239.00,1532.00,455.00,273.00,156.00,186.00,121.00,59.00,APPROVED
PA: PITTSBURGH,03/13/2015 16:29:00,,2064.00,1390.00,425.00,248.00,145.00,174.00,119.00,56.00,APPROVED
PA: PITTSBURGH,03/13/2015 17:29:00,,1883.00,1259.00,399.00,221.00,136.00,167.00,113.00,56.00,APPROVED
PA: PITTSBURGH,03/13/2015 18:30:00,,1780.00,1196.00,387.00,217.00,134.00,159.00,109.00,56.00,APPROVED
PA: PITTSBURGH,03/13/2015 19:30:00,,1754.00,1166.00,380.00,209.00,135.00,158.00,110.00,55.00,APPROVED
PA: PITTSBURGH,03/13/2015 20:30:00,,1749.00,1154.00,380.00,210.00,134.00,160.00,110.00,54.00,APPROVED
PA: PITTSBURGH,03/13/2015 21:30:00,,1809.00,1215.00,390.00,219.00,133.00,165.00,113.00,55.00,APPROVED
PA: PITTSBURGH,03/13/2015 22:30:00,,1950.00,1309.00,406.00,232.00,140.00,171.00,114.00,57.00,APPROVED
PA: PITTSBURGH,03/13/2015 23:31:00,,2084.00,1415.00,427.00,249.00,147.00,178.00,119.00,58.00,APPROVED
PA: PITTSBURGH,03/14/2015 00:31:00,,2089.00,1407.00,429.00,243.00,148.00,177.00,120.00,57.00,APPROVED
PA: PITTSBURGH,03/14/2015 01:31:00,,2188.00,1490.00,449.00,260.00,151.00,180.00,122.00,61.00,APPROVED
PA: PITTSBURGH,03/14/2015 02:31:00,,2142.00,1426.00,434.00,250.00,149.00,170.00,115.00,58.00,APPROVED
PA: PITTSBURGH,03/14/2015 03:31:00,,2111.00,1402.00,422.00,240.00,146.00,169.00,117.00,55.00,APPROVED
PA: PITTSBURGH,03/14/2015 04:32:00,,2156.00,1450.00,428.00,245.00,146.00,174.00,117.00,59.00,APPROVED
PA: PITTSBURGH,03/14/2015 05:32:00,,2206.00,1491.00,444.00,253.00,150.00,181.00,117.00,60.00,APPROVED
PA: PITTSBURGH,03/14/2015 06:32:00,,2310.00,1590.00,470.00,276.00,156.00,193.00,126.00,60.00,APPROVED
PA: PITTSBURGH,03/14/2015 07:32:00,,2377.00,1657.00,485.00,292.00,163.00,201.00,130.00,62.00,APPROVED
PA: PITTSBURGH,03/14/2015 08:32:00,,2362.00,1649.00,483.00,295.00,162.00,204.00,132.00,63.00,APPROVED
PA: PITTSBURGH,03/14/2015 09:33:00,,2335.00,1649.00,480.00,293.00,167.00,202.00,132.00,64.00,APPROVED
PA: PITTSBURGH,03/14/2015 10:33:00,,2316.00,1656.00,490.00,302.00,161.00,203.00,132.00,64.00,APPROVED
PA: PITTSBURGH,03/14/2015 11:33:00,,2321.00,1671.00,492.00,308.00,165.00,207.00,132.00,65.00,APPROVED
PA: PITTSBURGH,03/14/2015 12:33:00,,2373.00,1757.00,514.00,332.00,171.00,224.00,141.00,67.00,APPROVED
PA: PITTSBURGH,03/14/2015 13:33:00,,2476.00,1867.00,541.00,357.00,182.00,235.00,145.00,71.00,APPROVED
PA: PITTSBURGH,03/14/2015 14:34:00,,2553.00,1946.00,562.00,380.00,191.00,252.00,151.00,73.00,APPROVED
PA: PITTSBURGH,03/14/2015 15:34:00,,2487.00,1871.00,553.00,368.00,191.00,245.00,150.00,71.00,APPROVED
PA: PITTSBURGH,03/14/2015 16:34:00,,2297.00,1660.00,497.00,323.00,173.00,216.00,137.00,67.00,APPROVED
PA: PITTSBURGH,03/14/2015 17:34:00,,2083.00,1439.00,445.00,263.00,154.00,186.00,124.00,62.00,APPROVED
PA: PITTSBURGH,03/14/2015 18:35:00,,1992.00,1348.00,420.00,242.00,146.00,176.00,118.00,58.00,APPROVED
PA: PITTSBURGH,03/14/2015 19:35:00,,1967.00,1344.00,419.00,240.00,144.00,173.00,118.00,58.00,APPROVED
PA: PITTSBURGH,03/14/2015 20:35:00,,1921.00,1311.00,413.00,240.00,142.00,172.00,116.00,59.00,APPROVED
PA: PITTSBURGH,03/14/2015 21:35:00,,1930.00,1317.00,414.00,239.00,145.00,171.00,117.00,58.00,APPROVED
PA: PITTSBURGH,03/14/2015 22:35:00,,1971.00,1343.00,422.00,241.00,145.00,176.00,120.00,60.00,APPROVED
PA: PITTSBURGH,03/14/2015 23:36:00,,2026.00,1401.00,422.00,253.00,149.00,181.00,123.00,59.00,APPROVED
PA: PITTSBURGH,03/15/2015 00:36:00,,2058.00,1411.00,426.00,250.00,151.00,175.00,122.00,59.00,APPROVED
PA: PITTSBURGH,03/15/2015 01:36:00,,2102.00,1428.00,425.00,251.00,146.00,177.00,118.00,58.00,APPROVED
PA: PITTSBURGH,03/15/2015 02:36:00,,2107.00,1421.00,427.00,252.00,147.00,175.00,118.00,58.00,APPROVED
PA: PITTSBURGH,03/15/2015 03:36:00,,2079.00,1392.00,417.00,236.00,143.00,170.00,115.00,56.00,APPROVED
PA: PITTSBURGH,03/15/2015 04:37:00,,2095.00,1372.00,416.00,229.00,141.00,166.00,114.00,54.00,APPROVED
PA: PITTSBURGH,03/15/2015 05:37:00,,2093.00,1362.00,411.00,224.00,142.00,168.00,113.00,58.00,APPROVED
PA: PITTSBURGH,03/15/2015 06:37:00,,2109.00,1376.00,417.00,228.00,139.00,166.00,114.00,55.00,APPROVED
PA: PITTSBURGH,03/15/2015 07:37:00,,2091.00,1374.00,411.00,228.00,141.00,165.00,112.00,56.00,APPROVED
PA: PITTSBURGH,03/15/2015 08:37:00,,2087.00,1358.00,405.00,222.00,138.00,164.00,109.00,53.00,APPROVED
PA: PITTSBURGH,03/15/2015 09:38:00,,2085.00,1352.00,399.00,218.00,136.00,156.00,109.00,54.00,APPROVED
PA: PITTSBURGH,03/15/2015 10:38:00,,2115.00,1358.00,402.00,217.00,136.00,158.00,109.00,53.00,APPROVED
PA: PITTSBURGH,03/15/2015 11:38:00,,2112.00,1362.00,400.00,215.00,138.00,156.00,108.00,53.00,APPROVED
PA: PITTSBURGH,03/15/2015 12:38:00,,2096.00,1343.00,400.00,211.00,138.00,158.00,109.00,53.00,APPROVED
PA: PITTSBURGH,03/15/2015 13:38:00,,2110.00,1357.00,403.00,211.00,133.00,160.00,112.00,53.00,APPROVED
PA: PITTSBURGH,03/15/2015 14:39:00,,2116.00,1357.00,405.00,212.00,136.00,155.00,109.00,53.00,APPROVED
PA: PITTSBURGH,03/15/2015 15:39:00,,2114.00,1347.00,401.00,215.00,137.00,158.00,109.00,53.00,APPROVED
PA: PITTSBURGH,03/15/2015 16:39:00,,2112.00,1349.00,398.00,213.00,137.00,158.00,111.00,54.00,APPROVED
PA: PITTSBURGH,03/15/2015 17:39:00,,2107.00,1351.00,402.00,215.00,135.00,159.00,110.00,52.00,APPROVED
PA: PITTSBURGH,03/15/2015 18:39:00,,2100.00,1348.00,398.00,213.00,135.00,157.00,105.00,52.00,APPROVED
PA: PITTSBURGH,03/15/2015 19:40:00,,2070.00,1332.00,398.00,215.00,137.00,157.00,109.00,52.00,APPROVED
PA: PITTSBURGH,03/15/2015 20:40:00,,2022.00,1309.00,397.00,213.00,135.00,153.00,111.00,54.00,APPROVED
PA: PITTSBURGH,03/15/2015 21:40:00,,2000.00,1290.00,390.00,212.00,136.00,158.00,109.00,53.00,APPROVED
PA: PITTSBURGH,03/15/2015 22:40:00,,1968.00,1283.00,396.00,213.00,134.00,158.00,107.00,55.00,APPROVED
PA: PITTSBURGH,03/15/2015 23:40:00,,1967.00,1278.00,390.00,214.00,132.00,157.00,111.00,52.00,APPROVED
PA: PITTSBURGH,03/16/2015 00:41:00,,2012.00,1297.00,394.00,217.00,136.00,155.00,111.00,54.00,APPROVED
PA: PITTSBURGH,03/16/2015 01:41:00,,2069.00,1341.00,401.00,218.00,134.00,160.00,111.00,52.00,APPROVED
PA: PITTSBURGH,03/16/2015 02:41:00,,2147.00,1411.00,419.00,231.00,144.00,167.00,114.00,55.00,APPROVED
PA: PITTSBURGH,03/16/2015 03:41:00,,2207.00,1485.00,438.00,241.00,147.00,178.00,118.00,58.00,APPROVED
PA: PITTSBURGH,03/16/2015 04:41:00,,2264.00,1530.00,451.00,257.00,151.00,181.00,122.00,56.00,APPROVED
PA: PITTSBURGH,03/16/2015 05:42:00,,2301.00,1577.00,466.00,270.00,154.00,190.00,124.00,60.00,APPROVED
PA: PITTSBURGH,03/16/2015 06:42:00,,2349.00,1642.00,483.00,285.00,161.00,200.00,129.00,61.00,APPROVED
PA: PITTSBURGH,03/16/2015 07:42:00,,2384.00,1696.00,498.00,298.00,168.00,212.00,134.00,61.00,APPROVED
PA: PITTSBURGH,03/16/2015 08:42:00,,2392.00,1713.00,510.00,312.00,170.00,213.00,137.00,62.00,APPROVED
PA: PITTSBURGH,03/16/2015 09:42:00,,2384.00,1728.00,508.00,312.00,174.00,217.00,137.00,62.00,APPROVED
PA: PITTSBURGH,03/16/2015 10:43:00,,2388.00,1718.00,514.00,310.00,170.00,220.00,140.00,63.00,APPROVED
PA: PITTSBURGH,03/16/2015 11:43:00,,2377.00,1718.00,510.00,311.00,172.00,215.00,133.00,64.00,APPROVED
PA: PITTSBURGH,03/16/2015 12:43:00,,2384.00,1734.00,512.00,309.00,174.00,217.00,138.00,63.00,APPROVED
PA: PITTSBURGH,03/16/2015 13:43:00,,2364.00,1732.00,517.00,319.00,176.00,222.00,140.00,65.00,APPROVED
PA: PITTSBURGH,03/16/2015 14:38:00,,2289.00,1682.00,504.00,314.00,173.00,214.00,138.00,63.00,APPROVED
PA: PITTSBURGH,03/16/2015 15:46:00,,2051.00,1310.00,398.00,214.00,134.00,155.00,111.00,50.00,APPROVED
PA: PITTSBURGH,03/16/2015 16:46:00,,1963.00,1293.00,395.00,224.00,138.00,164.00,113.00,55.00,APPROVED
PA: PITTSBURGH,03/16/2015 17:46:00,,1861.00,1238.00,395.00,221.00,137.00,165.00,113.00,56.00,APPROVED
PA: PITTSBURGH,03/16/2015 18:47:00,,1815.00,1216.00,387.00,222.00,141.00,167.00,116.00,55.00,APPROVED
PA: PITTSBURGH,03/16/2015 19:47:00,,1796.00,1203.00,391.00,225.00,138.00,166.00,114.00,56.00,APPROVED
PA: PITTSBURGH,03/16/2015 20:47:00,,1780.00,1197.00,391.00,223.00,135.00,169.00,118.00,56.00,APPROVED
PA: PITTSBURGH,03/16/2015 21:47:00,,1799.00,1200.00,390.00,229.00,136.00,172.00,117.00,57.00,APPROVED
PA: PITTSBURGH,03/16/2015 22:47:00,,1834.00,1233.00,396.00,222.00,139.00,168.00,118.00,59.00,APPROVED
PA: PITTSBURGH,03/16/2015 23:48:00,,1874.00,1251.00,396.00,230.00,141.00,172.00,114.00,57.00,APPROVED
PA: PITTSBURGH,03/17/2015 00:48:00,,1900.00,1278.00,404.00,231.00,140.00,169.00,115.00,59.00,APPROVED
PA: PITTSBURGH,03/17/2015 01:48:00,,1967.00,1330.00,413.00,238.00,143.00,174.00,118.00,59.00,APPROVED
PA: PITTSBURGH,03/17/2015 02:48:00,,2025.00,1385.00,423.00,250.00,148.00,177.00,121.00,60.00,APPROVED
PA: PITTSBURGH,03/17/2015 03:48:00,,2127.00,1465.00,435.00,262.00,151.00,185.00,123.00,60.00,APPROVED
PA: PITTSBURGH,03/17/2015 04:49:00,,2186.00,1514.00,446.00,270.00,156.00,192.00,128.00,62.00,APPROVED
PA: PITTSBURGH,03/17/2015 05:49:00,,2163.00,1486.00,442.00,268.00,154.00,187.00,124.00,59.00,APPROVED
PA: PITTSBURGH,03/17/2015 06:49:00,,2151.00,1469.00,435.00,256.00,150.00,180.00,119.00,59.00,APPROVED
PA: PITTSBURGH,03/17/2015 07:49:00,,2061.00,1397.00,421.00,240.00,145.00,172.00,120.00,57.00,APPROVED
PA: PITTSBURGH,03/17/2015 08:49:00,,1977.00,1320.00,406.00,232.00,145.00,169.00,115.00,56.00,APPROVED
PA: PITTSBURGH,03/17/2015 09:50:00,,1964.00,1298.00,399.00,226.00,139.00,168.00,115.00,56.00,APPROVED
PA: PITTSBURGH,03/17/2015 10:50:00,,1937.00,1291.00,401.00,226.00,137.00,167.00,115.00,57.00,APPROVED
PA: PITTSBURGH,03/17/2015 11:50:00,,1972.00,1321.00,409.00,231.00,139.00,169.00,117.00,56.00,APPROVED
PA: PITTSBURGH,03/17/2015 12:50:00,,2060.00,1385.00,414.00,243.00,143.00,174.00,118.00,58.00,APPROVED
PA: PITTSBURGH,03/17/2015 13:50:00,,2080.00,1394.00,412.00,237.00,143.00,167.00,117.00,56.00,APPROVED
PA: PITTSBURGH,03/17/2015 14:51:00,,2066.00,1348.00,402.00,221.00,139.00,163.00,110.00,57.00,APPROVED
PA: PITTSBURGH,03/17/2015 15:51:00,,2076.00,1350.00,404.00,218.00,137.00,158.00,111.00,52.00,APPROVED
PA: PITTSBURGH,03/17/2015 16:51:00,,2122.00,1375.00,407.00,221.00,138.00,160.00,111.00,54.00,APPROVED
PA: PITTSBURGH,03/17/2015 17:51:00,,2144.00,1387.00,408.00,217.00,139.00,161.00,111.00,52.00,APPROVED
PA: PITTSBURGH,03/17/2015 18:51:00,,2106.00,1359.00,405.00,219.00,135.00,157.00,114.00,54.00,APPROVED
PA: PITTSBURGH,03/17/2015 19:52:00,,2064.00,1330.00,398.00,216.00,137.00,158.00,112.00,53.00,APPROVED
PA: PITTSBURGH,03/17/2015 20:52:00,,2047.00,1324.00,399.00,211.00,134.00,157.00,111.00,53.00,APPROVED
PA: PITTSBURGH,03/17/2015 21:52:00,,2080.00,1327.00,394.00,210.00,135.00,154.00,110.00,53.00,APPROVED
PA: PITTSBURGH,03/17/2015 22:52:00,,2103.00,1340.00,399.00,207.00,134.00,158.00,109.00,53.00,APPROVED
PA: PITTSBURGH,03/17/2015 23:52:00,,2121.00,1350.00,400.00,207.00,134.00,153.00,105.00,52.00,APPROVED
PA: PITTSBURGH,03/18/2015 00:53:00,,2167.00,1367.00,395.00,209.00,136.00,154.00,108.00,53.00,APPROVED
PA: PITTSBURGH,03/18/2015 01:53:00,,2169.00,1372.00,405.00,209.00,136.00,155.00,108.00,52.00,APPROVED
PA: PITTSBURGH,03/18/2015 02:53:00,,2199.00,1389.00,405.00,213.00,135.00,156.00,107.00,52.00,APPROVED
PA: PITTSBURGH,03/18/2015 03:53:00,,2221.00,1397.00,410.00,216.00,136.00,156.00,106.00,53.00,APPROVED
PA: PITTSBURGH,03/18/2015 04:54:00,,2233.00,1396.00,408.00,217.00,135.00,156.00,108.00,54.00,APPROVED
PA: PITTSBURGH,03/18/2015 05:54:00,,2231.00,1407.00,409.00,215.00,136.00,160.00,107.00,53.00,APPROVED
PA: PITTSBURGH,03/18/2015 06:54:00,,2235.00,1403.00,411.00,216.00,138.00,157.00,108.00,54.00,APPROVED
PA: PITTSBURGH,03/18/2015 07:54:00,,2229.00,1402.00,409.00,213.00,138.00,158.00,110.00,54.00,APPROVED
PA: PITTSBURGH,03/18/2015 08:54:00,,2242.00,1405.00,405.00,211.00,138.00,157.00,107.00,52.00,APPROVED
PA: PITTSBURGH,03/18/2015 09:55:00,,2238.00,1401.00,408.00,213.00,134.00,159.00,109.00,53.00,APPROVED
PA: PITTSBURGH,03/18/2015 10:55:00,,2242.00,1412.00,414.00,212.00,134.00,159.00,107.00,53.00,APPROVED
PA: PITTSBURGH,03/18/2015 11:55:00,,2261.00,1411.00,414.00,212.00,139.00,158.00,105.00,53.00,APPROVED
PA: PITTSBURGH,03/18/2015 12:55:00,,2250.00,1411.00,412.00,213.00,137.00,156.00,104.00,54.00,APPROVED
PA: PITTSBURGH,03/18/2015 13:55:00,,2235.00,1392.00,407.00,212.00,136.00,153.00,105.00,52.00,APPROVED
PA: PITTSBURGH,03/18/2015 14:56:00,,2205.00,1393.00,408.00,212.00,134.00,157.00,107.00,52.00,APPROVED
PA: PITTSBURGH,03/18/2015 15:56:00,,2190.00,1387.00,408.00,213.00,136.00,157.00,108.00,51.00,APPROVED
PA: PITTSBURGH,03/18/2015 16:56:00,,2167.00,1384.00,400.00,213.00,137.00,155.00,107.00,53.00,APPROVED
PA: PITTSBURGH,03/18/2015 17:56:00,,2106.00,1344.00,401.00,213.00,135.00,152.00,112.00,56.00,APPROVED
PA: PITTSBURGH,03/18/2015 18:56:00,,2045.00,1303.00,395.00,213.00,137.00,152.00,109.00,53.00,APPROVED
PA: PITTSBURGH,03/18/2015 19:57:00,,2008.00,1288.00,396.00,210.00,136.00,154.00,107.00,52.00,APPROVED
PA: PITTSBURGH,03/18/2015 20:57:00,,2021.00,1297.00,390.00,207.00,134.00,155.00,109.00,52.00,APPROVED
PA: PITTSBURGH,03/18/2015 21:57:00,,2054.00,1308.00,395.00,209.00,135.00,157.00,108.00,53.00,APPROVED
PA: PITTSBURGH,03/18/2015 22:57:00,,2053.00,1319.00,393.00,214.00,135.00,154.00,110.00,54.00,APPROVED
PA: PITTSBURGH,03/18/2015 23:57:00,,2069.00,1322.00,393.00,211.00,138.00,155.00,111.00,53.00,APPROVED
PA: PITTSBURGH,03/19/2015 00:58:00,,2107.00,1342.00,400.00,209.00,138.00,158.00,110.00,54.00,APPROVED
PA: PITTSBURGH,03/19/2015 01:58:00,,2131.00,1356.00,405.00,214.00,137.00,156.00,110.00,53.00,APPROVED
PA: PITTSBURGH,03/19/2015 02:58:00,,2163.00,1387.00,407.00,217.00,139.00,159.00,111.00,53.00,APPROVED
PA: PITTSBURGH,03/19/2015 03:58:00,,2219.00,1432.00,421.00,223.00,142.00,164.00,110.00,53.00,APPROVED
PA: PITTSBURGH,03/19/2015 04:58:00,,2293.00,1490.00,431.00,235.00,143.00,170.00,113.00,54.00,APPROVED
PA: PITTSBURGH,03/19/2015 05:59:00,,2366.00,1533.00,441.00,241.00,147.00,175.00,118.00,57.00,APPROVED
PA: PITTSBURGH,03/19/2015 06:59:00,,2388.00,1580.00,460.00,254.00,151.00,180.00,120.00,57.00,APPROVED
PA: PITTSBURGH,03/19/2015 07:59:00,,2420.00,1598.00,463.00,257.00,151.00,183.00,121.00,57.00,APPROVED
PA: PITTSBURGH,03/19/2015 08:59:00,,2432.00,1617.00,460.00,260.00,156.00,185.00,121.00,59.00,APPROVED
PA: PITTSBURGH,03/19/2015 09:59:00,,2455.00,1636.00,466.00,267.00,153.00,191.00,124.00,58.00,APPROVED
PA: PITTSBURGH,03/19/2015 11:00:00,,2454.00,1649.00,473.00,266.00,157.00,188.00,128.00,56.00,APPROVED
PA: PITTSBURGH,03/19/2015 12:00:00,,2476.00,1660.00,472.00,270.00,157.00,191.00,123.00,57.00,APPROVED
PA: PITTSBURGH,03/19/2015 13:00:00,,2417.00,1630.00,471.00,265.00,158.00,191.00,125.00,56.00,APPROVED
PA: PITTSBURGH,03/19/2015 14:00:00,,2321.00,1516.00,446.00,241.00,148.00,178.00,116.00,56.00,APPROVED
PA: PITTSBURGH,03/19/2015 15:00:00,,2253.00,1456.00,423.00,230.00,143.00,165.00,111.00,54.00,APPROVED
PA: PITTSBURGH,03/19/2015 16:01:00,,2164.00,1397.00,417.00,221.00,141.00,162.00,111.00,54.00,APPROVED
PA: PITTSBURGH,03/19/2015 17:01:00,,2142.00,1374.00,414.00,220.00,137.00,158.00,111.00,55.00,APPROVED
PA: PITTSBURGH,03/19/2015 18:01:00,,2085.00,1344.00,406.00,217.00,137.00,160.00,113.00,55.00,APPROVED
PA: PITTSBURGH,03/19/2015 19:01:00,,2013.00,1311.00,398.00,219.00,136.00,159.00,111.00,54.00,APPROVED
PA: PITTSBURGH,03/19/2015 20:01:00,,2004.00,1293.00,397.00,217.00,136.00,162.00,111.00,55.00,APPROVED
PA: PITTSBURGH,03/19/2015 21:02:00,,2006.00,1302.00,397.00,215.00,136.00,161.00,109.00,55.00,APPROVED
PA: PITTSBURGH,03/19/2015 22:02:00,,1998.00,1308.00,394.00,219.00,138.00,158.00,112.00,54.00,APPROVED
PA: PITTSBURGH,03/19/2015 23:02:00,,2020.00,1310.00,394.00,214.00,139.00,160.00,111.00,53.00,APPROVED
PA: PITTSBURGH,03/20/2015 00:02:00,,2063.00,1335.00,398.00,216.00,139.00,159.00,110.00,55.00,APPROVED
PA: PITTSBURGH,03/20/2015 01:02:00,,2104.00,1345.00,401.00,220.00,137.00,159.00,111.00,52.00,APPROVED
PA: PITTSBURGH,03/20/2015 02:03:00,,2116.00,1368.00,404.00,216.00,138.00,159.00,111.00,53.00,APPROVED
PA: PITTSBURGH,03/20/2015 03:03:00,,2138.00,1389.00,410.00,219.00,140.00,158.00,112.00,54.00,APPROVED
PA: PITTSBURGH,03/20/2015 04:03:00,,2159.00,1388.00,412.00,224.00,139.00,162.00,109.00,54.00,APPROVED
PA: PITTSBURGH,03/20/2015 05:03:00,,2174.00,1398.00,412.00,224.00,140.00,161.00,113.00,56.00,APPROVED
PA: PITTSBURGH,03/20/2015 06:03:00,,2194.00,1420.00,421.00,231.00,144.00,162.00,114.00,55.00,APPROVED
PA: PITTSBURGH,03/20/2015 07:04:00,,2217.00,1449.00,428.00,237.00,144.00,169.00,116.00,55.00,APPROVED
PA: PITTSBURGH,03/20/2015 08:04:00,,2277.00,1510.00,445.00,254.00,150.00,177.00,121.00,58.00,APPROVED
PA: PITTSBURGH,03/20/2015 09:04:00,,2305.00,1543.00,451.00,256.00,150.00,178.00,118.00,58.00,APPROVED
PA: PITTSBURGH,03/20/2015 10:04:00,,2307.00,1516.00,444.00,250.00,153.00,174.00,117.00,56.00,APPROVED
PA: PITTSBURGH,03/20/2015 11:04:00,,2298.00,1513.00,448.00,247.00,151.00,173.00,117.00,58.00,APPROVED
PA: PITTSBURGH,03/20/2015 12:05:00,,2323.00,1523.00,443.00,247.00,149.00,174.00,118.00,57.00,APPROVED
PA: PITTSBURGH,03/20/2015 13:05:00,,2378.00,1589.00,458.00,261.00,155.00,185.00,121.00,56.00,APPROVED
PA: PITTSBURGH,03/20/2015 14:05:00,,2446.00,1672.00,480.00,273.00,161.00,191.00,125.00,59.00,APPROVED
PA: PITTSBURGH,03/20/2015 15:05:00,,2423.00,1645.00,478.00,273.00,156.00,190.00,126.00,59.00,APPROVED
PA: PITTSBURGH,03/20/2015 16:05:00,,2373.00,1609.00,467.00,270.00,155.00,190.00,121.00,58.00,APPROVED
PA: PITTSBURGH,03/20/2015 17:06:00,,2277.00,1505.00,451.00,250.00,148.00,176.00,119.00,57.00,APPROVED
PA: PITTSBURGH,03/20/2015 18:06:00,,2201.00,1444.00,427.00,237.00,146.00,172.00,114.00,54.00,APPROVED
PA: PITTSBURGH,03/20/2015 19:06:00,,2161.00,1414.00,421.00,232.00,143.00,167.00,117.00,55.00,APPROVED
PA: PITTSBURGH,03/20/2015 20:06:00,,2139.00,1408.00,420.00,232.00,138.00,168.00,114.00,54.00,APPROVED
PA: PITTSBURGH,03/20/2015 21:06:00,,2138.00,1407.00,420.00,230.00,144.00,165.00,113.00,55.00,APPROVED
PA: PITTSBURGH,03/20/2015 22:07:00,,2143.00,1388.00,413.00,233.00,140.00,164.00,116.00,54.00,APPROVED
PA: PITTSBURGH,03/20/2015 23:07:00,,2123.00,1392.00,410.00,229.00,143.00,166.00,112.00,55.00,APPROVED
PA: PITTSBURGH,03/21/2015 00:07:00,,2148.00,1394.00,415.00,228.00,143.00,167.00,112.00,55.00,APPROVED
PA: PITTSBURGH,03/21/2015 01:07:00,,2168.00,1417.00,415.00,236.00,141.00,166.00,117.00,56.00,APPROVED
PA: PITTSBURGH,03/21/2015 02:07:00,,2209.00,1440.00,423.00,234.00,144.00,169.00,115.00,54.00,APPROVED
PA: PITTSBURGH,03/21/2015 03:08:00,,2231.00,1460.00,429.00,240.00,144.00,169.00,115.00,55.00,APPROVED
PA: PITTSBURGH,03/21/2015 04:08:00,,2244.00,1496.00,437.00,246.00,148.00,175.00,118.00,57.00,APPROVED
PA: PITTSBURGH,03/21/2015 05:08:00,,2266.00,1520.00,445.00,253.00,150.00,182.00,119.00,59.00,APPROVED
PA: PITTSBURGH,03/21/2015 06:08:00,,2275.00,1535.00,448.00,262.00,154.00,182.00,120.00,56.00,APPROVED
PA: PITTSBURGH,03/21/2015 07:08:00,,2279.00,1527.00,451.00,257.00,155.00,183.00,122.00,60.00,APPROVED
PA: PITTSBURGH,03/21/2015 08:09:00,,2253.00,1505.00,440.00,251.00,150.00,177.00,120.00,57.00,APPROVED
PA: PITTSBURGH,03/21/2015 09:09:00,,2215.00,1482.00,437.00,247.00,149.00,175.00,119.00,56.00,APPROVED
PA: PITTSBURGH,03/21/2015 10:09:00,,2225.00,1475.00,430.00,244.00,148.00,178.00,119.00,57.00,APPROVED
PA: PITTSBURGH,03/21/2015 11:09:00,,2192.00,1462.00,428.00,242.00,147.00,170.00,117.00,56.00,APPROVED
PA: PITTSBURGH,03/21/2015 12:09:00,,2205.00,1454.00,429.00,240.00,146.00,173.00,117.00,57.00,APPROVED
PA: PITTSBURGH,03/21/2015 13:10:00,,2184.00,1457.00,427.00,240.00,146.00,172.00,113.00,56.00,APPROVED
PA: PITTSBURGH,03/21/2015 14:10:00,,2187.00,1451.00,428.00,242.00,146.00,173.00,117.00,56.00,APPROVED
PA: PITTSBURGH,03/21/2015 15:10:00,,2186.00,1451.00,437.00,241.00,146.00,170.00,116.00,57.00,APPROVED
PA: PITTSBURGH,03/21/2015 16:10:00,,2178.00,1450.00,430.00,247.00,150.00,175.00,119.00,57.00,APPROVED
PA: PITTSBURGH,03/21/2015 17:10:00,,2138.00,1427.00,424.00,243.00,145.00,173.00,118.00,57.00,APPROVED
PA: PITTSBURGH,03/21/2015 18:11:00,,2127.00,1433.00,430.00,244.00,147.00,173.00,118.00,58.00,APPROVED
PA: PITTSBURGH,03/21/2015 19:11:00,,2100.00,1409.00,431.00,242.00,144.00,174.00,115.00,59.00,APPROVED
PA: PITTSBURGH,03/21/2015 20:11:00,,2031.00,1375.00,423.00,241.00,148.00,175.00,120.00,58.00,APPROVED
PA: PITTSBURGH,03/21/2015 21:11:00,,2028.00,1370.00,416.00,240.00,147.00,173.00,120.00,57.00,APPROVED
PA: PITTSBURGH,03/21/2015 22:11:00,,2063.00,1400.00,427.00,249.00,147.00,175.00,120.00,60.00,APPROVED
PA: PITTSBURGH,03/21/2015 23:12:00,,2154.00,1464.00,438.00,254.00,150.00,182.00,123.00,59.00,APPROVED
PA: PITTSBURGH,03/22/2015 00:12:00,,2180.00,1492.00,441.00,262.00,151.00,184.00,123.00,60.00,APPROVED
PA: PITTSBURGH,03/22/2015 01:12:00,,2195.00,1486.00,440.00,256.00,152.00,181.00,122.00,59.00,APPROVED
PA: PITTSBURGH,03/22/2015 02:12:00,,2208.00,1490.00,444.00,255.00,152.00,180.00,119.00,58.00,APPROVED
PA: PITTSBURGH,03/22/2015 03:12:00,,2228.00,1480.00,440.00,251.00,148.00,177.00,120.00,57.00,APPROVED
PA: PITTSBURGH,03/22/2015 04:13:00,,2236.00,1483.00,435.00,247.00,149.00,174.00,120.00,56.00,APPROVED
PA: PITTSBURGH,03/22/2015 05:13:00,,2215.00,1469.00,434.00,240.00,143.00,173.00,117.00,55.00,APPROVED
PA: PITTSBURGH,03/22/2015 06:13:00,,2215.00,1437.00,429.00,235.00,144.00,168.00,116.00,56.00,APPROVED
PA: PITTSBURGH,03/22/2015 07:13:00,,2199.00,1419.00,418.00,228.00,143.00,169.00,111.00,55.00,APPROVED
PA: PITTSBURGH,03/22/2015 08:13:00,,2204.00,1406.00,418.00,217.00,139.00,163.00,111.00,55.00,APPROVED
PA: PITTSBURGH,03/22/2015 09:14:00,,2215.00,1394.00,411.00,219.00,138.00,156.00,111.00,51.00,APPROVED
PA: PITTSBURGH,03/22/2015 10:14:00,,2209.00,1396.00,410.00,212.00,136.00,158.00,110.00,54.00,APPROVED
PA: PITTSBURGH,03/22/2015 11:14:00,,2221.00,1389.00,409.00,212.00,136.00,152.00,109.00,53.00,APPROVED
PA: PITTSBURGH,03/22/2015 12:14:00,,2238.00,1399.00,410.00,209.00,137.00,157.00,107.00,51.00,APPROVED
PA: PITTSBURGH,03/22/2015 13:14:00,,2235.00,1407.00,413.00,209.00,137.00,156.00,107.00,52.00,APPROVED
PA: PITTSBURGH,03/22/2015 14:15:00,,2233.00,1405.00,411.00,213.00,135.00,159.00,106.00,53.00,APPROVED
PA: PITTSBURGH,03/22/2015 15:15:00,,2228.00,1397.00,408.00,213.00,133.00,152.00,107.00,52.00,APPROVED
PA: PITTSBURGH,03/22/2015 16:15:00,,2209.00,1392.00,404.00,213.00,134.00,158.00,110.00,53.00,APPROVED
PA: PITTSBURGH,03/22/2015 17:15:00,,2175.00,1379.00,403.00,211.00,136.00,155.00,108.00,53.00,APPROVED
PA: PITTSBURGH,03/22/2015 18:16:00,,2109.00,1335.00,403.00,207.00,134.00,154.00,111.00,52.00,APPROVED
PA: PITTSBURGH,03/22/2015 19:16:00,,2093.00,1326.00,400.00,207.00,133.00,155.00,109.00,53.00,APPROVED
PA: PITTSBURGH,03/22/2015 20:16:00,,2071.00,1314.00,394.00,208.00,134.00,154.00,107.00,52.00,APPROVED
PA: PITTSBURGH,03/22/2015 21:16:00,,2060.00,1313.00,395.00,211.00,135.00,153.00,108.00,52.00,APPROVED
PA: PITTSBURGH,03/22/2015 22:16:00,,2070.00,1318.00,393.00,209.00,135.00,153.00,108.00,52.00,APPROVED
PA: PITTSBURGH,03/22/2015 23:17:00,,2081.00,1324.00,393.00,209.00,137.00,154.00,111.00,53.00,APPROVED
PA: PITTSBURGH,03/23/2015 00:17:00,,2126.00,1350.00,396.00,204.00,135.00,154.00,108.00,52.00,APPROVED
PA: PITTSBURGH,03/23/2015 01:17:00,,2155.00,1356.00,404.00,212.00,134.00,155.00,108.00,53.00,APPROVED
PA: PITTSBURGH,03/23/2015 02:17:00,,2187.00,1381.00,401.00,209.00,137.00,156.00,109.00,52.00,APPROVED
PA: PITTSBURGH,03/23/2015 03:17:00,,2222.00,1393.00,405.00,209.00,137.00,154.00,110.00,53.00,APPROVED
PA: PITTSBURGH,03/23/2015 04:18:00,,2234.00,1377.00,404.00,207.00,136.00,155.00,105.00,51.00,APPROVED
PA: PITTSBURGH,03/23/2015 05:18:00,,2230.00,1379.00,409.00,209.00,135.00,153.00,107.00,53.00,APPROVED
PA: PITTSBURGH,03/23/2015 06:18:00,,2243.00,1386.00,408.00,204.00,136.00,153.00,104.00,50.00,APPROVED
PA: PITTSBURGH,03/23/2015 07:18:00,,2243.00,1396.00,414.00,205.00,137.00,156.00,105.00,53.00,APPROVED
PA: PITTSBURGH,03/23/2015 08:18:00,,2270.00,1406.00,411.00,210.00,136.00,157.00,105.00,51.00,APPROVED
PA: PITTSBURGH,03/23/2015 09:19:00,,2258.00,1410.00,414.00,209.00,140.00,161.00,106.00,53.00,APPROVED
PA: PITTSBURGH,03/23/2015 10:19:00,,2280.00,1425.00,417.00,211.00,138.00,159.00,107.00,53.00,APPROVED
PA: PITTSBURGH,03/23/2015 11:19:00,,2292.00,1426.00,417.00,213.00,138.00,160.00,103.00,53.00,APPROVED
PA: PITTSBURGH,03/23/2015 12:19:00,,2304.00,1421.00,418.00,212.00,140.00,163.00,103.00,53.00,APPROVED
PA: PITTSBURGH,03/23/2015 13:19:00,,2267.00,1408.00,416.00,214.00,138.00,161.00,107.00,54.00,APPROVED
PA: PITTSBURGH,03/23/2015 14:20:00,,2251.00,1393.00,409.00,207.00,138.00,159.00,106.00,52.00,APPROVED
PA: PITTSBURGH,03/23/2015 15:27:00,,2231.00,1379.00,404.00,205.00,138.00,153.00,106.00,50.00,APPROVED
PA: PITTSBURGH,03/23/2015 16:28:00,,2213.00,1382.00,404.00,211.00,138.00,159.00,109.00,52.00,APPROVED
PA: PITTSBURGH,03/23/2015 17:28:00,,2188.00,1371.00,406.00,218.00,137.00,159.00,109.00,54.00,APPROVED
PA: PITTSBURGH,03/23/2015 18:28:00,,2068.00,1332.00,404.00,213.00,135.00,157.00,111.00,52.00,APPROVED
PA: PITTSBURGH,03/23/2015 19:28:00,,2003.00,1290.00,394.00,212.00,136.00,159.00,111.00,53.00,APPROVED
PA: PITTSBURGH,03/23/2015 20:28:00,,2017.00,1300.00,393.00,216.00,138.00,158.00,112.00,55.00,APPROVED
PA: PITTSBURGH,03/23/2015 21:29:00,,2052.00,1316.00,397.00,210.00,138.00,157.00,109.00,52.00,APPROVED
PA: PITTSBURGH,03/23/2015 22:29:00,,2067.00,1321.00,393.00,211.00,136.00,160.00,110.00,54.00,APPROVED
PA: PITTSBURGH,03/23/2015 23:29:00,,2100.00,1345.00,404.00,215.00,137.00,158.00,112.00,54.00,APPROVED
PA: PITTSBURGH,03/24/2015 00:29:00,,2160.00,1388.00,413.00,223.00,141.00,164.00,113.00,53.00,APPROVED
PA: PITTSBURGH,03/24/2015 01:30:00,,2306.00,1498.00,440.00,238.00,147.00,173.00,118.00,54.00,APPROVED
PA: PITTSBURGH,03/24/2015 02:30:00,,2264.00,1454.00,421.00,228.00,144.00,167.00,114.00,55.00,APPROVED
PA: PITTSBURGH,03/24/2015 03:30:00,,2231.00,1404.00,411.00,216.00,139.00,161.00,109.00,52.00,APPROVED
PA: PITTSBURGH,03/24/2015 04:30:00,,2216.00,1398.00,409.00,214.00,139.00,155.00,107.00,52.00,APPROVED
PA: PITTSBURGH,03/24/2015 05:30:00,,2213.00,1409.00,408.00,217.00,137.00,159.00,110.00,52.00,APPROVED
PA: PITTSBURGH,03/24/2015 06:31:00,,2220.00,1404.00,409.00,215.00,135.00,157.00,109.00,53.00,APPROVED
PA: PITTSBURGH,03/24/2015 07:31:00,,2231.00,1406.00,411.00,214.00,139.00,161.00,110.00,52.00,APPROVED
PA: PITTSBURGH,03/24/2015 08:31:00,,2232.00,1412.00,406.00,216.00,134.00,160.00,109.00,52.00,APPROVED
PA: PITTSBURGH,03/24/2015 09:31:00,,2243.00,1419.00,412.00,217.00,139.00,161.00,109.00,54.00,APPROVED
PA: PITTSBURGH,03/24/2015 10:31:00,,2246.00,1423.00,416.00,219.00,140.00,162.00,108.00,53.00,APPROVED
PA: PITTSBURGH,03/24/2015 11:32:00,,2256.00,1420.00,418.00,220.00,143.00,162.00,110.00,53.00,APPROVED
PA: PITTSBURGH,03/24/2015 12:32:00,,2267.00,1449.00,422.00,225.00,140.00,164.00,115.00,52.00,APPROVED
PA: PITTSBURGH,03/24/2015 13:32:00,,2258.00,1445.00,427.00,229.00,144.00,165.00,114.00,52.00,APPROVED
PA: PITTSBURGH,03/24/2015 14:32:00,,2226.00,1426.00,420.00,224.00,144.00,165.00,110.00,55.00,APPROVED
PA: PITTSBURGH,03/24/2015 15:32:00,,2185.00,1404.00,413.00,226.00,143.00,164.00,115.00,54.00,APPROVED
PA: PITTSBURGH,03/24/2015 16:33:00,,2119.00,1380.00,409.00,227.00,145.00,165.00,114.00,53.00,APPROVED
PA: PITTSBURGH,03/24/2015 17:33:00,,2082.00,1351.00,410.00,224.00,141.00,160.00,111.00,55.00,APPROVED
PA: PITTSBURGH,03/24/2015 18:33:00,,2024.00,1317.00,406.00,219.00,137.00,162.00,111.00,54.00,APPROVED
PA: PITTSBURGH,03/24/2015 19:33:00,,1988.00,1287.00,401.00,218.00,138.00,161.00,113.00,54.00,APPROVED
PA: PITTSBURGH,03/24/2015 20:33:00,,1891.00,1241.00,392.00,214.00,136.00,159.00,112.00,55.00,APPROVED
PA: PITTSBURGH,03/24/2015 21:34:00,,1883.00,1232.00,387.00,211.00,137.00,160.00,113.00,54.00,APPROVED
PA: PITTSBURGH,03/24/2015 22:34:00,,1896.00,1243.00,396.00,216.00,139.00,162.00,112.00,55.00,APPROVED
PA: PITTSBURGH,03/24/2015 23:34:00,,1930.00,1257.00,393.00,214.00,136.00,161.00,114.00,55.00,APPROVED
PA: PITTSBURGH,03/25/2015 00:34:00,,2052.00,1322.00,405.00,218.00,141.00,164.00,114.00,55.00,APPROVED
PA: PITTSBURGH,03/25/2015 01:34:00,,2096.00,1375.00,409.00,222.00,141.00,162.00,116.00,55.00,APPROVED
PA: PITTSBURGH,03/25/2015 02:35:00,,2152.00,1404.00,420.00,230.00,139.00,164.00,115.00,54.00,APPROVED
PA: PITTSBURGH,03/25/2015 03:35:00,,2221.00,1472.00,435.00,239.00,146.00,170.00,116.00,55.00,APPROVED
PA: PITTSBURGH,03/25/2015 04:35:00,,2278.00,1509.00,446.00,249.00,149.00,177.00,120.00,58.00,APPROVED
PA: PITTSBURGH,03/25/2015 05:35:00,,2289.00,1506.00,444.00,245.00,152.00,175.00,121.00,57.00,APPROVED
PA: PITTSBURGH,03/25/2015 06:35:00,,2288.00,1505.00,442.00,243.00,151.00,177.00,118.00,56.00,APPROVED
PA: PITTSBURGH,03/25/2015 07:36:00,,2292.00,1525.00,452.00,246.00,150.00,180.00,118.00,57.00,APPROVED
PA: PITTSBURGH,03/25/2015 08:36:00,,2303.00,1535.00,453.00,250.00,150.00,179.00,121.00,55.00,APPROVED
PA: PITTSBURGH,03/25/2015 09:36:00,,2324.00,1539.00,448.00,250.00,152.00,179.00,121.00,56.00,APPROVED
PA: PITTSBURGH,03/25/2015 10:36:00,,2341.00,1564.00,452.00,256.00,151.00,183.00,121.00,56.00,APPROVED
PA: PITTSBURGH,03/25/2015 11:36:00,,2348.00,1585.00,466.00,265.00,151.00,184.00,125.00,58.00,APPROVED
PA: PITTSBURGH,03/25/2015 12:37:00,,2428.00,1662.00,488.00,281.00,160.00,200.00,126.00,59.00,APPROVED
PA: PITTSBURGH,03/25/2015 13:37:00,,2335.00,1570.00,460.00,268.00,156.00,189.00,125.00,60.00,APPROVED
PA: PITTSBURGH,03/25/2015 14:37:00,,2397.00,1640.00,477.00,281.00,161.00,194.00,128.00,59.00,APPROVED
PA: PITTSBURGH,03/25/2015 15:37:00,,2569.00,1808.00,521.00,314.00,174.00,219.00,136.00,64.00,APPROVED
PA: PITTSBURGH,03/25/2015 16:37:00,,2473.00,1737.00,511.00,304.00,170.00,210.00,134.00,63.00,APPROVED
PA: PITTSBURGH,03/25/2015 17:38:00,,2331.00,1629.00,485.00,291.00,164.00,201.00,130.00,62.00,APPROVED
PA: PITTSBURGH,03/25/2015 18:38:00,,2113.00,1436.00,444.00,256.00,150.00,180.00,123.00,59.00,APPROVED
PA: PITTSBURGH,03/25/2015 19:38:00,,2005.00,1357.00,423.00,240.00,143.00,174.00,119.00,58.00,APPROVED
PA: PITTSBURGH,03/25/2015 20:38:00,,1884.00,1275.00,408.00,229.00,140.00,168.00,119.00,55.00,APPROVED
PA: PITTSBURGH,03/25/2015 21:38:00,,1784.00,1206.00,394.00,225.00,136.00,167.00,116.00,56.00,APPROVED
PA: PITTSBURGH,03/25/2015 22:39:00,,1775.00,1192.00,392.00,220.00,140.00,169.00,119.00,55.00,APPROVED
PA: PITTSBURGH,03/25/2015 23:39:00,,1773.00,1204.00,396.00,221.00,140.00,168.00,114.00,58.00,APPROVED
PA: PITTSBURGH,03/26/2015 00:39:00,,1816.00,1242.00,402.00,228.00,141.00,169.00,118.00,57.00,APPROVED
PA: PITTSBURGH,03/26/2015 01:39:00,,1874.00,1269.00,403.00,228.00,140.00,171.00,116.00,59.00,APPROVED
PA: PITTSBURGH,03/26/2015 02:39:00,,1920.00,1310.00,411.00,239.00,143.00,173.00,117.00,57.00,APPROVED
PA: PITTSBURGH,03/26/2015 03:40:00,,2029.00,1382.00,422.00,245.00,145.00,176.00,120.00,59.00,APPROVED
PA: PITTSBURGH,03/26/2015 04:40:00,,2168.00,1503.00,445.00,265.00,153.00,190.00,125.00,60.00,APPROVED
PA: PITTSBURGH,03/26/2015 05:40:00,,2286.00,1615.00,467.00,289.00,162.00,197.00,131.00,62.00,APPROVED
PA: PITTSBURGH,03/26/2015 06:40:00,,2372.00,1697.00,491.00,312.00,171.00,213.00,135.00,66.00,APPROVED
PA: PITTSBURGH,03/26/2015 07:40:00,,2428.00,1771.00,513.00,326.00,178.00,221.00,140.00,68.00,APPROVED
PA: PITTSBURGH,03/26/2015 08:41:00,,2467.00,1814.00,524.00,339.00,181.00,227.00,145.00,70.00,APPROVED
PA: PITTSBURGH,03/26/2015 09:41:00,,2486.00,1850.00,535.00,343.00,183.00,231.00,146.00,69.00,APPROVED
PA: PITTSBURGH,03/26/2015 10:41:00,,2483.00,1815.00,526.00,341.00,182.00,231.00,146.00,69.00,APPROVED
PA: PITTSBURGH,03/26/2015 11:41:00,,2425.00,1783.00,519.00,334.00,176.00,225.00,143.00,67.00,APPROVED
PA: PITTSBURGH,03/26/2015 12:41:00,,2354.00,1705.00,507.00,316.00,171.00,213.00,139.00,67.00,APPROVED
PA: PITTSBURGH,03/26/2015 13:42:00,,2267.00,1629.00,491.00,304.00,170.00,211.00,135.00,67.00,APPROVED
PA: PITTSBURGH,03/26/2015 14:42:00,,2179.00,1545.00,470.00,286.00,164.00,197.00,130.00,64.00,APPROVED
PA: PITTSBURGH,03/26/2015 15:42:00,,2147.00,1504.00,461.00,276.00,161.00,196.00,127.00,63.00,APPROVED
PA: PITTSBURGH,03/26/2015 16:42:00,,2404.00,1756.00,518.00,326.00,177.00,223.00,138.00,69.00,APPROVED
PA: PITTSBURGH,03/26/2015 17:42:00,,2649.00,1975.00,567.00,368.00,193.00,245.00,152.00,72.00,APPROVED
PA: PITTSBURGH,03/26/2015 18:43:00,,2683.00,2014.00,580.00,375.00,196.00,244.00,150.00,74.00,APPROVED
PA: PITTSBURGH,03/26/2015 19:43:00,,2366.00,1672.00,491.00,306.00,167.00,211.00,134.00,64.00,APPROVED
PA: PITTSBURGH,03/26/2015 20:43:00,,2189.00,1476.00,448.00,259.00,151.00,185.00,122.00,61.00,APPROVED
PA: PITTSBURGH,03/26/2015 21:43:00,,2159.00,1443.00,440.00,246.00,148.00,176.00,123.00,58.00,APPROVED
PA: PITTSBURGH,03/26/2015 22:43:00,,2176.00,1443.00,439.00,249.00,147.00,177.00,119.00,57.00,APPROVED
PA: PITTSBURGH,03/26/2015 23:44:00,,2113.00,1405.00,423.00,238.00,144.00,169.00,116.00,57.00,APPROVED
PA: PITTSBURGH,03/27/2015 00:44:00,,2131.00,1408.00,424.00,237.00,144.00,172.00,116.00,56.00,APPROVED
PA: PITTSBURGH,03/27/2015 01:44:00,,2234.00,1513.00,449.00,257.00,151.00,183.00,121.00,60.00,APPROVED
PA: PITTSBURGH,03/27/2015 02:44:00,,2255.00,1519.00,452.00,266.00,151.00,184.00,123.00,59.00,APPROVED
PA: PITTSBURGH,03/27/2015 03:44:00,,2279.00,1553.00,459.00,266.00,158.00,189.00,126.00,59.00,APPROVED
PA: PITTSBURGH,03/27/2015 04:45:00,,2263.00,1524.00,456.00,263.00,151.00,184.00,121.00,59.00,APPROVED
PA: PITTSBURGH,03/27/2015 05:45:00,,2235.00,1499.00,445.00,253.00,151.00,181.00,122.00,58.00,APPROVED
PA: PITTSBURGH,03/27/2015 06:45:00,,2235.00,1493.00,441.00,251.00,149.00,179.00,117.00,58.00,APPROVED
PA: PITTSBURGH,03/27/2015 07:45:00,,2231.00,1488.00,447.00,251.00,152.00,178.00,120.00,56.00,APPROVED
PA: PITTSBURGH,03/27/2015 08:45:00,,2262.00,1502.00,450.00,252.00,150.00,177.00,121.00,57.00,APPROVED
PA: PITTSBURGH,03/27/2015 09:46:00,,2265.00,1524.00,447.00,259.00,152.00,179.00,120.00,56.00,APPROVED
PA: PITTSBURGH,03/27/2015 10:46:00,,2263.00,1521.00,449.00,256.00,154.00,183.00,120.00,60.00,APPROVED
PA: PITTSBURGH,03/27/2015 11:46:00,,2290.00,1528.00,443.00,252.00,152.00,180.00,119.00,58.00,APPROVED
PA: PITTSBURGH,03/27/2015 12:46:00,,2253.00,1487.00,440.00,247.00,148.00,178.00,121.00,56.00,APPROVED
PA: PITTSBURGH,03/27/2015 13:46:00,,2206.00,1458.00,430.00,236.00,148.00,171.00,115.00,54.00,APPROVED
PA: PITTSBURGH,03/27/2015 14:47:00,,2189.00,1426.00,422.00,228.00,140.00,163.00,114.00,55.00,APPROVED
PA: PITTSBURGH,03/27/2015 15:47:00,,2164.00,1385.00,413.00,223.00,139.00,161.00,110.00,54.00,APPROVED
PA: PITTSBURGH,03/27/2015 16:47:00,,2185.00,1393.00,405.00,216.00,135.00,156.00,111.00,52.00,APPROVED
PA: PITTSBURGH,03/27/2015 17:47:00,,2164.00,1377.00,407.00,219.00,137.00,156.00,110.00,53.00,APPROVED
PA: PITTSBURGH,03/27/2015 18:47:00,,2151.00,1368.00,410.00,215.00,137.00,158.00,111.00,54.00,APPROVED
PA: PITTSBURGH,03/27/2015 19:48:00,,2158.00,1372.00,405.00,215.00,137.00,154.00,111.00,54.00,APPROVED
PA: PITTSBURGH,03/27/2015 20:48:00,,2158.00,1377.00,402.00,210.00,136.00,158.00,108.00,53.00,APPROVED
PA: PITTSBURGH,03/27/2015 21:48:00,,2178.00,1374.00,404.00,212.00,136.00,155.00,107.00,53.00,APPROVED
PA: PITTSBURGH,03/27/2015 22:48:00,,2201.00,1387.00,410.00,212.00,136.00,158.00,109.00,55.00,APPROVED
PA: PITTSBURGH,03/27/2015 23:48:00,,2198.00,1389.00,405.00,210.00,137.00,157.00,107.00,53.00,APPROVED
PA: PITTSBURGH,03/28/2015 00:49:00,,2217.00,1388.00,407.00,213.00,137.00,157.00,107.00,51.00,APPROVED
PA: PITTSBURGH,03/28/2015 01:49:00,,2222.00,1379.00,400.00,211.00,138.00,156.00,105.00,53.00,APPROVED
PA: PITTSBURGH,03/28/2015 02:49:00,,2234.00,1391.00,411.00,210.00,136.00,155.00,106.00,53.00,APPROVED
PA: PITTSBURGH,03/28/2015 03:49:00,,2225.00,1379.00,402.00,209.00,135.00,154.00,105.00,51.00,APPROVED
PA: PITTSBURGH,03/28/2015 04:49:00,,2241.00,1383.00,407.00,208.00,135.00,153.00,105.00,51.00,APPROVED
PA: PITTSBURGH,03/28/2015 05:50:00,,2230.00,1381.00,403.00,205.00,135.00,153.00,100.00,52.00,APPROVED
PA: PITTSBURGH,03/28/2015 06:50:00,,2242.00,1368.00,404.00,203.00,132.00,156.00,102.00,51.00,APPROVED
PA: PITTSBURGH,03/28/2015 07:50:00,,2240.00,1374.00,402.00,201.00,137.00,158.00,100.00,51.00,APPROVED
PA: PITTSBURGH,03/28/2015 08:50:00,,2255.00,1379.00,405.00,201.00,138.00,154.00,99.00,52.00,APPROVED
PA: PITTSBURGH,03/28/2015 09:50:00,,2263.00,1377.00,403.00,199.00,134.00,155.00,98.00,51.00,APPROVED
PA: PITTSBURGH,03/28/2015 10:51:00,,2261.00,1359.00,404.00,202.00,133.00,158.00,95.00,51.00,APPROVED
PA: PITTSBURGH,03/28/2015 11:51:00,,2274.00,1359.00,401.00,197.00,133.00,156.00,95.00,52.00,APPROVED
PA: PITTSBURGH,03/28/2015 12:51:00,,2264.00,1365.00,406.00,199.00,132.00,154.00,95.00,52.00,APPROVED
PA: PITTSBURGH,03/28/2015 13:51:00,,2261.00,1366.00,409.00,201.00,135.00,157.00,96.00,51.00,APPROVED
PA: PITTSBURGH,03/28/2015 14:51:00,,2252.00,1354.00,404.00,200.00,135.00,155.00,98.00,52.00,APPROVED
PA: PITTSBURGH,03/28/2015 15:52:00,,2244.00,1356.00,401.00,202.00,133.00,152.00,99.00,50.00,APPROVED
PA: PITTSBURGH,03/28/2015 16:52:00,,2224.00,1362.00,400.00,200.00,133.00,153.00,100.00,52.00,APPROVED
PA: PITTSBURGH,03/28/2015 17:52:00,,2225.00,1363.00,401.00,207.00,132.00,152.00,102.00,53.00,APPROVED
PA: PITTSBURGH,03/28/2015 18:52:00,,2235.00,1370.00,404.00,202.00,134.00,152.00,107.00,53.00,APPROVED
PA: PITTSBURGH,03/28/2015 19:52:00,,2214.00,1364.00,400.00,203.00,133.00,154.00,104.00,53.00,APPROVED
PA: PITTSBURGH,03/28/2015 20:53:00,,2201.00,1363.00,404.00,206.00,138.00,151.00,106.00,51.00,APPROVED
PA: PITTSBURGH,03/28/2015 21:53:00,,2186.00,1365.00,403.00,203.00,135.00,154.00,106.00,51.00,APPROVED
PA: PITTSBURGH,03/28/2015 22:53:00,,2190.00,1355.00,402.00,206.00,135.00,151.00,105.00,51.00,APPROVED
PA: PITTSBURGH,03/28/2015 23:53:00,,2201.00,1368.00,405.00,203.00,134.00,152.00,106.00,52.00,APPROVED
PA: PITTSBURGH,03/29/2015 00:53:00,,2212.00,1363.00,403.00,200.00,135.00,152.00,103.00,52.00,APPROVED
PA: PITTSBURGH,03/29/2015 01:54:00,,2221.00,1367.00,399.00,208.00,135.00,154.00,104.00,53.00,APPROVED
PA: PITTSBURGH,03/29/2015 02:54:00,,2232.00,1367.00,400.00,202.00,133.00,154.00,103.00,52.00,APPROVED
PA: PITTSBURGH,03/29/2015 03:54:00,,2237.00,1374.00,402.00,205.00,134.00,154.00,104.00,51.00,APPROVED
PA: PITTSBURGH,03/29/2015 04:54:00,,2254.00,1386.00,412.00,204.00,135.00,158.00,103.00,52.00,APPROVED
PA: PITTSBURGH,03/29/2015 05:54:00,,2280.00,1408.00,419.00,211.00,139.00,158.00,104.00,52.00,APPROVED
PA: PITTSBURGH,03/29/2015 06:55:00,,2281.00,1415.00,417.00,213.00,137.00,161.00,104.00,53.00,APPROVED
PA: PITTSBURGH,03/29/2015 07:55:00,,2282.00,1423.00,417.00,210.00,139.00,159.00,102.00,53.00,APPROVED
PA: PITTSBURGH,03/29/2015 08:55:00,,2289.00,1409.00,414.00,212.00,138.00,159.00,101.00,53.00,APPROVED
PA: PITTSBURGH,03/29/2015 09:55:00,,2293.00,1426.00,415.00,213.00,139.00,159.00,105.00,51.00,APPROVED
PA: PITTSBURGH,03/29/2015 10:55:00,,2316.00,1438.00,424.00,214.00,139.00,167.00,99.00,53.00,APPROVED
PA: PITTSBURGH,03/29/2015 11:56:00,,2335.00,1464.00,426.00,218.00,139.00,167.00,104.00,54.00,APPROVED
PA: PITTSBURGH,03/29/2015 12:56:00,,2339.00,1480.00,435.00,223.00,142.00,172.00,108.00,53.00,APPROVED
PA: PITTSBURGH,03/29/2015 13:56:00,,2289.00,1443.00,425.00,217.00,138.00,163.00,106.00,53.00,APPROVED
PA: PITTSBURGH,03/29/2015 14:56:00,,2268.00,1417.00,417.00,216.00,138.00,158.00,105.00,53.00,APPROVED
PA: PITTSBURGH,03/29/2015 15:56:00,,2227.00,1395.00,411.00,214.00,138.00,160.00,110.00,52.00,APPROVED
PA: PITTSBURGH,03/29/2015 16:57:00,,2178.00,1372.00,410.00,212.00,138.00,156.00,108.00,54.00,APPROVED
PA: PITTSBURGH,03/29/2015 17:57:00,,2111.00,1337.00,404.00,217.00,139.00,158.00,109.00,53.00,APPROVED
PA: PITTSBURGH,03/29/2015 18:57:00,,2012.00,1280.00,393.00,210.00,136.00,158.00,110.00,51.00,APPROVED
PA: PITTSBURGH,03/29/2015 19:57:00,,1982.00,1270.00,395.00,209.00,134.00,153.00,110.00,54.00,APPROVED
PA: PITTSBURGH,03/29/2015 20:57:00,,1957.00,1257.00,396.00,209.00,135.00,157.00,112.00,53.00,APPROVED
PA: PITTSBURGH,03/29/2015 21:58:00,,2005.00,1290.00,397.00,210.00,137.00,157.00,111.00,54.00,APPROVED
PA: PITTSBURGH,03/29/2015 22:58:00,,2028.00,1299.00,395.00,211.00,137.00,158.00,112.00,55.00,APPROVED
PA: PITTSBURGH,03/29/2015 23:58:00,,2064.00,1314.00,399.00,212.00,138.00,159.00,108.00,55.00,APPROVED
PA: PITTSBURGH,03/30/2015 00:58:00,,2091.00,1323.00,403.00,211.00,137.00,159.00,111.00,56.00,APPROVED
PA: PITTSBURGH,03/30/2015 01:59:00,,2087.00,1332.00,397.00,216.00,138.00,156.00,112.00,53.00,APPROVED
PA: PITTSBURGH,03/30/2015 02:59:00,,2083.00,1337.00,402.00,217.00,137.00,157.00,111.00,53.00,APPROVED
PA: PITTSBURGH,03/30/2015 03:59:00,,2216.00,1461.00,434.00,243.00,147.00,170.00,118.00,56.00,APPROVED
PA: PITTSBURGH,03/30/2015 04:59:00,,2244.00,1464.00,439.00,239.00,145.00,175.00,117.00,56.00,APPROVED
PA: PITTSBURGH,03/30/2015 05:59:00,,2191.00,1405.00,418.00,229.00,144.00,161.00,112.00,54.00,APPROVED
PA: PITTSBURGH,03/30/2015 07:00:00,,2156.00,1378.00,416.00,222.00,142.00,159.00,113.00,53.00,APPROVED
PA: PITTSBURGH,03/30/2015 08:00:00,,2164.00,1397.00,414.00,227.00,142.00,163.00,114.00,55.00,APPROVED
PA: PITTSBURGH,03/30/2015 09:00:00,,2320.00,1545.00,459.00,255.00,153.00,182.00,120.00,59.00,APPROVED
PA: PITTSBURGH,03/30/2015 10:00:00,,2292.00,1538.00,455.00,255.00,152.00,181.00,120.00,58.00,APPROVED
PA: PITTSBURGH,03/30/2015 11:00:00,,2219.00,1452.00,433.00,243.00,148.00,175.00,120.00,54.00,APPROVED
PA: PITTSBURGH,03/30/2015 12:01:00,,2185.00,1425.00,423.00,237.00,142.00,169.00,114.00,55.00,APPROVED
PA: PITTSBURGH,03/30/2015 13:01:00,,2177.00,1417.00,420.00,230.00,146.00,165.00,114.00,54.00,APPROVED
PA: PITTSBURGH,03/30/2015 14:01:00,,2118.00,1385.00,418.00,226.00,142.00,167.00,116.00,55.00,APPROVED
PA: PITTSBURGH,03/30/2015 15:01:00,,2067.00,1366.00,410.00,227.00,144.00,166.00,114.00,55.00,APPROVED
PA: PITTSBURGH,03/30/2015 16:27:00,,2105.00,1356.00,402.00,216.00,137.00,157.00,112.00,54.00,APPROVED
PA: PITTSBURGH,03/30/2015 17:27:00,,2062.00,1342.00,407.00,219.00,138.00,162.00,113.00,53.00,APPROVED
PA: PITTSBURGH,03/30/2015 18:27:00,,2025.00,1313.00,401.00,222.00,140.00,158.00,113.00,54.00,APPROVED
PA: PITTSBURGH,03/30/2015 19:28:00,,1966.00,1290.00,396.00,218.00,137.00,163.00,111.00,55.00,APPROVED
PA: PITTSBURGH,03/30/2015 20:28:00,,1931.00,1267.00,392.00,213.00,135.00,160.00,113.00,55.00,APPROVED
PA: PITTSBURGH,03/30/2015 21:28:00,,1924.00,1253.00,392.00,216.00,136.00,157.00,110.00,53.00,APPROVED
PA: PITTSBURGH,03/30/2015 22:28:00,,1952.00,1257.00,388.00,213.00,134.00,161.00,112.00,54.00,APPROVED
PA: PITTSBURGH,03/30/2015 23:28:00,,1978.00,1282.00,395.00,212.00,136.00,158.00,112.00,54.00,APPROVED
PA: PITTSBURGH,03/31/2015 00:29:00,,2003.00,1304.00,401.00,212.00,138.00,162.00,111.00,54.00,APPROVED
PA: PITTSBURGH,03/31/2015 01:29:00,,2024.00,1304.00,398.00,216.00,140.00,160.00,111.00,53.00,APPROVED
PA: PITTSBURGH,03/31/2015 02:29:00,,2042.00,1319.00,398.00,217.00,139.00,161.00,113.00,54.00,APPROVED
PA: PITTSBURGH,03/31/2015 03:29:00,,2053.00,1320.00,398.00,211.00,137.00,158.00,111.00,55.00,APPROVED
PA: PITTSBURGH,03/31/2015 04:29:00,,2057.00,1335.00,405.00,216.00,138.00,159.00,113.00,55.00,APPROVED
PA: PITTSBURGH,03/31/2015 05:30:00,,2080.00,1347.00,408.00,221.00,141.00,165.00,111.00,55.00,APPROVED
PA: PITTSBURGH,03/31/2015 06:30:00,,2094.00,1347.00,409.00,219.00,142.00,162.00,112.00,53.00,APPROVED
PA: PITTSBURGH,03/31/2015 07:30:00,,2090.00,1352.00,410.00,214.00,139.00,161.00,114.00,52.00,APPROVED
PA: PITTSBURGH,03/31/2015 08:30:00,,2094.00,1364.00,411.00,222.00,140.00,166.00,115.00,55.00,APPROVED
PA: PITTSBURGH,03/31/2015 09:30:00,,2153.00,1416.00,422.00,232.00,144.00,169.00,116.00,55.00,APPROVED
PA: PITTSBURGH,03/31/2015 10:31:00,,2188.00,1445.00,429.00,242.00,146.00,172.00,117.00,57.00,APPROVED
PA: PITTSBURGH,03/31/2015 11:31:00,,2181.00,1443.00,430.00,240.00,148.00,169.00,118.00,58.00,APPROVED
PA: PITTSBURGH,03/31/2015 12:31:00,,2184.00,1425.00,426.00,235.00,145.00,172.00,119.00,56.00,APPROVED
PA: PITTSBURGH,03/31/2015 13:31:00,,2148.00,1437.00,429.00,238.00,147.00,172.00,117.00,56.00,APPROVED
PA: PITTSBURGH,03/31/2015 14:31:00,,2108.00,1390.00,419.00,232.00,145.00,168.00,118.00,56.00,APPROVED
PA: PITTSBURGH,03/31/2015 15:32:00,,2026.00,1337.00,417.00,229.00,141.00,167.00,116.00,57.00,APPROVED
PA: PITTSBURGH,03/31/2015 16:32:00,,1960.00,1297.00,401.00,224.00,141.00,161.00,114.00,55.00,APPROVED
PA: PITTSBURGH,03/31/2015 17:32:00,,1919.00,1285.00,398.00,223.00,139.00,167.00,115.00,57.00,APPROVED
PA: PITTSBURGH,03/31/2015 18:32:00,,1885.00,1261.00,404.00,225.00,143.00,168.00,114.00,57.00,APPROVED
PA: PITTSBURGH,03/31/2015 19:32:00,,1894.00,1275.00,404.00,226.00,144.00,172.00,118.00,57.00,APPROVED
PA: PITTSBURGH,03/31/2015 20:33:00,,1960.00,1326.00,409.00,236.00,143.00,172.00,117.00,57.00,APPROVED
PA: PITTSBURGH,03/31/2015 21:33:00,,2043.00,1374.00,417.00,240.00,145.00,176.00,118.00,59.00,APPROVED
PA: PITTSBURGH,03/31/2015 22:33:00,,2117.00,1404.00,420.00,239.00,145.00,171.00,117.00,56.00,APPROVED
PA: PITTSBURGH,03/31/2015 23:33:00,,2112.00,1379.00,415.00,224.00,144.00,166.00,116.00,55.00,APPROVED
PA: PITTSBURGH,04/01/2015 00:33:00,,2093.00,1355.00,404.00,215.00,139.00,159.00,113.00,53.00,APPROVED
PA: PITTSBURGH,04/01/2015 01:34:00,,2104.00,1354.00,409.00,213.00,140.00,159.00,113.00,53.00,APPROVED
PA: PITTSBURGH,04/01/2015 02:34:00,,2119.00,1359.00,408.00,214.00,136.00,160.00,113.00,53.00,APPROVED
PA: PITTSBURGH,04/01/2015 03:34:00,,2143.00,1366.00,417.00,215.00,140.00,158.00,110.00,53.00,APPROVED
PA: PITTSBURGH,04/01/2015 04:34:00,,2163.00,1381.00,407.00,217.00,139.00,158.00,113.00,53.00,APPROVED
PA: PITTSBURGH,04/01/2015 05:34:00,,2183.00,1385.00,410.00,218.00,137.00,158.00,111.00,52.00,APPROVED
PA: PITTSBURGH,04/01/2015 06:35:00,,2208.00,1412.00,413.00,217.00,138.00,156.00,109.00,52.00,APPROVED
PA: PITTSBURGH,04/01/2015 07:35:00,,2248.00,1442.00,420.00,223.00,141.00,164.00,113.00,56.00,APPROVED
PA: PITTSBURGH,04/01/2015 08:35:00,,2300.00,1496.00,434.00,238.00,146.00,172.00,115.00,54.00,APPROVED
PA: PITTSBURGH,04/01/2015 09:35:00,,2339.00,1548.00,449.00,243.00,148.00,175.00,118.00,56.00,APPROVED
PA: PITTSBURGH,04/01/2015 10:35:00,,2414.00,1609.00,469.00,260.00,156.00,186.00,122.00,59.00,APPROVED
PA: PITTSBURGH,04/01/2015 11:36:00,,2462.00,1660.00,480.00,272.00,156.00,195.00,128.00,60.00,APPROVED
PA: PITTSBURGH,04/01/2015 12:36:00,,2488.00,1707.00,494.00,281.00,162.00,198.00,127.00,60.00,APPROVED
PA: PITTSBURGH,04/01/2015 13:36:00,,2393.00,1641.00,481.00,271.00,158.00,195.00,126.00,58.00,APPROVED
PA: PITTSBURGH,04/01/2015 14:36:00,,2275.00,1509.00,451.00,250.00,153.00,183.00,120.00,57.00,APPROVED
PA: PITTSBURGH,04/01/2015 15:36:00,,2148.00,1410.00,422.00,237.00,146.00,171.00,119.00,56.00,APPROVED
PA: PITTSBURGH,04/01/2015 16:37:00,,2048.00,1344.00,412.00,224.00,140.00,165.00,115.00,56.00,APPROVED
PA: PITTSBURGH,04/01/2015 17:37:00,,1948.00,1285.00,402.00,214.00,138.00,164.00,116.00,54.00,APPROVED
PA: PITTSBURGH,04/01/2015 18:37:00,,1819.00,1195.00,392.00,210.00,134.00,161.00,113.00,55.00,APPROVED
PA: PITTSBURGH,04/01/2015 19:37:00,,1778.00,1172.00,386.00,206.00,137.00,158.00,113.00,56.00,APPROVED
PA: PITTSBURGH,04/01/2015 20:37:00,,1738.00,1148.00,381.00,203.00,138.00,159.00,109.00,54.00,APPROVED
PA: PITTSBURGH,04/01/2015 21:38:00,,1720.00,1129.00,378.00,207.00,135.00,159.00,112.00,55.00,APPROVED
PA: PITTSBURGH,04/01/2015 22:38:00,,1745.00,1145.00,386.00,205.00,136.00,160.00,113.00,55.00,APPROVED
PA: PITTSBURGH,04/01/2015 23:38:00,,1813.00,1184.00,386.00,210.00,136.00,161.00,111.00,55.00,APPROVED
PA: PITTSBURGH,04/02/2015 00:38:00,,1900.00,1239.00,390.00,214.00,138.00,162.00,113.00,55.00,APPROVED
PA: PITTSBURGH,04/02/2015 01:38:00,,1979.00,1317.00,405.00,223.00,139.00,166.00,115.00,55.00,APPROVED
PA: PITTSBURGH,04/02/2015 02:39:00,,2092.00,1400.00,423.00,240.00,149.00,173.00,119.00,60.00,APPROVED
PA: PITTSBURGH,04/02/2015 03:39:00,,2186.00,1493.00,446.00,255.00,152.00,178.00,122.00,60.00,APPROVED
PA: PITTSBURGH,04/02/2015 04:39:00,,2264.00,1563.00,463.00,272.00,159.00,187.00,126.00,59.00,APPROVED
PA: PITTSBURGH,04/02/2015 05:39:00,,2308.00,1611.00,472.00,282.00,159.00,193.00,128.00,60.00,APPROVED
PA: PITTSBURGH,04/02/2015 06:39:00,,2355.00,1653.00,486.00,291.00,166.00,201.00,133.00,62.00,APPROVED
PA: PITTSBURGH,04/02/2015 07:40:00,,2408.00,1703.00,500.00,299.00,168.00,211.00,134.00,65.00,APPROVED
PA: PITTSBURGH,04/02/2015 08:40:00,,2449.00,1769.00,520.00,311.00,171.00,215.00,139.00,65.00,APPROVED
PA: PITTSBURGH,04/02/2015 09:40:00,,2490.00,1793.00,521.00,319.00,174.00,219.00,140.00,65.00,APPROVED
PA: PITTSBURGH,04/02/2015 10:40:00,,2537.00,1812.00,529.00,320.00,173.00,219.00,142.00,64.00,APPROVED
PA: PITTSBURGH,04/02/2015 11:40:00,,2566.00,1846.00,540.00,324.00,176.00,225.00,142.00,67.00,APPROVED
PA: PITTSBURGH,04/02/2015 12:41:00,,2588.00,1884.00,550.00,338.00,187.00,233.00,146.00,67.00,APPROVED
PA: PITTSBURGH,04/02/2015 13:41:00,,2529.00,1889.00,554.00,341.00,187.00,230.00,149.00,68.00,APPROVED
PA: PITTSBURGH,04/02/2015 14:41:00,,2322.00,1736.00,520.00,326.00,177.00,219.00,142.00,66.00,APPROVED
PA: PITTSBURGH,04/02/2015 15:41:00,,1973.00,1395.00,454.00,267.00,158.00,193.00,128.00,64.00,APPROVED
PA: PITTSBURGH,04/02/2015 16:41:00,,1783.00,1221.00,415.00,233.00,148.00,172.00,123.00,61.00,APPROVED
PA: PITTSBURGH,04/02/2015 17:42:00,,1983.00,1409.00,452.00,271.00,159.00,194.00,131.00,65.00,APPROVED
PA: PITTSBURGH,04/02/2015 18:42:00,,2137.00,1536.00,479.00,290.00,164.00,202.00,135.00,66.00,APPROVED
PA: PITTSBURGH,04/02/2015 19:42:00,,1973.00,1373.00,445.00,256.00,155.00,188.00,128.00,63.00,APPROVED
PA: PITTSBURGH,04/02/2015 20:42:00,,1892.00,1309.00,428.00,241.00,144.00,177.00,120.00,60.00,APPROVED
PA: PITTSBURGH,04/02/2015 21:42:00,,1902.00,1313.00,424.00,239.00,147.00,177.00,120.00,62.00,APPROVED
PA: PITTSBURGH,04/02/2015 22:43:00,,1879.00,1307.00,423.00,243.00,147.00,174.00,124.00,60.00,APPROVED
PA: PITTSBURGH,04/02/2015 23:43:00,,1960.00,1390.00,449.00,261.00,155.00,193.00,127.00,66.00,APPROVED
PA: PITTSBURGH,04/03/2015 00:43:00,,1942.00,1344.00,433.00,253.00,151.00,184.00,125.00,62.00,APPROVED
PA: PITTSBURGH,04/03/2015 01:43:00,,1914.00,1297.00,417.00,242.00,147.00,176.00,119.00,58.00,APPROVED
PA: PITTSBURGH,04/03/2015 02:43:00,,2094.00,1495.00,459.00,275.00,159.00,195.00,128.00,64.00,APPROVED
PA: PITTSBURGH,04/03/2015 03:44:00,,1942.00,1357.00,429.00,249.00,152.00,181.00,122.00,61.00,APPROVED
PA: PITTSBURGH,04/03/2015 04:44:00,,1865.00,1267.00,408.00,230.00,142.00,172.00,115.00,59.00,APPROVED
PA: PITTSBURGH,04/03/2015 05:44:00,,1833.00,1238.00,398.00,228.00,141.00,169.00,117.00,57.00,APPROVED
PA: PITTSBURGH,04/03/2015 06:44:00,,1841.00,1245.00,404.00,228.00,139.00,169.00,119.00,58.00,APPROVED
PA: PITTSBURGH,04/03/2015 07:44:00,,1827.00,1238.00,399.00,224.00,137.00,166.00,117.00,58.00,APPROVED
PA: PITTSBURGH,04/03/2015 08:45:00,,1822.00,1231.00,396.00,222.00,137.00,165.00,117.00,57.00,APPROVED
PA: PITTSBURGH,04/03/2015 09:45:00,,1919.00,1327.00,417.00,239.00,146.00,178.00,119.00,59.00,APPROVED
PA: PITTSBURGH,04/03/2015 10:45:00,,2092.00,1480.00,457.00,273.00,158.00,194.00,128.00,65.00,APPROVED
PA: PITTSBURGH,04/03/2015 11:45:00,,2252.00,1650.00,505.00,313.00,174.00,215.00,139.00,70.00,APPROVED
PA: PITTSBURGH,04/03/2015 12:45:00,,2166.00,1555.00,488.00,300.00,168.00,212.00,136.00,69.00,APPROVED
PA: PITTSBURGH,04/03/2015 13:46:00,,2017.00,1414.00,446.00,266.00,155.00,190.00,126.00,62.00,APPROVED
PA: PITTSBURGH,04/03/2015 14:46:00,,1993.00,1411.00,438.00,261.00,151.00,189.00,125.00,62.00,APPROVED
PA: PITTSBURGH,04/03/2015 15:46:00,,1978.00,1387.00,435.00,259.00,156.00,187.00,125.00,63.00,APPROVED
PA: PITTSBURGH,04/03/2015 16:46:00,,1957.00,1376.00,433.00,260.00,150.00,190.00,125.00,63.00,APPROVED
PA: PITTSBURGH,04/03/2015 17:46:00,,1962.00,1383.00,441.00,264.00,156.00,190.00,125.00,63.00,APPROVED
PA: PITTSBURGH,04/03/2015 18:47:00,,1854.00,1291.00,417.00,248.00,146.00,178.00,123.00,61.00,APPROVED
PA: PITTSBURGH,04/03/2015 19:47:00,,1767.00,1198.00,397.00,222.00,138.00,166.00,117.00,56.00,APPROVED
PA: PITTSBURGH,04/03/2015 20:47:00,,1757.00,1178.00,392.00,218.00,138.00,161.00,116.00,56.00,APPROVED
PA: PITTSBURGH,04/03/2015 21:47:00,,1729.00,1160.00,386.00,211.00,136.00,162.00,116.00,56.00,APPROVED
PA: PITTSBURGH,04/03/2015 22:47:00,,1724.00,1163.00,386.00,210.00,135.00,166.00,116.00,55.00,APPROVED
PA: PITTSBURGH,04/03/2015 23:48:00,,1768.00,1186.00,388.00,215.00,137.00,164.00,112.00,54.00,APPROVED
PA: PITTSBURGH,04/04/2015 00:48:00,,1812.00,1214.00,398.00,220.00,139.00,166.00,116.00,57.00,APPROVED
PA: PITTSBURGH,04/04/2015 01:48:00,,2116.00,1450.00,441.00,259.00,151.00,183.00,122.00,59.00,APPROVED
PA: PITTSBURGH,04/04/2015 02:48:00,,2360.00,1648.00,483.00,292.00,164.00,200.00,129.00,64.00,APPROVED
PA: PITTSBURGH,04/04/2015 03:48:00,,2358.00,1657.00,489.00,292.00,163.00,199.00,129.00,64.00,APPROVED
PA: PITTSBURGH,04/04/2015 04:49:00,,2284.00,1559.00,470.00,275.00,160.00,195.00,127.00,60.00,APPROVED
PA: PITTSBURGH,04/04/2015 05:49:00,,2163.00,1449.00,435.00,246.00,147.00,177.00,121.00,55.00,APPROVED
PA: PITTSBURGH,04/04/2015 06:49:00,,2099.00,1368.00,416.00,226.00,142.00,166.00,115.00,57.00,APPROVED
PA: PITTSBURGH,04/04/2015 07:49:00,,2094.00,1366.00,413.00,226.00,137.00,165.00,112.00,53.00,APPROVED
PA: PITTSBURGH,04/04/2015 08:49:00,,2089.00,1369.00,412.00,223.00,140.00,165.00,114.00,55.00,APPROVED
PA: PITTSBURGH,04/04/2015 09:50:00,,2271.00,1543.00,453.00,262.00,151.00,185.00,119.00,58.00,APPROVED
PA: PITTSBURGH,04/04/2015 10:50:00,,2208.00,1474.00,437.00,247.00,146.00,174.00,118.00,58.00,APPROVED
PA: PITTSBURGH,04/04/2015 11:50:00,,2157.00,1388.00,411.00,219.00,137.00,161.00,112.00,53.00,APPROVED
PA: PITTSBURGH,04/04/2015 12:50:00,,2140.00,1358.00,405.00,212.00,136.00,155.00,109.00,51.00,APPROVED
PA: PITTSBURGH,04/04/2015 13:50:00,,2126.00,1363.00,401.00,212.00,135.00,154.00,108.00,53.00,APPROVED
PA: PITTSBURGH,04/04/2015 14:51:00,,2105.00,1352.00,406.00,214.00,138.00,155.00,108.00,54.00,APPROVED
PA: PITTSBURGH,04/04/2015 15:51:00,,2086.00,1333.00,402.00,213.00,138.00,157.00,108.00,54.00,APPROVED
PA: PITTSBURGH,04/04/2015 16:51:00,,2058.00,1327.00,401.00,212.00,136.00,156.00,109.00,52.00,APPROVED
PA: PITTSBURGH,04/04/2015 17:51:00,,2018.00,1297.00,395.00,211.00,136.00,154.00,109.00,52.00,APPROVED
PA: PITTSBURGH,04/04/2015 18:51:00,,1987.00,1269.00,390.00,207.00,135.00,154.00,112.00,54.00,APPROVED
PA: PITTSBURGH,04/04/2015 19:52:00,,1927.00,1248.00,393.00,203.00,134.00,152.00,110.00,53.00,APPROVED
PA: PITTSBURGH,04/04/2015 20:52:00,,1902.00,1224.00,387.00,206.00,136.00,154.00,108.00,54.00,APPROVED
PA: PITTSBURGH,04/04/2015 21:52:00,,1895.00,1229.00,386.00,202.00,131.00,155.00,110.00,53.00,APPROVED
PA: PITTSBURGH,04/04/2015 22:52:00,,1912.00,1233.00,382.00,206.00,134.00,151.00,112.00,54.00,APPROVED
PA: PITTSBURGH,04/04/2015 23:52:00,,1971.00,1269.00,395.00,210.00,133.00,155.00,110.00,52.00,APPROVED
PA: PITTSBURGH,04/05/2015 00:53:00,,2001.00,1286.00,392.00,209.00,135.00,156.00,110.00,53.00,APPROVED
PA: PITTSBURGH,04/05/2015 01:53:00,,2023.00,1303.00,395.00,209.00,137.00,156.00,110.00,52.00,APPROVED
PA: PITTSBURGH,04/05/2015 02:53:00,,2054.00,1320.00,401.00,212.00,133.00,158.00,110.00,54.00,APPROVED
PA: PITTSBURGH,04/05/2015 03:53:00,,2072.00,1328.00,394.00,217.00,138.00,157.00,111.00,54.00,APPROVED
PA: PITTSBURGH,04/05/2015 04:53:00,,2086.00,1344.00,405.00,215.00,136.00,159.00,110.00,52.00,APPROVED
PA: PITTSBURGH,04/05/2015 05:54:00,,2084.00,1347.00,405.00,217.00,138.00,161.00,112.00,53.00,APPROVED
PA: PITTSBURGH,04/05/2015 06:54:00,,2085.00,1351.00,407.00,215.00,137.00,159.00,112.00,52.00,APPROVED
PA: PITTSBURGH,04/05/2015 07:54:00,,2093.00,1357.00,401.00,218.00,137.00,162.00,113.00,54.00,APPROVED
PA: PITTSBURGH,04/05/2015 08:54:00,,2112.00,1357.00,407.00,219.00,141.00,162.00,109.00,53.00,APPROVED
PA: PITTSBURGH,04/05/2015 09:54:00,,2096.00,1365.00,409.00,221.00,136.00,162.00,111.00,54.00,APPROVED
PA: PITTSBURGH,04/05/2015 10:55:00,,2120.00,1371.00,407.00,221.00,140.00,160.00,115.00,53.00,APPROVED
PA: PITTSBURGH,04/05/2015 11:55:00,,2130.00,1372.00,416.00,225.00,141.00,163.00,114.00,54.00,APPROVED
PA: PITTSBURGH,04/05/2015 12:55:00,,2117.00,1372.00,415.00,226.00,141.00,161.00,113.00,56.00,APPROVED
PA: PITTSBURGH,04/05/2015 13:55:00,,2086.00,1363.00,415.00,224.00,142.00,163.00,111.00,55.00,APPROVED
PA: PITTSBURGH,04/05/2015 14:55:00,,2024.00,1323.00,410.00,218.00,139.00,162.00,114.00,56.00,APPROVED
PA: PITTSBURGH,04/05/2015 15:56:00,,1954.00,1284.00,398.00,221.00,135.00,163.00,115.00,54.00,APPROVED
PA: PITTSBURGH,04/05/2015 16:56:00,,1887.00,1255.00,395.00,217.00,137.00,163.00,113.00,55.00,APPROVED
PA: PITTSBURGH,04/05/2015 17:56:00,,1822.00,1202.00,393.00,213.00,138.00,160.00,112.00,53.00,APPROVED
PA: PITTSBURGH,04/05/2015 18:56:00,,1746.00,1161.00,389.00,207.00,138.00,161.00,113.00,55.00,APPROVED
PA: PITTSBURGH,04/05/2015 19:56:00,,1722.00,1147.00,384.00,206.00,135.00,160.00,113.00,56.00,APPROVED
PA: PITTSBURGH,04/05/2015 20:57:00,,1708.00,1136.00,380.00,208.00,137.00,158.00,115.00,54.00,APPROVED
PA: PITTSBURGH,04/05/2015 21:57:00,,1724.00,1136.00,384.00,204.00,136.00,160.00,117.00,53.00,APPROVED
PA: PITTSBURGH,04/05/2015 22:57:00,,1726.00,1151.00,385.00,208.00,134.00,162.00,116.00,54.00,APPROVED
PA: PITTSBURGH,04/05/2015 23:57:00,,1784.00,1171.00,386.00,216.00,134.00,165.00,113.00,54.00,APPROVED
PA: PITTSBURGH,04/06/2015 00:57:00,,1811.00,1203.00,392.00,213.00,138.00,162.00,113.00,55.00,APPROVED
PA: PITTSBURGH,04/06/2015 01:58:00,,1836.00,1213.00,394.00,220.00,137.00,164.00,115.00,56.00,APPROVED
PA: PITTSBURGH,04/06/2015 02:58:00,,1884.00,1256.00,395.00,220.00,136.00,167.00,114.00,54.00,APPROVED
PA: PITTSBURGH,04/06/2015 03:58:00,,1972.00,1344.00,418.00,235.00,145.00,173.00,118.00,56.00,APPROVED
PA: PITTSBURGH,04/06/2015 04:58:00,,2119.00,1471.00,445.00,259.00,152.00,184.00,125.00,59.00,APPROVED
PA: PITTSBURGH,04/06/2015 05:58:00,,2209.00,1543.00,466.00,277.00,161.00,197.00,126.00,62.00,APPROVED
PA: PITTSBURGH,04/06/2015 06:59:00,,2286.00,1608.00,483.00,293.00,166.00,205.00,132.00,61.00,APPROVED
PA: PITTSBURGH,04/06/2015 07:59:00,,2359.00,1670.00,496.00,302.00,170.00,211.00,135.00,64.00,APPROVED
PA: PITTSBURGH,04/06/2015 08:59:00,,2393.00,1714.00,506.00,312.00,174.00,214.00,140.00,65.00,APPROVED
PA: PITTSBURGH,04/06/2015 09:59:00,,2424.00,1750.00,524.00,320.00,176.00,217.00,140.00,64.00,APPROVED
PA: PITTSBURGH,04/06/2015 10:59:00,,2490.00,1820.00,533.00,334.00,181.00,229.00,142.00,68.00,APPROVED
PA: PITTSBURGH,04/06/2015 12:00:00,,2521.00,1868.00,547.00,344.00,184.00,233.00,146.00,68.00,APPROVED
PA: PITTSBURGH,04/06/2015 13:00:00,,2550.00,1909.00,555.00,355.00,188.00,241.00,151.00,69.00,APPROVED
PA: PITTSBURGH,04/06/2015 14:00:00,,2445.00,1846.00,554.00,357.00,188.00,240.00,152.00,69.00,APPROVED
PA: PITTSBURGH,04/06/2015 15:35:00,,1949.00,1282.00,397.00,215.00,138.00,163.00,112.00,56.00,APPROVED
PA: PITTSBURGH,04/06/2015 16:35:00,,1864.00,1237.00,392.00,220.00,140.00,166.00,114.00,55.00,APPROVED
PA: PITTSBURGH,04/06/2015 17:35:00,,1815.00,1216.00,394.00,219.00,141.00,164.00,113.00,56.00,APPROVED
PA: PITTSBURGH,04/06/2015 18:36:00,,1768.00,1173.00,392.00,215.00,139.00,165.00,115.00,56.00,APPROVED
PA: PITTSBURGH,04/06/2015 19:36:00,,1721.00,1150.00,378.00,212.00,135.00,161.00,115.00,56.00,APPROVED
PA: PITTSBURGH,04/06/2015 20:36:00,,1734.00,1159.00,390.00,213.00,137.00,168.00,117.00,58.00,APPROVED
PA: PITTSBURGH,04/06/2015 21:36:00,,1736.00,1160.00,385.00,217.00,137.00,166.00,115.00,57.00,APPROVED
PA: PITTSBURGH,04/06/2015 22:36:00,,1751.00,1170.00,384.00,217.00,139.00,165.00,117.00,56.00,APPROVED
PA: PITTSBURGH,04/06/2015 23:37:00,,1796.00,1203.00,389.00,225.00,140.00,172.00,117.00,55.00,APPROVED
PA: PITTSBURGH,04/07/2015 00:37:00,,1816.00,1230.00,401.00,223.00,142.00,174.00,117.00,57.00,APPROVED
PA: PITTSBURGH,04/07/2015 01:37:00,,1892.00,1290.00,412.00,235.00,146.00,177.00,120.00,60.00,APPROVED
PA: PITTSBURGH,04/07/2015 02:37:00,,2023.00,1400.00,433.00,257.00,156.00,186.00,124.00,61.00,APPROVED
PA: PITTSBURGH,04/07/2015 03:37:00,,2088.00,1438.00,445.00,268.00,158.00,184.00,126.00,63.00,APPROVED
PA: PITTSBURGH,04/07/2015 04:38:00,,2043.00,1405.00,439.00,256.00,150.00,179.00,126.00,61.00,APPROVED
PA: PITTSBURGH,04/07/2015 05:38:00,,2082.00,1433.00,440.00,259.00,156.00,185.00,124.00,59.00,APPROVED
PA: PITTSBURGH,04/07/2015 06:38:00,,2122.00,1478.00,447.00,272.00,157.00,191.00,126.00,62.00,APPROVED
PA: PITTSBURGH,04/07/2015 07:38:00,,2147.00,1507.00,458.00,281.00,159.00,194.00,130.00,64.00,APPROVED
PA: PITTSBURGH,04/07/2015 08:38:00,,2181.00,1558.00,464.00,284.00,164.00,203.00,133.00,65.00,APPROVED
PA: PITTSBURGH,04/07/2015 09:39:00,,2225.00,1596.00,480.00,302.00,168.00,208.00,136.00,66.00,APPROVED
PA: PITTSBURGH,04/07/2015 10:39:00,,2275.00,1656.00,490.00,320.00,172.00,219.00,140.00,69.00,APPROVED
PA: PITTSBURGH,04/07/2015 11:39:00,,2237.00,1633.00,486.00,313.00,170.00,214.00,135.00,68.00,APPROVED
PA: PITTSBURGH,04/07/2015 12:39:00,,2209.00,1595.00,479.00,307.00,167.00,206.00,134.00,66.00,APPROVED
PA: PITTSBURGH,04/07/2015 13:39:00,,2129.00,1526.00,469.00,297.00,163.00,202.00,132.00,65.00,APPROVED
PA: PITTSBURGH,04/07/2015 14:40:00,,2148.00,1550.00,467.00,292.00,164.00,203.00,132.00,65.00,APPROVED
PA: PITTSBURGH,04/07/2015 15:40:00,,2358.00,1764.00,527.00,344.00,182.00,233.00,142.00,74.00,APPROVED
PA: PITTSBURGH,04/07/2015 16:40:00,,2040.00,1463.00,466.00,283.00,159.00,198.00,132.00,65.00,APPROVED
PA: PITTSBURGH,04/07/2015 17:40:00,,1842.00,1278.00,410.00,245.00,148.00,181.00,122.00,60.00,APPROVED
PA: PITTSBURGH,04/07/2015 18:40:00,,1794.00,1217.00,398.00,228.00,142.00,171.00,119.00,59.00,APPROVED
PA: PITTSBURGH,04/07/2015 19:41:00,,1779.00,1215.00,396.00,225.00,141.00,170.00,117.00,59.00,APPROVED
PA: PITTSBURGH,04/07/2015 20:41:00,,1795.00,1221.00,398.00,227.00,140.00,170.00,115.00,56.00,APPROVED
PA: PITTSBURGH,04/07/2015 21:41:00,,1858.00,1269.00,404.00,232.00,141.00,176.00,118.00,59.00,APPROVED
PA: PITTSBURGH,04/07/2015 22:41:00,,1870.00,1274.00,414.00,239.00,147.00,176.00,120.00,60.00,APPROVED
PA: PITTSBURGH,04/07/2015 23:41:00,,1869.00,1274.00,405.00,237.00,143.00,177.00,118.00,61.00,APPROVED
PA: PITTSBURGH,04/08/2015 00:42:00,,1886.00,1303.00,415.00,238.00,146.00,177.00,119.00,60.00,APPROVED
PA: PITTSBURGH,04/08/2015 01:42:00,,1956.00,1363.00,433.00,255.00,152.00,184.00,120.00,61.00,APPROVED
PA: PITTSBURGH,04/08/2015 02:42:00,,2004.00,1421.00,442.00,271.00,156.00,190.00,127.00,63.00,APPROVED
PA: PITTSBURGH,04/08/2015 03:42:00,,2015.00,1431.00,441.00,269.00,157.00,194.00,131.00,63.00,APPROVED
PA: PITTSBURGH,04/08/2015 04:42:00,,2003.00,1408.00,440.00,271.00,155.00,193.00,127.00,65.00,APPROVED
PA: PITTSBURGH,04/08/2015 05:43:00,,2006.00,1411.00,441.00,271.00,156.00,194.00,127.00,62.00,APPROVED
PA: PITTSBURGH,04/08/2015 06:43:00,,2034.00,1437.00,445.00,270.00,157.00,192.00,126.00,63.00,APPROVED
PA: PITTSBURGH,04/08/2015 07:43:00,,2299.00,1687.00,505.00,319.00,176.00,217.00,139.00,71.00,APPROVED
PA: PITTSBURGH,04/08/2015 08:43:00,,2362.00,1747.00,521.00,340.00,181.00,227.00,142.00,71.00,APPROVED
PA: PITTSBURGH,04/08/2015 09:43:00,,2423.00,1803.00,528.00,346.00,183.00,229.00,142.00,74.00,APPROVED
PA: PITTSBURGH,04/08/2015 10:44:00,,2368.00,1759.00,520.00,351.00,183.00,228.00,143.00,72.00,APPROVED
PA: PITTSBURGH,04/08/2015 11:44:00,,2194.00,1574.00,477.00,302.00,168.00,209.00,134.00,67.00,APPROVED
PA: PITTSBURGH,04/08/2015 12:44:00,,2135.00,1520.00,463.00,293.00,161.00,201.00,132.00,64.00,APPROVED
PA: PITTSBURGH,04/08/2015 13:44:00,,1993.00,1398.00,441.00,268.00,153.00,190.00,125.00,63.00,APPROVED
PA: PITTSBURGH,04/08/2015 14:44:00,,1857.00,1285.00,414.00,241.00,146.00,176.00,118.00,61.00,APPROVED
PA: PITTSBURGH,04/08/2015 15:45:00,,1787.00,1219.00,401.00,228.00,141.00,170.00,116.00,58.00,APPROVED
PA: PITTSBURGH,04/08/2015 16:22:00,,1748.00,1179.00,387.00,225.00,141.00,168.00,117.00,56.00,APPROVED
PA: PITTSBURGH,04/08/2015 19:25:00,,2055.00,1328.00,413.00,222.00,139.00,164.00,116.00,58.00,APPROVED
PA: PITTSBURGH,04/08/2015 20:25:00,,2117.00,1405.00,425.00,232.00,147.00,171.00,118.00,57.00,APPROVED
PA: PITTSBURGH,04/08/2015 21:25:00,,2542.00,1803.00,510.00,304.00,174.00,213.00,137.00,61.00,APPROVED
PA: PITTSBURGH,04/08/2015 22:25:00,,2541.00,1781.00,520.00,307.00,175.00,212.00,139.00,66.00,APPROVED
PA: PITTSBURGH,04/08/2015 23:25:00,,2294.00,1535.00,458.00,255.00,153.00,183.00,126.00,60.00,APPROVED
PA: PITTSBURGH,04/09/2015 00:26:00,,2274.00,1493.00,437.00,245.00,149.00,175.00,118.00,57.00,APPROVED
PA: PITTSBURGH,04/09/2015 01:26:00,,2276.00,1498.00,441.00,237.00,151.00,174.00,117.00,61.00,APPROVED
PA: PITTSBURGH,04/09/2015 02:26:00,,2333.00,1543.00,444.00,244.00,150.00,175.00,119.00,59.00,APPROVED
PA: PITTSBURGH,04/09/2015 03:26:00,,2415.00,1607.00,458.00,258.00,155.00,185.00,123.00,60.00,APPROVED
PA: PITTSBURGH,04/09/2015 04:26:00,,2454.00,1677.00,472.00,276.00,161.00,195.00,126.00,61.00,APPROVED
PA: PITTSBURGH,04/09/2015 05:27:00,,2439.00,1659.00,474.00,272.00,161.00,195.00,126.00,61.00,APPROVED
PA: PITTSBURGH,04/09/2015 06:27:00,,2449.00,1653.00,470.00,270.00,160.00,193.00,124.00,62.00,APPROVED
PA: PITTSBURGH,04/09/2015 07:27:00,,2490.00,1687.00,475.00,277.00,160.00,196.00,124.00,62.00,APPROVED
PA: PITTSBURGH,04/09/2015 08:27:00,,2477.00,1692.00,482.00,275.00,160.00,197.00,124.00,61.00,APPROVED
PA: PITTSBURGH,04/09/2015 09:27:00,,2501.00,1718.00,482.00,284.00,159.00,201.00,127.00,60.00,APPROVED
PA: PITTSBURGH,04/09/2015 10:28:00,,2517.00,1746.00,489.00,287.00,163.00,203.00,129.00,60.00,APPROVED
PA: PITTSBURGH,04/09/2015 11:28:00,,2546.00,1798.00,501.00,306.00,168.00,212.00,134.00,64.00,APPROVED
PA: PITTSBURGH,04/09/2015 12:28:00,,2701.00,1928.00,536.00,333.00,178.00,230.00,140.00,65.00,APPROVED
PA: PITTSBURGH,04/09/2015 13:28:00,,2869.00,2133.00,586.00,368.00,191.00,254.00,148.00,67.00,APPROVED
PA: PITTSBURGH,04/09/2015 14:28:00,,2616.00,1844.00,523.00,320.00,174.00,218.00,138.00,64.00,APPROVED
PA: PITTSBURGH,04/09/2015 15:29:00,,2353.00,1596.00,465.00,268.00,157.00,192.00,124.00,62.00,APPROVED
PA: PITTSBURGH,04/09/2015 16:29:00,,2173.00,1433.00,433.00,239.00,148.00,174.00,118.00,60.00,APPROVED
PA: PITTSBURGH,04/09/2015 17:29:00,,2071.00,1343.00,413.00,218.00,144.00,168.00,116.00,57.00,APPROVED
PA: PITTSBURGH,04/09/2015 18:29:00,,1980.00,1268.00,398.00,207.00,138.00,160.00,114.00,57.00,APPROVED
PA: PITTSBURGH,04/09/2015 19:29:00,,1992.00,1291.00,405.00,214.00,137.00,160.00,117.00,56.00,APPROVED
PA: PITTSBURGH,04/09/2015 20:30:00,,2024.00,1310.00,407.00,216.00,141.00,164.00,117.00,59.00,APPROVED
PA: PITTSBURGH,04/09/2015 21:30:00,,1984.00,1276.00,406.00,218.00,140.00,162.00,115.00,56.00,APPROVED
PA: PITTSBURGH,04/09/2015 22:15:00,,2110.00,1408.00,429.00,235.00,146.00,175.00,120.00,62.00,APPROVED
PA: PITTSBURGH,04/09/2015 23:28:00,,2490.00,1742.00,495.00,290.00,166.00,199.00,132.00,62.00,APPROVED
PA: PITTSBURGH,04/10/2015 00:29:00,,2394.00,1606.00,464.00,258.00,154.00,184.00,122.00,60.00,APPROVED
PA: PITTSBURGH,04/10/2015 01:29:00,,2217.00,1421.00,425.00,226.00,140.00,165.00,111.00,58.00,APPROVED
PA: PITTSBURGH,04/10/2015 02:29:00,,2185.00,1397.00,412.00,218.00,142.00,163.00,110.00,56.00,APPROVED
PA: PITTSBURGH,04/10/2015 03:29:00,,2274.00,1491.00,429.00,231.00,144.00,170.00,117.00,59.00,APPROVED
PA: PITTSBURGH,04/10/2015 04:29:00,,2359.00,1571.00,452.00,255.00,153.00,182.00,124.00,58.00,APPROVED
PA: PITTSBURGH,04/10/2015 05:30:00,,2333.00,1529.00,443.00,247.00,150.00,178.00,118.00,57.00,APPROVED
PA: PITTSBURGH,04/10/2015 06:30:00,,2320.00,1527.00,439.00,247.00,149.00,175.00,117.00,59.00,APPROVED
PA: PITTSBURGH,04/10/2015 07:30:00,,2352.00,1553.00,442.00,249.00,154.00,180.00,119.00,60.00,APPROVED
PA: PITTSBURGH,04/10/2015 08:30:00,,2396.00,1610.00,459.00,256.00,156.00,182.00,120.00,61.00,APPROVED
PA: PITTSBURGH,04/10/2015 09:30:00,,2431.00,1658.00,471.00,271.00,160.00,191.00,126.00,61.00,APPROVED
PA: PITTSBURGH,04/10/2015 10:31:00,,2430.00,1666.00,472.00,276.00,159.00,194.00,126.00,60.00,APPROVED
PA: PITTSBURGH,04/10/2015 11:31:00,,2440.00,1664.00,470.00,275.00,162.00,190.00,128.00,62.00,APPROVED
PA: PITTSBURGH,04/10/2015 12:31:00,,2506.00,1734.00,494.00,291.00,162.00,200.00,133.00,60.00,APPROVED
PA: PITTSBURGH,04/10/2015 13:31:00,,2535.00,1771.00,496.00,294.00,169.00,202.00,133.00,63.00,APPROVED
PA: PITTSBURGH,04/10/2015 14:31:00,,2429.00,1673.00,482.00,276.00,160.00,191.00,124.00,62.00,APPROVED
PA: PITTSBURGH,04/10/2015 15:32:00,,2237.00,1478.00,433.00,241.00,149.00,171.00,117.00,58.00,APPROVED
PA: PITTSBURGH,04/10/2015 16:32:00,,2144.00,1401.00,413.00,221.00,142.00,165.00,113.00,56.00,APPROVED
PA: PITTSBURGH,04/10/2015 17:32:00,,2129.00,1391.00,417.00,224.00,142.00,165.00,114.00,59.00,APPROVED
PA: PITTSBURGH,04/10/2015 18:32:00,,2161.00,1432.00,430.00,239.00,147.00,172.00,120.00,59.00,APPROVED
PA: PITTSBURGH,04/10/2015 19:32:00,,2176.00,1444.00,439.00,242.00,150.00,180.00,121.00,60.00,APPROVED
PA: PITTSBURGH,04/10/2015 20:33:00,,2160.00,1441.00,439.00,238.00,150.00,176.00,118.00,59.00,APPROVED
PA: PITTSBURGH,04/10/2015 21:33:00,,2161.00,1425.00,433.00,236.00,148.00,177.00,121.00,58.00,APPROVED
PA: PITTSBURGH,04/10/2015 22:33:00,,2140.00,1408.00,424.00,230.00,143.00,172.00,115.00,59.00,APPROVED
PA: PITTSBURGH,04/10/2015 23:33:00,,2199.00,1434.00,424.00,226.00,140.00,168.00,115.00,58.00,APPROVED
PA: PITTSBURGH,04/11/2015 00:33:00,,2302.00,1483.00,427.00,227.00,143.00,164.00,114.00,57.00,APPROVED
PA: PITTSBURGH,04/11/2015 01:34:00,,2329.00,1493.00,421.00,223.00,145.00,169.00,113.00,58.00,APPROVED
PA: PITTSBURGH,04/11/2015 02:34:00,,2357.00,1509.00,429.00,225.00,143.00,165.00,110.00,56.00,APPROVED
PA: PITTSBURGH,04/11/2015 03:34:00,,2359.00,1518.00,427.00,222.00,143.00,164.00,110.00,58.00,APPROVED
PA: PITTSBURGH,04/11/2015 04:34:00,,2398.00,1538.00,430.00,227.00,143.00,165.00,110.00,56.00,APPROVED
PA: PITTSBURGH,04/11/2015 05:34:00,,2416.00,1547.00,429.00,228.00,144.00,167.00,111.00,55.00,APPROVED
PA: PITTSBURGH,04/11/2015 06:35:00,,2418.00,1542.00,429.00,227.00,145.00,169.00,109.00,57.00,APPROVED
PA: PITTSBURGH,04/11/2015 07:35:00,,2421.00,1543.00,433.00,231.00,143.00,168.00,111.00,58.00,APPROVED
PA: PITTSBURGH,04/11/2015 08:35:00,,2430.00,1566.00,433.00,231.00,144.00,167.00,110.00,56.00,APPROVED
PA: PITTSBURGH,04/11/2015 09:35:00,,2463.00,1572.00,434.00,231.00,146.00,167.00,108.00,57.00,APPROVED
PA: PITTSBURGH,04/11/2015 10:35:00,,2475.00,1561.00,429.00,221.00,143.00,168.00,106.00,58.00,APPROVED
PA: PITTSBURGH,04/11/2015 11:36:00,,2453.00,1556.00,425.00,218.00,142.00,163.00,104.00,56.00,APPROVED
PA: PITTSBURGH,04/11/2015 12:36:00,,2476.00,1549.00,425.00,217.00,141.00,161.00,102.00,57.00,APPROVED
PA: PITTSBURGH,04/11/2015 13:36:00,,2471.00,1546.00,429.00,218.00,140.00,163.00,104.00,56.00,APPROVED
PA: PITTSBURGH,04/11/2015 14:36:00,,2467.00,1550.00,422.00,219.00,142.00,163.00,103.00,56.00,APPROVED
PA: PITTSBURGH,04/11/2015 15:36:00,,2438.00,1554.00,429.00,219.00,141.00,165.00,105.00,57.00,APPROVED
PA: PITTSBURGH,04/11/2015 16:37:00,,2413.00,1533.00,429.00,222.00,140.00,164.00,107.00,56.00,APPROVED
PA: PITTSBURGH,04/11/2015 17:37:00,,2380.00,1517.00,424.00,222.00,142.00,161.00,107.00,55.00,APPROVED
PA: PITTSBURGH,04/11/2015 18:37:00,,2310.00,1476.00,422.00,216.00,140.00,160.00,108.00,57.00,APPROVED
PA: PITTSBURGH,04/11/2015 19:37:00,,2281.00,1439.00,416.00,219.00,141.00,160.00,110.00,56.00,APPROVED
PA: PITTSBURGH,04/11/2015 20:37:00,,2200.00,1393.00,412.00,211.00,137.00,161.00,111.00,56.00,APPROVED
PA: PITTSBURGH,04/11/2015 21:38:00,,2182.00,1385.00,408.00,212.00,141.00,160.00,109.00,54.00,APPROVED
PA: PITTSBURGH,04/11/2015 22:38:00,,2182.00,1385.00,405.00,210.00,140.00,158.00,109.00,57.00,APPROVED
PA: PITTSBURGH,04/11/2015 23:38:00,,2250.00,1432.00,409.00,213.00,140.00,159.00,112.00,57.00,APPROVED
PA: PITTSBURGH,04/12/2015 00:38:00,,2314.00,1467.00,413.00,216.00,142.00,160.00,108.00,57.00,APPROVED
PA: PITTSBURGH,04/12/2015 01:38:00,,2338.00,1487.00,418.00,219.00,142.00,162.00,108.00,56.00,APPROVED
PA: PITTSBURGH,04/12/2015 02:39:00,,2422.00,1539.00,425.00,222.00,142.00,165.00,108.00,56.00,APPROVED
PA: PITTSBURGH,04/12/2015 03:39:00,,2493.00,1609.00,441.00,233.00,146.00,170.00,111.00,57.00,APPROVED
PA: PITTSBURGH,04/12/2015 05:08:00,,2607.00,1687.00,462.00,242.00,154.00,178.00,112.00,59.00,APPROVED
PA: PITTSBURGH,04/12/2015 06:08:00,,2662.00,1741.00,466.00,248.00,152.00,187.00,112.00,58.00,APPROVED
PA: PITTSBURGH,04/12/2015 07:09:00,,2712.00,1775.00,479.00,259.00,155.00,190.00,113.00,60.00,APPROVED
PA: PITTSBURGH,04/12/2015 08:09:00,,2775.00,1820.00,489.00,271.00,155.00,195.00,114.00,59.00,APPROVED
PA: PITTSBURGH,04/12/2015 09:09:00,,2805.00,1867.00,496.00,274.00,163.00,202.00,117.00,61.00,APPROVED
PA: PITTSBURGH,04/12/2015 10:09:00,,2864.00,1912.00,517.00,282.00,165.00,209.00,116.00,62.00,APPROVED
PA: PITTSBURGH,04/12/2015 11:09:00,,2914.00,1954.00,522.00,290.00,168.00,213.00,117.00,61.00,APPROVED
PA: PITTSBURGH,04/12/2015 12:10:00,,2968.00,2009.00,533.00,298.00,169.00,214.00,121.00,62.00,APPROVED
PA: PITTSBURGH,04/12/2015 13:10:00,,2953.00,2016.00,541.00,306.00,174.00,220.00,122.00,63.00,APPROVED
PA: PITTSBURGH,04/12/2015 14:10:00,,2822.00,1909.00,523.00,296.00,169.00,214.00,125.00,61.00,APPROVED
PA: PITTSBURGH,04/12/2015 15:10:00,,2579.00,1730.00,486.00,271.00,162.00,195.00,119.00,62.00,APPROVED
PA: PITTSBURGH,04/12/2015 16:10:00,,2299.00,1496.00,436.00,236.00,149.00,173.00,113.00,58.00,APPROVED
PA: PITTSBURGH,04/12/2015 17:11:00,,2206.00,1419.00,418.00,226.00,143.00,168.00,113.00,58.00,APPROVED
PA: PITTSBURGH,04/12/2015 18:11:00,,2099.00,1336.00,407.00,215.00,141.00,161.00,113.00,58.00,APPROVED
PA: PITTSBURGH,04/12/2015 19:11:00,,2014.00,1287.00,403.00,211.00,137.00,159.00,115.00,58.00,APPROVED
PA: PITTSBURGH,04/12/2015 20:11:00,,2040.00,1306.00,408.00,210.00,139.00,160.00,114.00,59.00,APPROVED
PA: PITTSBURGH,04/12/2015 21:11:00,,2252.00,1462.00,418.00,232.00,143.00,167.00,117.00,59.00,APPROVED
PA: PITTSBURGH,04/12/2015 22:12:00,,2335.00,1532.00,421.00,237.00,147.00,166.00,118.00,59.00,APPROVED
PA: PITTSBURGH,04/12/2015 23:12:00,,2330.00,1512.00,423.00,232.00,145.00,167.00,115.00,59.00,APPROVED
PA: PITTSBURGH,04/13/2015 00:12:00,,2183.00,1414.00,412.00,217.00,142.00,162.00,115.00,60.00,APPROVED
PA: PITTSBURGH,04/13/2015 01:12:00,,2215.00,1429.00,422.00,225.00,144.00,166.00,115.00,57.00,APPROVED
PA: PITTSBURGH,04/13/2015 02:12:00,,2331.00,1534.00,450.00,244.00,150.00,177.00,119.00,60.00,APPROVED
PA: PITTSBURGH,04/13/2015 03:13:00,,2417.00,1622.00,461.00,262.00,158.00,187.00,123.00,60.00,APPROVED
PA: PITTSBURGH,04/13/2015 04:13:00,,2503.00,1713.00,482.00,274.00,160.00,195.00,126.00,62.00,APPROVED
PA: PITTSBURGH,04/13/2015 05:13:00,,2579.00,1777.00,499.00,288.00,167.00,204.00,129.00,62.00,APPROVED
PA: PITTSBURGH,04/13/2015 06:13:00,,2639.00,1819.00,506.00,297.00,169.00,210.00,131.00,62.00,APPROVED
PA: PITTSBURGH,04/13/2015 07:13:00,,2661.00,1836.00,510.00,295.00,175.00,208.00,131.00,63.00,APPROVED
PA: PITTSBURGH,04/13/2015 08:14:00,,2721.00,1891.00,516.00,305.00,169.00,213.00,133.00,64.00,APPROVED
PA: PITTSBURGH,04/13/2015 09:14:00,,2792.00,1960.00,529.00,319.00,177.00,224.00,136.00,63.00,APPROVED
PA: PITTSBURGH,04/13/2015 10:14:00,,2838.00,2009.00,550.00,325.00,181.00,226.00,138.00,66.00,APPROVED
PA: PITTSBURGH,04/13/2015 11:14:00,,2861.00,2029.00,552.00,330.00,181.00,228.00,136.00,64.00,APPROVED
PA: PITTSBURGH,04/13/2015 12:14:00,,2850.00,2018.00,555.00,328.00,182.00,230.00,142.00,64.00,APPROVED
PA: PITTSBURGH,04/13/2015 13:15:00,,2755.00,1965.00,542.00,329.00,180.00,228.00,136.00,66.00,APPROVED
PA: PITTSBURGH,04/13/2015 14:15:00,,2531.00,1774.00,506.00,303.00,170.00,212.00,132.00,62.00,APPROVED
PA: PITTSBURGH,04/13/2015 15:15:00,,2274.00,1536.00,460.00,258.00,157.00,184.00,126.00,61.00,APPROVED
PA: PITTSBURGH,04/13/2015 16:25:00,,2104.00,1343.00,405.00,215.00,142.00,160.00,113.00,57.00,APPROVED
PA: PITTSBURGH,04/13/2015 17:25:00,,2023.00,1301.00,402.00,216.00,142.00,162.00,112.00,59.00,APPROVED
PA: PITTSBURGH,04/13/2015 18:25:00,,2148.00,1395.00,417.00,228.00,145.00,167.00,117.00,57.00,APPROVED
PA: PITTSBURGH,04/13/2015 19:26:00,,2184.00,1426.00,419.00,229.00,144.00,169.00,122.00,58.00,APPROVED
PA: PITTSBURGH,04/13/2015 20:26:00,,2170.00,1409.00,418.00,230.00,147.00,169.00,119.00,59.00,APPROVED
PA: PITTSBURGH,04/13/2015 21:26:00,,2170.00,1416.00,414.00,229.00,144.00,168.00,117.00,56.00,APPROVED
PA: PITTSBURGH,04/13/2015 22:26:00,,2164.00,1408.00,416.00,228.00,144.00,167.00,117.00,58.00,APPROVED
PA: PITTSBURGH,04/13/2015 23:26:00,,2192.00,1430.00,415.00,226.00,144.00,170.00,117.00,57.00,APPROVED
PA: PITTSBURGH,04/14/2015 00:27:00,,2244.00,1470.00,415.00,232.00,144.00,169.00,119.00,57.00,APPROVED
PA: PITTSBURGH,04/14/2015 01:27:00,,2296.00,1514.00,425.00,237.00,148.00,171.00,122.00,58.00,APPROVED
PA: PITTSBURGH,04/14/2015 02:27:00,,2394.00,1593.00,446.00,254.00,155.00,182.00,122.00,59.00,APPROVED
PA: PITTSBURGH,04/14/2015 03:27:00,,2452.00,1668.00,471.00,275.00,159.00,190.00,129.00,62.00,APPROVED
PA: PITTSBURGH,04/14/2015 04:27:00,,2564.00,1774.00,501.00,295.00,169.00,208.00,134.00,62.00,APPROVED
PA: PITTSBURGH,04/14/2015 05:28:00,,2688.00,1871.00,519.00,317.00,174.00,214.00,137.00,63.00,APPROVED
PA: PITTSBURGH,04/14/2015 06:28:00,,2454.00,1618.00,467.00,257.00,155.00,186.00,120.00,60.00,APPROVED
PA: PITTSBURGH,04/14/2015 07:28:00,,2357.00,1522.00,435.00,236.00,146.00,175.00,111.00,58.00,APPROVED
PA: PITTSBURGH,04/14/2015 08:28:00,,2335.00,1503.00,433.00,232.00,147.00,172.00,111.00,57.00,APPROVED
PA: PITTSBURGH,04/14/2015 09:28:00,,2348.00,1509.00,433.00,230.00,143.00,172.00,110.00,58.00,APPROVED
PA: PITTSBURGH,04/14/2015 10:29:00,,2339.00,1497.00,427.00,226.00,144.00,169.00,112.00,58.00,APPROVED
PA: PITTSBURGH,04/14/2015 11:29:00,,2340.00,1483.00,423.00,223.00,143.00,164.00,109.00,57.00,APPROVED
PA: PITTSBURGH,04/14/2015 12:29:00,,2352.00,1484.00,423.00,220.00,142.00,165.00,111.00,56.00,APPROVED
PA: PITTSBURGH,04/14/2015 13:29:00,,2318.00,1480.00,422.00,219.00,141.00,167.00,108.00,56.00,APPROVED
PA: PITTSBURGH,04/14/2015 14:29:00,,2276.00,1449.00,422.00,214.00,144.00,162.00,110.00,59.00,APPROVED
PA: PITTSBURGH,04/14/2015 15:30:00,,2200.00,1397.00,410.00,212.00,137.00,164.00,110.00,56.00,APPROVED
PA: PITTSBURGH,04/14/2015 16:30:00,,2137.00,1360.00,405.00,212.00,139.00,160.00,112.00,56.00,APPROVED
PA: PITTSBURGH,04/14/2015 17:30:00,,2087.00,1333.00,400.00,210.00,137.00,157.00,110.00,56.00,APPROVED
PA: PITTSBURGH,04/14/2015 18:30:00,,2062.00,1315.00,398.00,209.00,137.00,155.00,110.00,56.00,APPROVED
PA: PITTSBURGH,04/14/2015 19:30:00,,2055.00,1300.00,398.00,205.00,136.00,159.00,110.00,57.00,APPROVED
PA: PITTSBURGH,04/14/2015 20:31:00,,2061.00,1298.00,403.00,209.00,138.00,156.00,109.00,55.00,APPROVED
PA: PITTSBURGH,04/14/2015 21:31:00,,2075.00,1310.00,395.00,209.00,137.00,158.00,109.00,58.00,APPROVED
PA: PITTSBURGH,04/14/2015 22:31:00,,2085.00,1321.00,407.00,209.00,138.00,161.00,110.00,57.00,APPROVED
PA: PITTSBURGH,04/14/2015 23:31:00,,2121.00,1351.00,402.00,213.00,138.00,157.00,111.00,56.00,APPROVED
PA: PITTSBURGH,04/15/2015 00:31:00,,2156.00,1372.00,408.00,209.00,139.00,157.00,111.00,55.00,APPROVED
PA: PITTSBURGH,04/15/2015 01:32:00,,2191.00,1388.00,409.00,215.00,139.00,159.00,111.00,58.00,APPROVED
PA: PITTSBURGH,04/15/2015 02:32:00,,2220.00,1404.00,412.00,216.00,140.00,161.00,109.00,57.00,APPROVED
PA: PITTSBURGH,04/15/2015 03:32:00,,2254.00,1428.00,414.00,219.00,141.00,162.00,109.00,57.00,APPROVED
PA: PITTSBURGH,04/15/2015 04:32:00,,2293.00,1456.00,421.00,219.00,144.00,163.00,112.00,56.00,APPROVED
PA: PITTSBURGH,04/15/2015 05:32:00,,2330.00,1466.00,418.00,219.00,140.00,161.00,109.00,56.00,APPROVED
PA: PITTSBURGH,04/15/2015 06:33:00,,2332.00,1499.00,424.00,221.00,142.00,165.00,109.00,57.00,APPROVED
PA: PITTSBURGH,04/15/2015 07:33:00,,2371.00,1510.00,422.00,221.00,141.00,165.00,109.00,57.00,APPROVED
PA: PITTSBURGH,04/15/2015 08:33:00,,2437.00,1552.00,432.00,225.00,146.00,169.00,109.00,57.00,APPROVED
PA: PITTSBURGH,04/15/2015 09:33:00,,2504.00,1610.00,442.00,234.00,149.00,172.00,108.00,59.00,APPROVED
PA: PITTSBURGH,04/15/2015 10:33:00,,2572.00,1674.00,453.00,241.00,149.00,178.00,109.00,60.00,APPROVED
PA: PITTSBURGH,04/15/2015 11:34:00,,2618.00,1715.00,464.00,251.00,152.00,181.00,113.00,59.00,APPROVED
PA: PITTSBURGH,04/15/2015 12:34:00,,2626.00,1729.00,470.00,258.00,154.00,186.00,114.00,57.00,APPROVED
PA: PITTSBURGH,04/15/2015 13:34:00,,2561.00,1685.00,465.00,256.00,154.00,184.00,116.00,61.00,APPROVED
PA: PITTSBURGH,04/15/2015 14:34:00,,2411.00,1558.00,439.00,240.00,150.00,176.00,112.00,59.00,APPROVED
PA: PITTSBURGH,04/15/2015 15:34:00,,2273.00,1453.00,422.00,224.00,143.00,169.00,112.00,57.00,APPROVED
PA: PITTSBURGH,04/15/2015 16:35:00,,2168.00,1386.00,409.00,214.00,140.00,160.00,112.00,55.00,APPROVED
PA: PITTSBURGH,04/15/2015 17:35:00,,2084.00,1327.00,407.00,210.00,139.00,161.00,110.00,59.00,APPROVED
PA: PITTSBURGH,04/15/2015 18:35:00,,2019.00,1284.00,393.00,209.00,139.00,157.00,114.00,55.00,APPROVED
PA: PITTSBURGH,04/15/2015 19:35:00,,2007.00,1279.00,398.00,204.00,138.00,161.00,110.00,58.00,APPROVED
PA: PITTSBURGH,04/15/2015 20:35:00,,1997.00,1261.00,394.00,203.00,139.00,158.00,113.00,56.00,APPROVED
PA: PITTSBURGH,04/15/2015 21:36:00,,1963.00,1240.00,394.00,204.00,135.00,155.00,112.00,57.00,APPROVED
PA: PITTSBURGH,04/15/2015 22:36:00,,1999.00,1260.00,395.00,201.00,138.00,159.00,113.00,56.00,APPROVED
PA: PITTSBURGH,04/15/2015 23:36:00,,2060.00,1312.00,400.00,205.00,140.00,159.00,112.00,57.00,APPROVED
PA: PITTSBURGH,04/16/2015 00:36:00,,2122.00,1347.00,405.00,214.00,138.00,157.00,111.00,56.00,APPROVED
PA: PITTSBURGH,04/16/2015 01:36:00,,2202.00,1412.00,420.00,216.00,143.00,165.00,112.00,57.00,APPROVED
PA: PITTSBURGH,04/16/2015 02:37:00,,2340.00,1533.00,442.00,238.00,150.00,173.00,118.00,59.00,APPROVED
PA: PITTSBURGH,04/16/2015 03:37:00,,2458.00,1636.00,458.00,254.00,155.00,182.00,121.00,61.00,APPROVED
PA: PITTSBURGH,04/16/2015 04:37:00,,2530.00,1701.00,473.00,264.00,158.00,189.00,123.00,59.00,APPROVED
PA: PITTSBURGH,04/16/2015 05:37:00,,2576.00,1730.00,479.00,268.00,160.00,189.00,122.00,61.00,APPROVED
PA: PITTSBURGH,04/16/2015 06:37:00,,2609.00,1755.00,487.00,270.00,159.00,199.00,121.00,59.00,APPROVED
PA: PITTSBURGH,04/16/2015 07:38:00,,2644.00,1773.00,492.00,274.00,162.00,197.00,124.00,62.00,APPROVED
PA: PITTSBURGH,04/16/2015 08:38:00,,2667.00,1805.00,496.00,281.00,162.00,199.00,123.00,61.00,APPROVED
PA: PITTSBURGH,04/16/2015 09:38:00,,2685.00,1820.00,495.00,288.00,169.00,203.00,124.00,60.00,APPROVED
PA: PITTSBURGH,04/16/2015 10:38:00,,2685.00,1832.00,504.00,285.00,168.00,208.00,129.00,62.00,APPROVED
PA: PITTSBURGH,04/16/2015 11:38:00,,2649.00,1802.00,491.00,279.00,165.00,197.00,125.00,59.00,APPROVED
PA: PITTSBURGH,04/16/2015 12:39:00,,2547.00,1711.00,477.00,264.00,159.00,190.00,121.00,61.00,APPROVED
PA: PITTSBURGH,04/16/2015 13:39:00,,2361.00,1549.00,444.00,242.00,151.00,175.00,118.00,59.00,APPROVED
PA: PITTSBURGH,04/16/2015 14:39:00,,2240.00,1452.00,427.00,224.00,146.00,167.00,114.00,58.00,APPROVED
PA: PITTSBURGH,04/16/2015 15:39:00,,2258.00,1462.00,430.00,227.00,146.00,168.00,115.00,59.00,APPROVED
PA: PITTSBURGH,04/16/2015 16:39:00,,2453.00,1615.00,460.00,250.00,151.00,179.00,119.00,59.00,APPROVED
PA: PITTSBURGH,04/16/2015 17:40:00,,2588.00,1705.00,479.00,263.00,156.00,190.00,119.00,61.00,APPROVED
PA: PITTSBURGH,04/16/2015 18:40:00,,2581.00,1707.00,476.00,259.00,155.00,189.00,119.00,59.00,APPROVED
PA: PITTSBURGH,04/16/2015 19:40:00,,2481.00,1614.00,453.00,247.00,152.00,179.00,114.00,60.00,APPROVED
PA: PITTSBURGH,04/16/2015 20:40:00,,2421.00,1562.00,446.00,235.00,146.00,172.00,112.00,58.00,APPROVED
PA: PITTSBURGH,04/16/2015 21:40:00,,2403.00,1542.00,437.00,234.00,146.00,170.00,114.00,57.00,APPROVED
PA: PITTSBURGH,04/16/2015 22:41:00,,2334.00,1478.00,431.00,224.00,142.00,167.00,111.00,58.00,APPROVED
PA: PITTSBURGH,04/16/2015 23:41:00,,2303.00,1453.00,416.00,221.00,144.00,164.00,109.00,58.00,APPROVED
PA: PITTSBURGH,04/17/2015 00:41:00,,2292.00,1446.00,417.00,214.00,140.00,161.00,107.00,56.00,APPROVED
PA: PITTSBURGH,04/17/2015 01:41:00,,2292.00,1454.00,417.00,216.00,141.00,163.00,109.00,57.00,APPROVED
PA: PITTSBURGH,04/17/2015 02:41:00,,2308.00,1467.00,420.00,221.00,143.00,163.00,112.00,57.00,APPROVED
PA: PITTSBURGH,04/17/2015 03:42:00,,2329.00,1504.00,427.00,222.00,144.00,169.00,113.00,57.00,APPROVED
PA: PITTSBURGH,04/17/2015 04:42:00,,2311.00,1473.00,425.00,224.00,144.00,166.00,112.00,58.00,APPROVED
PA: PITTSBURGH,04/17/2015 05:42:00,,2287.00,1464.00,426.00,223.00,141.00,164.00,112.00,56.00,APPROVED
PA: PITTSBURGH,04/17/2015 06:42:00,,2315.00,1486.00,434.00,226.00,144.00,166.00,112.00,58.00,APPROVED
PA: PITTSBURGH,04/17/2015 07:42:00,,2330.00,1504.00,430.00,225.00,143.00,171.00,111.00,57.00,APPROVED
PA: PITTSBURGH,04/17/2015 08:43:00,,2364.00,1532.00,435.00,235.00,148.00,175.00,115.00,58.00,APPROVED
PA: PITTSBURGH,04/17/2015 09:43:00,,2413.00,1596.00,449.00,246.00,151.00,177.00,116.00,57.00,APPROVED
PA: PITTSBURGH,04/17/2015 10:43:00,,2464.00,1660.00,468.00,263.00,158.00,188.00,121.00,62.00,APPROVED
PA: PITTSBURGH,04/17/2015 11:43:00,,2485.00,1706.00,483.00,277.00,163.00,201.00,125.00,60.00,APPROVED
PA: PITTSBURGH,04/17/2015 12:43:00,,2482.00,1720.00,493.00,283.00,166.00,202.00,130.00,62.00,APPROVED
PA: PITTSBURGH,04/17/2015 13:44:00,,2412.00,1653.00,479.00,273.00,160.00,198.00,125.00,63.00,APPROVED
PA: PITTSBURGH,04/17/2015 14:44:00,,2274.00,1512.00,453.00,245.00,150.00,182.00,121.00,61.00,APPROVED
PA: PITTSBURGH,04/17/2015 15:44:00,,2192.00,1434.00,435.00,234.00,148.00,174.00,118.00,58.00,APPROVED
PA: PITTSBURGH,04/17/2015 16:44:00,,2180.00,1425.00,428.00,232.00,148.00,171.00,119.00,59.00,APPROVED
PA: PITTSBURGH,04/17/2015 17:44:00,,2136.00,1383.00,430.00,228.00,148.00,171.00,117.00,60.00,APPROVED
PA: PITTSBURGH,04/17/2015 18:45:00,,2143.00,1407.00,428.00,232.00,149.00,174.00,121.00,57.00,APPROVED
PA: PITTSBURGH,04/17/2015 19:45:00,,2114.00,1395.00,437.00,233.00,148.00,176.00,122.00,59.00,APPROVED
PA: PITTSBURGH,04/17/2015 20:45:00,,2074.00,1356.00,437.00,232.00,150.00,178.00,122.00,60.00,APPROVED
PA: PITTSBURGH,04/17/2015 21:45:00,,2078.00,1369.00,427.00,229.00,150.00,177.00,121.00,59.00,APPROVED
PA: PITTSBURGH,04/17/2015 22:45:00,,2296.00,1531.00,441.00,252.00,152.00,177.00,125.00,62.00,APPROVED
PA: PITTSBURGH,04/17/2015 23:46:00,,2405.00,1604.00,451.00,257.00,153.00,180.00,121.00,62.00,APPROVED
PA: PITTSBURGH,04/18/2015 00:46:00,,2263.00,1489.00,432.00,248.00,150.00,177.00,121.00,61.00,APPROVED
PA: PITTSBURGH,04/18/2015 01:46:00,,2218.00,1465.00,442.00,243.00,150.00,178.00,121.00,57.00,APPROVED
PA: PITTSBURGH,04/18/2015 02:46:00,,2347.00,1607.00,466.00,268.00,162.00,192.00,128.00,62.00,APPROVED
PA: PITTSBURGH,04/18/2015 03:46:00,,2498.00,1748.00,501.00,297.00,170.00,213.00,133.00,64.00,APPROVED
PA: PITTSBURGH,04/18/2015 04:47:00,,2599.00,1853.00,522.00,317.00,180.00,220.00,135.00,64.00,APPROVED
PA: PITTSBURGH,04/18/2015 05:47:00,,2646.00,1892.00,540.00,327.00,178.00,230.00,140.00,65.00,APPROVED
PA: PITTSBURGH,04/18/2015 06:47:00,,2765.00,1986.00,554.00,339.00,184.00,231.00,144.00,65.00,APPROVED
PA: PITTSBURGH,04/18/2015 07:47:00,,2838.00,2073.00,575.00,357.00,190.00,244.00,146.00,70.00,APPROVED
PA: PITTSBURGH,04/18/2015 08:48:00,,2877.00,2116.00,587.00,366.00,191.00,249.00,147.00,68.00,APPROVED
PA: PITTSBURGH,04/18/2015 09:48:00,,2930.00,2170.00,596.00,373.00,193.00,257.00,150.00,68.00,APPROVED
PA: PITTSBURGH,04/18/2015 10:48:00,,3002.00,2224.00,612.00,378.00,198.00,260.00,151.00,68.00,APPROVED
PA: PITTSBURGH,04/18/2015 11:48:00,,3037.00,2274.00,630.00,397.00,204.00,272.00,154.00,71.00,APPROVED
PA: PITTSBURGH,04/18/2015 12:48:00,,3038.00,2264.00,631.00,400.00,206.00,273.00,160.00,71.00,APPROVED
PA: PITTSBURGH,04/18/2015 13:49:00,,2955.00,2202.00,613.00,386.00,204.00,268.00,154.00,70.00,APPROVED
PA: PITTSBURGH,04/18/2015 14:49:00,,2736.00,2016.00,584.00,356.00,192.00,251.00,150.00,70.00,APPROVED
PA: PITTSBURGH,04/18/2015 15:49:00,,2365.00,1690.00,514.00,312.00,176.00,220.00,143.00,65.00,APPROVED
PA: PITTSBURGH,04/18/2015 16:49:00,,2128.00,1441.00,456.00,251.00,159.00,189.00,127.00,61.00,APPROVED
PA: PITTSBURGH,04/18/2015 17:49:00,,2101.00,1382.00,429.00,237.00,149.00,176.00,125.00,63.00,APPROVED
PA: PITTSBURGH,04/18/2015 18:50:00,,2199.00,1462.00,433.00,241.00,150.00,172.00,123.00,61.00,APPROVED
PA: PITTSBURGH,04/18/2015 19:50:00,,2192.00,1455.00,418.00,236.00,150.00,172.00,122.00,60.00,APPROVED
PA: PITTSBURGH,04/18/2015 20:50:00,,2189.00,1457.00,431.00,238.00,145.00,169.00,121.00,59.00,APPROVED
PA: PITTSBURGH,04/18/2015 21:50:00,,2248.00,1475.00,430.00,240.00,148.00,170.00,120.00,59.00,APPROVED
PA: PITTSBURGH,04/18/2015 22:50:00,,2292.00,1524.00,430.00,242.00,149.00,170.00,121.00,61.00,APPROVED
PA: PITTSBURGH,04/18/2015 23:51:00,,2337.00,1548.00,439.00,244.00,149.00,171.00,120.00,60.00,APPROVED
PA: PITTSBURGH,04/19/2015 00:51:00,,2402.00,1594.00,442.00,243.00,149.00,172.00,121.00,61.00,APPROVED
PA: PITTSBURGH,04/19/2015 01:51:00,,2323.00,1520.00,433.00,241.00,150.00,171.00,122.00,61.00,APPROVED
PA: PITTSBURGH,04/19/2015 02:51:00,,2206.00,1432.00,431.00,228.00,149.00,171.00,119.00,60.00,APPROVED
PA: PITTSBURGH,04/19/2015 03:51:00,,2199.00,1438.00,436.00,232.00,149.00,175.00,120.00,59.00,APPROVED
PA: PITTSBURGH,04/19/2015 04:52:00,,2244.00,1469.00,441.00,234.00,150.00,179.00,117.00,61.00,APPROVED
PA: PITTSBURGH,04/19/2015 05:52:00,,2286.00,1499.00,436.00,241.00,150.00,174.00,119.00,58.00,APPROVED
PA: PITTSBURGH,04/19/2015 06:52:00,,2314.00,1510.00,442.00,238.00,150.00,174.00,121.00,57.00,APPROVED
PA: PITTSBURGH,04/19/2015 07:52:00,,2362.00,1543.00,445.00,240.00,152.00,171.00,117.00,60.00,APPROVED
PA: PITTSBURGH,04/19/2015 08:52:00,,2409.00,1593.00,454.00,243.00,151.00,178.00,116.00,60.00,APPROVED
PA: PITTSBURGH,04/19/2015 09:53:00,,2449.00,1616.00,462.00,252.00,154.00,182.00,121.00,60.00,APPROVED
PA: PITTSBURGH,04/19/2015 10:53:00,,2452.00,1619.00,464.00,254.00,156.00,184.00,120.00,59.00,APPROVED
PA: PITTSBURGH,04/19/2015 11:53:00,,2457.00,1617.00,461.00,252.00,154.00,183.00,120.00,58.00,APPROVED
PA: PITTSBURGH,04/19/2015 12:53:00,,2423.00,1567.00,453.00,242.00,152.00,176.00,116.00,60.00,APPROVED
PA: PITTSBURGH,04/19/2015 13:53:00,,2327.00,1508.00,440.00,234.00,150.00,173.00,119.00,57.00,APPROVED
PA: PITTSBURGH,04/19/2015 14:54:00,,2208.00,1440.00,428.00,229.00,147.00,167.00,117.00,59.00,APPROVED
PA: PITTSBURGH,04/19/2015 15:54:00,,2142.00,1379.00,424.00,222.00,147.00,169.00,117.00,59.00,APPROVED
PA: PITTSBURGH,04/19/2015 16:54:00,,2082.00,1331.00,418.00,219.00,144.00,166.00,118.00,60.00,APPROVED
PA: PITTSBURGH,04/19/2015 17:54:00,,2042.00,1310.00,414.00,218.00,145.00,167.00,115.00,58.00,APPROVED
PA: PITTSBURGH,04/19/2015 18:54:00,,2041.00,1306.00,414.00,218.00,145.00,168.00,118.00,57.00,APPROVED
PA: PITTSBURGH,04/19/2015 19:55:00,,2065.00,1333.00,420.00,220.00,147.00,164.00,118.00,60.00,APPROVED
PA: PITTSBURGH,04/19/2015 20:55:00,,2109.00,1366.00,421.00,221.00,146.00,171.00,119.00,59.00,APPROVED
PA: PITTSBURGH,04/19/2015 21:55:00,,2250.00,1464.00,438.00,239.00,150.00,174.00,122.00,59.00,APPROVED
PA: PITTSBURGH,04/19/2015 22:55:00,,2355.00,1555.00,458.00,252.00,155.00,180.00,122.00,60.00,APPROVED
PA: PITTSBURGH,04/19/2015 23:55:00,,2348.00,1540.00,450.00,240.00,150.00,178.00,119.00,59.00,APPROVED
PA: PITTSBURGH,04/20/2015 00:56:00,,2370.00,1539.00,446.00,242.00,153.00,179.00,118.00,59.00,APPROVED
PA: PITTSBURGH,04/20/2015 01:56:00,,2454.00,1631.00,474.00,259.00,157.00,188.00,123.00,58.00,APPROVED
PA: PITTSBURGH,04/20/2015 02:56:00,,2464.00,1630.00,471.00,257.00,157.00,186.00,120.00,59.00,APPROVED
PA: PITTSBURGH,04/20/2015 03:56:00,,2494.00,1645.00,479.00,260.00,156.00,187.00,122.00,59.00,APPROVED
PA: PITTSBURGH,04/20/2015 04:56:00,,2499.00,1659.00,471.00,264.00,157.00,189.00,117.00,59.00,APPROVED
PA: PITTSBURGH,04/20/2015 05:57:00,,2433.00,1577.00,459.00,244.00,151.00,179.00,117.00,60.00,APPROVED
PA: PITTSBURGH,04/20/2015 06:57:00,,2500.00,1643.00,467.00,250.00,153.00,183.00,118.00,59.00,APPROVED
PA: PITTSBURGH,04/20/2015 07:57:00,,2424.00,1576.00,451.00,239.00,150.00,177.00,114.00,59.00,APPROVED
PA: PITTSBURGH,04/20/2015 08:57:00,,2478.00,1621.00,463.00,249.00,150.00,183.00,116.00,59.00,APPROVED
PA: PITTSBURGH,04/20/2015 09:57:00,,2382.00,1533.00,441.00,237.00,147.00,175.00,112.00,59.00,APPROVED
PA: PITTSBURGH,04/20/2015 10:58:00,,2300.00,1469.00,424.00,223.00,142.00,164.00,109.00,58.00,APPROVED
PA: PITTSBURGH,04/20/2015 11:58:00,,2266.00,1440.00,420.00,217.00,138.00,163.00,110.00,57.00,APPROVED
PA: PITTSBURGH,04/20/2015 12:58:00,,2214.00,1400.00,420.00,217.00,140.00,163.00,109.00,57.00,APPROVED
PA: PITTSBURGH,04/20/2015 13:58:00,,2151.00,1374.00,415.00,218.00,141.00,168.00,112.00,56.00,APPROVED
PA: PITTSBURGH,04/20/2015 14:58:00,,2096.00,1346.00,414.00,219.00,141.00,164.00,114.00,57.00,APPROVED
PA: PITTSBURGH,04/20/2015 15:29:00,,2055.00,1322.00,413.00,219.00,142.00,164.00,113.00,59.00,APPROVED
PA: PITTSBURGH,04/20/2015 16:36:00,,2077.00,1316.00,394.00,210.00,137.00,159.00,110.00,58.00,APPROVED
PA: PITTSBURGH,04/20/2015 17:36:00,,2051.00,1302.00,400.00,213.00,139.00,164.00,114.00,56.00,APPROVED
PA: PITTSBURGH,04/20/2015 18:37:00,,1989.00,1268.00,395.00,208.00,141.00,160.00,113.00,56.00,APPROVED
PA: PITTSBURGH,04/20/2015 19:37:00,,1972.00,1269.00,399.00,215.00,142.00,161.00,114.00,58.00,APPROVED
PA: PITTSBURGH,04/20/2015 20:37:00,,1983.00,1269.00,406.00,210.00,143.00,163.00,115.00,58.00,APPROVED
PA: PITTSBURGH,04/20/2015 21:37:00,,2072.00,1329.00,410.00,216.00,141.00,165.00,116.00,59.00,APPROVED
PA: PITTSBURGH,04/20/2015 22:37:00,,2137.00,1388.00,422.00,229.00,144.00,168.00,117.00,59.00,APPROVED
PA: PITTSBURGH,04/20/2015 23:38:00,,2330.00,1538.00,446.00,251.00,155.00,179.00,122.00,60.00,APPROVED
PA: PITTSBURGH,04/21/2015 00:38:00,,2315.00,1506.00,435.00,234.00,149.00,173.00,116.00,59.00,APPROVED
PA: PITTSBURGH,04/21/2015 01:38:00,,2337.00,1508.00,431.00,234.00,149.00,170.00,116.00,58.00,APPROVED
PA: PITTSBURGH,04/21/2015 02:38:00,,2343.00,1522.00,437.00,236.00,148.00,170.00,114.00,58.00,APPROVED
PA: PITTSBURGH,04/21/2015 03:38:00,,2416.00,1563.00,443.00,240.00,149.00,177.00,118.00,57.00,APPROVED
PA: PITTSBURGH,04/21/2015 04:39:00,,2537.00,1688.00,471.00,265.00,160.00,186.00,123.00,58.00,APPROVED
PA: PITTSBURGH,04/21/2015 05:39:00,,2472.00,1601.00,445.00,240.00,152.00,177.00,115.00,59.00,APPROVED
PA: PITTSBURGH,04/21/2015 06:39:00,,2460.00,1576.00,438.00,234.00,144.00,170.00,110.00,58.00,APPROVED
PA: PITTSBURGH,04/21/2015 07:39:00,,2475.00,1572.00,439.00,229.00,146.00,167.00,111.00,58.00,APPROVED
PA: PITTSBURGH,04/21/2015 08:39:00,,2484.00,1592.00,439.00,232.00,145.00,169.00,111.00,58.00,APPROVED
PA: PITTSBURGH,04/21/2015 09:40:00,,2513.00,1604.00,437.00,230.00,144.00,167.00,110.00,59.00,APPROVED
PA: PITTSBURGH,04/21/2015 10:40:00,,2519.00,1595.00,439.00,232.00,146.00,165.00,108.00,58.00,APPROVED
PA: PITTSBURGH,04/21/2015 11:40:00,,2529.00,1608.00,439.00,229.00,145.00,165.00,108.00,58.00,APPROVED
PA: PITTSBURGH,04/21/2015 12:40:00,,2524.00,1613.00,438.00,233.00,146.00,171.00,108.00,56.00,APPROVED
PA: PITTSBURGH,04/21/2015 13:40:00,,2508.00,1592.00,435.00,229.00,146.00,170.00,107.00,59.00,APPROVED
PA: PITTSBURGH,04/21/2015 14:41:00,,2478.00,1584.00,437.00,232.00,144.00,170.00,108.00,59.00,APPROVED
PA: PITTSBURGH,04/21/2015 15:41:00,,2418.00,1554.00,432.00,229.00,143.00,168.00,112.00,58.00,APPROVED
PA: PITTSBURGH,04/21/2015 16:41:00,,2344.00,1503.00,424.00,225.00,143.00,165.00,110.00,57.00,APPROVED
PA: PITTSBURGH,04/21/2015 17:41:00,,2318.00,1471.00,426.00,218.00,141.00,161.00,109.00,57.00,APPROVED
PA: PITTSBURGH,04/21/2015 18:41:00,,2294.00,1458.00,418.00,222.00,141.00,166.00,111.00,58.00,APPROVED
PA: PITTSBURGH,04/21/2015 19:42:00,,2316.00,1476.00,418.00,221.00,141.00,161.00,109.00,58.00,APPROVED
PA: PITTSBURGH,04/21/2015 20:42:00,,2316.00,1472.00,417.00,218.00,141.00,164.00,111.00,58.00,APPROVED
PA: PITTSBURGH,04/21/2015 21:42:00,,2315.00,1476.00,426.00,218.00,145.00,163.00,111.00,58.00,APPROVED
PA: PITTSBURGH,04/21/2015 22:42:00,,2339.00,1493.00,427.00,218.00,142.00,164.00,110.00,58.00,APPROVED
PA: PITTSBURGH,04/21/2015 23:42:00,,2359.00,1492.00,427.00,222.00,143.00,164.00,110.00,57.00,APPROVED
PA: PITTSBURGH,04/22/2015 00:43:00,,2381.00,1508.00,423.00,220.00,145.00,165.00,111.00,58.00,APPROVED
PA: PITTSBURGH,04/22/2015 01:43:00,,2378.00,1501.00,424.00,220.00,145.00,165.00,110.00,56.00,APPROVED
PA: PITTSBURGH,04/22/2015 02:43:00,,2374.00,1507.00,424.00,221.00,144.00,163.00,109.00,57.00,APPROVED
PA: PITTSBURGH,04/22/2015 03:43:00,,2381.00,1514.00,426.00,223.00,142.00,165.00,111.00,57.00,APPROVED
PA: PITTSBURGH,04/22/2015 04:43:00,,2406.00,1543.00,436.00,230.00,147.00,167.00,112.00,57.00,APPROVED
PA: PITTSBURGH,04/22/2015 05:44:00,,2420.00,1543.00,431.00,226.00,146.00,166.00,113.00,57.00,APPROVED
PA: PITTSBURGH,04/22/2015 06:44:00,,2412.00,1532.00,433.00,228.00,146.00,164.00,110.00,57.00,APPROVED
PA: PITTSBURGH,04/22/2015 07:44:00,,2437.00,1534.00,431.00,223.00,149.00,166.00,110.00,55.00,APPROVED
PA: PITTSBURGH,04/22/2015 08:44:00,,2435.00,1544.00,431.00,225.00,142.00,169.00,109.00,57.00,APPROVED
PA: PITTSBURGH,04/22/2015 09:44:00,,2486.00,1579.00,439.00,225.00,147.00,170.00,111.00,59.00,APPROVED
PA: PITTSBURGH,04/22/2015 10:45:00,,2650.00,1728.00,469.00,253.00,154.00,186.00,115.00,60.00,APPROVED
PA: PITTSBURGH,04/22/2015 11:45:00,,2851.00,1912.00,514.00,287.00,167.00,203.00,123.00,62.00,APPROVED
PA: PITTSBURGH,04/22/2015 12:45:00,,2925.00,1984.00,537.00,300.00,170.00,210.00,124.00,60.00,APPROVED
PA: PITTSBURGH,04/22/2015 13:45:00,,3129.00,2191.00,575.00,335.00,182.00,233.00,131.00,63.00,APPROVED
PA: PITTSBURGH,04/22/2015 14:45:00,,3057.00,2095.00,565.00,319.00,179.00,231.00,126.00,64.00,APPROVED
PA: PITTSBURGH,04/22/2015 15:46:00,,2737.00,1786.00,492.00,264.00,157.00,198.00,111.00,60.00,APPROVED
PA: PITTSBURGH,04/22/2015 16:46:00,,2530.00,1608.00,442.00,235.00,145.00,173.00,105.00,57.00,APPROVED
PA: PITTSBURGH,04/22/2015 17:46:00,,2431.00,1543.00,430.00,221.00,143.00,164.00,106.00,57.00,APPROVED
PA: PITTSBURGH,04/22/2015 18:46:00,,2412.00,1534.00,430.00,220.00,142.00,166.00,106.00,58.00,APPROVED
PA: PITTSBURGH,04/22/2015 19:46:00,,2447.00,1535.00,427.00,222.00,143.00,168.00,107.00,57.00,APPROVED
PA: PITTSBURGH,04/22/2015 20:47:00,,2548.00,1628.00,444.00,235.00,150.00,171.00,108.00,57.00,APPROVED
PA: PITTSBURGH,04/22/2015 21:47:00,,2580.00,1651.00,451.00,239.00,147.00,176.00,110.00,57.00,APPROVED
PA: PITTSBURGH,04/22/2015 22:47:00,,2543.00,1613.00,439.00,227.00,146.00,170.00,105.00,58.00,APPROVED
PA: PITTSBURGH,04/22/2015 23:47:00,,2527.00,1596.00,434.00,229.00,142.00,168.00,106.00,58.00,APPROVED
PA: PITTSBURGH,04/23/2015 00:48:00,,2536.00,1602.00,437.00,227.00,145.00,170.00,103.00,56.00,APPROVED
PA: PITTSBURGH,04/23/2015 01:48:00,,2584.00,1639.00,446.00,234.00,143.00,171.00,106.00,57.00,APPROVED
PA: PITTSBURGH,04/23/2015 02:48:00,,2620.00,1647.00,443.00,232.00,147.00,175.00,105.00,57.00,APPROVED
PA: PITTSBURGH,04/23/2015 03:48:00,,2581.00,1613.00,438.00,223.00,144.00,172.00,100.00,56.00,APPROVED
PA: PITTSBURGH,04/23/2015 04:48:00,,2593.00,1615.00,437.00,221.00,143.00,169.00,100.00,58.00,APPROVED
PA: PITTSBURGH,04/23/2015 05:49:00,,2559.00,1600.00,437.00,222.00,141.00,171.00,95.00,59.00,APPROVED
PA: PITTSBURGH,04/23/2015 06:49:00,,2578.00,1602.00,439.00,220.00,143.00,167.00,98.00,57.00,APPROVED
PA: PITTSBURGH,04/23/2015 07:49:00,,2596.00,1618.00,435.00,222.00,143.00,169.00,101.00,57.00,APPROVED
PA: PITTSBURGH,04/23/2015 08:49:00,,2622.00,1627.00,437.00,224.00,142.00,175.00,100.00,56.00,APPROVED
PA: PITTSBURGH,04/23/2015 09:49:00,,2607.00,1627.00,436.00,224.00,144.00,173.00,98.00,56.00,APPROVED
PA: PITTSBURGH,04/23/2015 10:50:00,,2620.00,1648.00,443.00,224.00,146.00,175.00,100.00,58.00,APPROVED
PA: PITTSBURGH,04/23/2015 11:50:00,,2631.00,1652.00,443.00,224.00,143.00,173.00,101.00,56.00,APPROVED
PA: PITTSBURGH,04/23/2015 12:50:00,,2614.00,1645.00,443.00,225.00,143.00,171.00,98.00,58.00,APPROVED
PA: PITTSBURGH,04/23/2015 13:50:00,,2563.00,1617.00,441.00,223.00,142.00,169.00,101.00,59.00,APPROVED
PA: PITTSBURGH,04/23/2015 14:50:00,,2524.00,1595.00,437.00,224.00,147.00,170.00,101.00,57.00,APPROVED
PA: PITTSBURGH,04/23/2015 15:51:00,,2498.00,1578.00,429.00,225.00,140.00,166.00,101.00,56.00,APPROVED
PA: PITTSBURGH,04/23/2015 16:51:00,,2496.00,1564.00,435.00,221.00,145.00,165.00,101.00,58.00,APPROVED
PA: PITTSBURGH,04/23/2015 17:51:00,,2491.00,1566.00,433.00,221.00,141.00,168.00,105.00,56.00,APPROVED
PA: PITTSBURGH,04/23/2015 18:51:00,,2478.00,1566.00,434.00,218.00,140.00,170.00,104.00,57.00,APPROVED
PA: PITTSBURGH,04/23/2015 19:51:00,,2482.00,1571.00,433.00,221.00,143.00,165.00,103.00,56.00,APPROVED
PA: PITTSBURGH,04/23/2015 20:52:00,,2483.00,1558.00,431.00,218.00,142.00,170.00,102.00,57.00,APPROVED
PA: PITTSBURGH,04/23/2015 21:52:00,,2506.00,1573.00,431.00,215.00,140.00,168.00,103.00,55.00,APPROVED
PA: PITTSBURGH,04/23/2015 22:52:00,,2524.00,1591.00,433.00,220.00,142.00,167.00,107.00,57.00,APPROVED
PA: PITTSBURGH,04/23/2015 23:52:00,,2541.00,1585.00,434.00,220.00,142.00,165.00,104.00,57.00,APPROVED
PA: PITTSBURGH,04/24/2015 00:52:00,,2566.00,1599.00,430.00,216.00,140.00,167.00,99.00,57.00,APPROVED
PA: PITTSBURGH,04/24/2015 01:53:00,,2570.00,1599.00,435.00,218.00,143.00,166.00,99.00,56.00,APPROVED
PA: PITTSBURGH,04/24/2015 02:53:00,,2582.00,1599.00,426.00,221.00,138.00,170.00,97.00,57.00,APPROVED
PA: PITTSBURGH,04/24/2015 03:53:00,,2597.00,1605.00,434.00,219.00,139.00,169.00,97.00,54.00,APPROVED
PA: PITTSBURGH,04/24/2015 04:53:00,,2626.00,1627.00,435.00,216.00,139.00,167.00,98.00,56.00,APPROVED
PA: PITTSBURGH,04/24/2015 05:53:00,,2621.00,1625.00,438.00,218.00,141.00,172.00,98.00,56.00,APPROVED
PA: PITTSBURGH,04/24/2015 06:54:00,,2620.00,1618.00,436.00,219.00,140.00,169.00,100.00,56.00,APPROVED
PA: PITTSBURGH,04/24/2015 07:54:00,,2640.00,1620.00,440.00,220.00,139.00,172.00,98.00,58.00,APPROVED
PA: PITTSBURGH,04/24/2015 08:54:00,,2658.00,1658.00,436.00,221.00,143.00,173.00,95.00,57.00,APPROVED
PA: PITTSBURGH,04/24/2015 09:54:00,,2687.00,1679.00,444.00,223.00,145.00,177.00,95.00,57.00,APPROVED
PA: PITTSBURGH,04/24/2015 10:54:00,,2700.00,1679.00,449.00,230.00,147.00,179.00,96.00,58.00,APPROVED
PA: PITTSBURGH,04/24/2015 11:55:00,,2701.00,1691.00,452.00,230.00,144.00,180.00,94.00,57.00,APPROVED
PA: PITTSBURGH,04/24/2015 12:55:00,,2675.00,1669.00,446.00,224.00,143.00,176.00,97.00,58.00,APPROVED
PA: PITTSBURGH,04/24/2015 13:55:00,,2628.00,1643.00,444.00,224.00,144.00,172.00,98.00,57.00,APPROVED
PA: PITTSBURGH,04/24/2015 14:55:00,,2565.00,1606.00,432.00,222.00,141.00,169.00,99.00,58.00,APPROVED
PA: PITTSBURGH,04/24/2015 15:55:00,,2511.00,1571.00,428.00,222.00,146.00,168.00,103.00,56.00,APPROVED
PA: PITTSBURGH,04/24/2015 16:56:00,,2475.00,1550.00,428.00,219.00,143.00,164.00,105.00,57.00,APPROVED
PA: PITTSBURGH,04/24/2015 17:56:00,,2416.00,1518.00,427.00,217.00,142.00,162.00,108.00,57.00,APPROVED
PA: PITTSBURGH,04/24/2015 18:56:00,,2336.00,1475.00,423.00,219.00,140.00,162.00,109.00,57.00,APPROVED
PA: PITTSBURGH,04/24/2015 19:56:00,,2307.00,1442.00,415.00,214.00,140.00,161.00,109.00,55.00,APPROVED
PA: PITTSBURGH,04/24/2015 20:56:00,,2259.00,1436.00,413.00,210.00,140.00,158.00,107.00,55.00,APPROVED
PA: PITTSBURGH,04/24/2015 21:57:00,,2265.00,1429.00,414.00,208.00,138.00,157.00,111.00,55.00,APPROVED
PA: PITTSBURGH,04/24/2015 22:57:00,,2274.00,1439.00,416.00,212.00,138.00,160.00,108.00,57.00,APPROVED
PA: PITTSBURGH,04/24/2015 23:57:00,,2375.00,1481.00,421.00,220.00,143.00,164.00,109.00,56.00,APPROVED
PA: PITTSBURGH,04/25/2015 00:57:00,,2420.00,1517.00,424.00,214.00,140.00,159.00,109.00,57.00,APPROVED
PA: PITTSBURGH,04/25/2015 01:57:00,,2460.00,1554.00,424.00,219.00,141.00,162.00,106.00,56.00,APPROVED
PA: PITTSBURGH,04/25/2015 02:58:00,,2496.00,1576.00,430.00,217.00,144.00,165.00,105.00,57.00,APPROVED
PA: PITTSBURGH,04/25/2015 03:58:00,,2530.00,1592.00,434.00,219.00,144.00,164.00,106.00,58.00,APPROVED
PA: PITTSBURGH,04/25/2015 04:58:00,,2550.00,1597.00,430.00,219.00,143.00,171.00,103.00,56.00,APPROVED
PA: PITTSBURGH,04/25/2015 05:58:00,,2546.00,1602.00,437.00,224.00,142.00,165.00,101.00,59.00,APPROVED
PA: PITTSBURGH,04/25/2015 06:58:00,,2548.00,1604.00,440.00,222.00,144.00,171.00,101.00,58.00,APPROVED
PA: PITTSBURGH,04/25/2015 07:59:00,,2558.00,1620.00,446.00,227.00,144.00,173.00,102.00,58.00,APPROVED
PA: PITTSBURGH,04/25/2015 08:59:00,,2549.00,1612.00,441.00,226.00,144.00,170.00,102.00,59.00,APPROVED
PA: PITTSBURGH,04/25/2015 09:59:00,,2596.00,1646.00,450.00,232.00,146.00,175.00,102.00,57.00,APPROVED
PA: PITTSBURGH,04/25/2015 10:59:00,,2887.00,1944.00,521.00,286.00,164.00,206.00,117.00,60.00,APPROVED
PA: PITTSBURGH,04/25/2015 11:59:00,,3053.00,2075.00,555.00,306.00,173.00,221.00,122.00,63.00,APPROVED
PA: PITTSBURGH,04/25/2015 13:00:00,,2824.00,1839.00,498.00,266.00,157.00,199.00,111.00,58.00,APPROVED
PA: PITTSBURGH,04/25/2015 14:00:00,,2635.00,1647.00,451.00,229.00,148.00,176.00,100.00,57.00,APPROVED
PA: PITTSBURGH,04/25/2015 15:00:00,,2567.00,1601.00,431.00,221.00,143.00,172.00,100.00,58.00,APPROVED
PA: PITTSBURGH,04/25/2015 16:00:00,,2482.00,1554.00,431.00,216.00,140.00,169.00,100.00,57.00,APPROVED
PA: PITTSBURGH,04/25/2015 17:00:00,,2399.00,1500.00,428.00,213.00,140.00,166.00,103.00,56.00,APPROVED
PA: PITTSBURGH,04/25/2015 18:01:00,,2361.00,1483.00,424.00,216.00,142.00,165.00,104.00,56.00,APPROVED
PA: PITTSBURGH,04/25/2015 19:01:00,,2319.00,1463.00,414.00,213.00,140.00,162.00,107.00,57.00,APPROVED
PA: PITTSBURGH,04/25/2015 20:01:00,,2245.00,1415.00,414.00,216.00,140.00,163.00,109.00,60.00,APPROVED
PA: PITTSBURGH,04/25/2015 21:01:00,,2283.00,1433.00,418.00,219.00,141.00,168.00,110.00,57.00,APPROVED
PA: PITTSBURGH,04/25/2015 22:01:00,,2275.00,1450.00,417.00,218.00,142.00,164.00,110.00,58.00,APPROVED
PA: PITTSBURGH,04/25/2015 23:02:00,,2308.00,1454.00,419.00,219.00,142.00,162.00,108.00,58.00,APPROVED
PA: PITTSBURGH,04/26/2015 00:02:00,,2332.00,1477.00,418.00,219.00,140.00,163.00,109.00,58.00,APPROVED
PA: PITTSBURGH,04/26/2015 01:02:00,,2363.00,1489.00,427.00,221.00,143.00,163.00,110.00,57.00,APPROVED
PA: PITTSBURGH,04/26/2015 02:02:00,,2377.00,1509.00,425.00,223.00,141.00,166.00,112.00,58.00,APPROVED
PA: PITTSBURGH,04/26/2015 03:02:00,,2406.00,1538.00,435.00,224.00,147.00,171.00,112.00,58.00,APPROVED
PA: PITTSBURGH,04/26/2015 04:03:00,,2399.00,1543.00,433.00,231.00,142.00,169.00,111.00,57.00,APPROVED
PA: PITTSBURGH,04/26/2015 05:03:00,,2413.00,1539.00,435.00,229.00,144.00,170.00,110.00,57.00,APPROVED
PA: PITTSBURGH,04/26/2015 06:03:00,,2443.00,1560.00,444.00,231.00,149.00,171.00,112.00,57.00,APPROVED
PA: PITTSBURGH,04/26/2015 07:03:00,,2479.00,1576.00,443.00,230.00,148.00,174.00,109.00,58.00,APPROVED
PA: PITTSBURGH,04/26/2015 08:03:00,,2504.00,1592.00,443.00,230.00,145.00,173.00,105.00,58.00,APPROVED
PA: PITTSBURGH,04/26/2015 09:04:00,,2555.00,1632.00,445.00,232.00,148.00,172.00,107.00,59.00,APPROVED
PA: PITTSBURGH,04/26/2015 10:04:00,,2561.00,1631.00,445.00,235.00,148.00,175.00,107.00,57.00,APPROVED
PA: PITTSBURGH,04/26/2015 11:04:00,,2586.00,1636.00,451.00,235.00,147.00,176.00,104.00,57.00,APPROVED
PA: PITTSBURGH,04/26/2015 12:04:00,,2591.00,1652.00,446.00,232.00,148.00,173.00,107.00,59.00,APPROVED
PA: PITTSBURGH,04/26/2015 13:04:00,,2577.00,1640.00,448.00,231.00,149.00,174.00,105.00,58.00,APPROVED
PA: PITTSBURGH,04/26/2015 14:05:00,,2500.00,1589.00,438.00,226.00,143.00,170.00,106.00,57.00,APPROVED
PA: PITTSBURGH,04/26/2015 15:05:00,,2412.00,1529.00,433.00,224.00,143.00,168.00,111.00,57.00,APPROVED
PA: PITTSBURGH,04/26/2015 16:05:00,,2291.00,1453.00,423.00,220.00,143.00,165.00,110.00,57.00,APPROVED
PA: PITTSBURGH,04/26/2015 17:05:00,,2250.00,1426.00,421.00,218.00,141.00,166.00,112.00,58.00,APPROVED
PA: PITTSBURGH,04/26/2015 18:06:00,,2197.00,1392.00,418.00,216.00,140.00,163.00,110.00,56.00,APPROVED
PA: PITTSBURGH,04/26/2015 19:06:00,,2169.00,1369.00,413.00,212.00,143.00,161.00,109.00,57.00,APPROVED
PA: PITTSBURGH,04/26/2015 20:06:00,,2122.00,1342.00,407.00,214.00,139.00,160.00,112.00,58.00,APPROVED
PA: PITTSBURGH,04/26/2015 21:06:00,,2117.00,1337.00,405.00,210.00,142.00,159.00,112.00,57.00,APPROVED
PA: PITTSBURGH,04/26/2015 22:06:00,,2177.00,1381.00,408.00,212.00,142.00,160.00,112.00,57.00,APPROVED
PA: PITTSBURGH,04/26/2015 23:07:00,,2273.00,1441.00,414.00,216.00,143.00,162.00,110.00,57.00,APPROVED
PA: PITTSBURGH,04/27/2015 00:07:00,,2333.00,1474.00,419.00,217.00,141.00,164.00,110.00,56.00,APPROVED
PA: PITTSBURGH,04/27/2015 01:07:00,,2360.00,1490.00,426.00,219.00,143.00,159.00,108.00,56.00,APPROVED
PA: PITTSBURGH,04/27/2015 02:07:00,,2404.00,1522.00,422.00,223.00,141.00,162.00,107.00,55.00,APPROVED
PA: PITTSBURGH,04/27/2015 03:07:00,,2441.00,1537.00,432.00,219.00,141.00,164.00,108.00,56.00,APPROVED
PA: PITTSBURGH,04/27/2015 04:08:00,,2492.00,1573.00,427.00,219.00,144.00,166.00,107.00,57.00,APPROVED
PA: PITTSBURGH,04/27/2015 05:08:00,,2520.00,1589.00,433.00,226.00,141.00,165.00,106.00,57.00,APPROVED
PA: PITTSBURGH,04/27/2015 06:08:00,,2508.00,1577.00,436.00,221.00,142.00,172.00,106.00,56.00,APPROVED
PA: PITTSBURGH,04/27/2015 07:08:00,,2511.00,1586.00,438.00,225.00,146.00,169.00,105.00,59.00,APPROVED
PA: PITTSBURGH,04/27/2015 08:08:00,,2550.00,1592.00,438.00,225.00,145.00,164.00,105.00,57.00,APPROVED
PA: PITTSBURGH,04/27/2015 09:09:00,,2580.00,1615.00,443.00,226.00,146.00,167.00,104.00,58.00,APPROVED
PA: PITTSBURGH,04/27/2015 10:09:00,,2600.00,1634.00,447.00,224.00,143.00,172.00,103.00,56.00,APPROVED
PA: PITTSBURGH,04/27/2015 11:09:00,,2594.00,1641.00,442.00,225.00,146.00,172.00,99.00,57.00,APPROVED
PA: PITTSBURGH,04/27/2015 12:09:00,,2624.00,1648.00,450.00,227.00,147.00,176.00,102.00,57.00,APPROVED
PA: PITTSBURGH,04/27/2015 13:09:00,,2582.00,1650.00,447.00,229.00,147.00,174.00,105.00,57.00,APPROVED
PA: PITTSBURGH,04/27/2015 14:10:00,,2530.00,1609.00,440.00,230.00,144.00,167.00,106.00,59.00,APPROVED
PA: PITTSBURGH,04/27/2015 14:44:00,,2489.00,1575.00,435.00,230.00,146.00,171.00,108.00,58.00,APPROVED
PA: PITTSBURGH,04/27/2015 15:55:00,,2500.00,1566.00,431.00,216.00,143.00,161.00,105.00,58.00,APPROVED
PA: PITTSBURGH,04/27/2015 16:55:00,,2505.00,1599.00,435.00,234.00,144.00,169.00,106.00,58.00,APPROVED
PA: PITTSBURGH,04/27/2015 17:56:00,,2589.00,1660.00,451.00,236.00,148.00,171.00,108.00,58.00,APPROVED
PA: PITTSBURGH,04/27/2015 18:56:00,,2563.00,1648.00,451.00,239.00,149.00,176.00,109.00,59.00,APPROVED
PA: PITTSBURGH,04/27/2015 19:56:00,,2517.00,1603.00,438.00,231.00,144.00,169.00,110.00,56.00,APPROVED
PA: PITTSBURGH,04/27/2015 20:56:00,,2530.00,1588.00,433.00,225.00,144.00,169.00,107.00,57.00,APPROVED
PA: PITTSBURGH,04/27/2015 21:56:00,,2523.00,1584.00,433.00,219.00,141.00,168.00,107.00,57.00,APPROVED
PA: PITTSBURGH,04/27/2015 22:57:00,,2554.00,1593.00,434.00,227.00,145.00,168.00,104.00,56.00,APPROVED
PA: PITTSBURGH,04/27/2015 23:57:00,,2541.00,1596.00,435.00,223.00,145.00,166.00,103.00,58.00,APPROVED
PA: PITTSBURGH,04/28/2015 00:57:00,,2564.00,1604.00,436.00,223.00,146.00,169.00,106.00,59.00,APPROVED
PA: PITTSBURGH,04/28/2015 01:57:00,,2583.00,1617.00,445.00,224.00,142.00,168.00,104.00,58.00,APPROVED
PA: PITTSBURGH,04/28/2015 02:57:00,,2563.00,1609.00,434.00,224.00,146.00,167.00,109.00,58.00,APPROVED
PA: PITTSBURGH,04/28/2015 03:58:00,,2575.00,1629.00,434.00,228.00,148.00,169.00,106.00,58.00,APPROVED
PA: PITTSBURGH,04/28/2015 04:58:00,,2589.00,1634.00,439.00,228.00,145.00,171.00,104.00,61.00,APPROVED
PA: PITTSBURGH,04/28/2015 05:58:00,,2617.00,1642.00,447.00,231.00,146.00,170.00,105.00,58.00,APPROVED
PA: PITTSBURGH,04/28/2015 06:58:00,,2619.00,1667.00,447.00,233.00,145.00,173.00,107.00,56.00,APPROVED
PA: PITTSBURGH,04/28/2015 07:58:00,,2623.00,1652.00,448.00,234.00,149.00,175.00,106.00,58.00,APPROVED
PA: PITTSBURGH,04/28/2015 08:59:00,,2621.00,1669.00,451.00,237.00,147.00,175.00,106.00,58.00,APPROVED
PA: PITTSBURGH,04/28/2015 09:59:00,,2678.00,1704.00,451.00,239.00,150.00,177.00,107.00,60.00,APPROVED
PA: PITTSBURGH,04/28/2015 10:59:00,,2699.00,1735.00,471.00,244.00,150.00,179.00,109.00,57.00,APPROVED
PA: PITTSBURGH,04/28/2015 11:59:00,,2704.00,1729.00,460.00,244.00,150.00,183.00,106.00,59.00,APPROVED
PA: PITTSBURGH,04/28/2015 12:59:00,,2645.00,1696.00,455.00,236.00,148.00,176.00,108.00,57.00,APPROVED
PA: PITTSBURGH,04/28/2015 14:00:00,,2604.00,1659.00,448.00,233.00,147.00,174.00,108.00,57.00,APPROVED
PA: PITTSBURGH,04/28/2015 15:00:00,,2528.00,1611.00,440.00,228.00,146.00,170.00,108.00,57.00,APPROVED
PA: PITTSBURGH,04/28/2015 16:00:00,,2404.00,1533.00,428.00,224.00,143.00,165.00,109.00,57.00,APPROVED
PA: PITTSBURGH,04/28/2015 17:00:00,,2336.00,1486.00,422.00,222.00,142.00,164.00,112.00,58.00,APPROVED
PA: PITTSBURGH,04/28/2015 18:00:00,,2240.00,1428.00,418.00,215.00,143.00,159.00,111.00,57.00,APPROVED
PA: PITTSBURGH,04/28/2015 19:01:00,,2171.00,1368.00,408.00,214.00,142.00,158.00,114.00,54.00,APPROVED
PA: PITTSBURGH,04/28/2015 20:01:00,,2129.00,1341.00,404.00,212.00,139.00,159.00,113.00,57.00,APPROVED
PA: PITTSBURGH,04/28/2015 21:01:00,,2104.00,1330.00,402.00,209.00,137.00,156.00,112.00,56.00,APPROVED
PA: PITTSBURGH,04/28/2015 22:01:00,,2109.00,1336.00,402.00,210.00,141.00,159.00,116.00,57.00,APPROVED
PA: PITTSBURGH,04/28/2015 23:01:00,,2147.00,1365.00,408.00,215.00,143.00,155.00,114.00,56.00,APPROVED
PA: PITTSBURGH,04/29/2015 00:02:00,,2246.00,1424.00,412.00,215.00,140.00,164.00,112.00,55.00,APPROVED
PA: PITTSBURGH,04/29/2015 01:02:00,,2347.00,1477.00,421.00,225.00,145.00,160.00,111.00,57.00,APPROVED
PA: PITTSBURGH,04/29/2015 02:02:00,,2373.00,1503.00,421.00,222.00,147.00,162.00,111.00,59.00,APPROVED
PA: PITTSBURGH,04/29/2015 03:02:00,,2422.00,1534.00,427.00,221.00,144.00,161.00,111.00,57.00,APPROVED
PA: PITTSBURGH,04/29/2015 04:02:00,,2457.00,1552.00,437.00,227.00,142.00,166.00,112.00,58.00,APPROVED
PA: PITTSBURGH,04/29/2015 05:03:00,,2505.00,1594.00,436.00,229.00,145.00,171.00,110.00,57.00,APPROVED
PA: PITTSBURGH,04/29/2015 06:03:00,,2578.00,1634.00,447.00,233.00,145.00,172.00,111.00,57.00,APPROVED
PA: PITTSBURGH,04/29/2015 07:03:00,,2633.00,1697.00,453.00,243.00,153.00,180.00,113.00,58.00,APPROVED
PA: PITTSBURGH,04/29/2015 08:03:00,,2676.00,1734.00,464.00,252.00,155.00,183.00,110.00,58.00,APPROVED
PA: PITTSBURGH,04/29/2015 09:03:00,,2720.00,1779.00,469.00,261.00,160.00,187.00,117.00,59.00,APPROVED
PA: PITTSBURGH,04/29/2015 10:04:00,,2762.00,1813.00,484.00,266.00,159.00,192.00,116.00,60.00,APPROVED
PA: PITTSBURGH,04/29/2015 11:04:00,,2817.00,1870.00,494.00,270.00,163.00,198.00,121.00,61.00,APPROVED
PA: PITTSBURGH,04/29/2015 12:04:00,,2855.00,1893.00,508.00,280.00,164.00,200.00,116.00,63.00,APPROVED
PA: PITTSBURGH,04/29/2015 13:04:00,,2782.00,1849.00,498.00,279.00,162.00,202.00,119.00,61.00,APPROVED
PA: PITTSBURGH,04/29/2015 14:04:00,,2590.00,1711.00,469.00,257.00,154.00,190.00,116.00,58.00,APPROVED
PA: PITTSBURGH,04/29/2015 15:05:00,,2469.00,1595.00,447.00,241.00,151.00,175.00,114.00,59.00,APPROVED
PA: PITTSBURGH,04/29/2015 16:05:00,,2265.00,1460.00,430.00,226.00,144.00,169.00,117.00,59.00,APPROVED
PA: PITTSBURGH,04/29/2015 17:05:00,,2176.00,1394.00,414.00,222.00,145.00,165.00,114.00,58.00,APPROVED
PA: PITTSBURGH,04/29/2015 18:05:00,,2094.00,1336.00,411.00,214.00,144.00,162.00,114.00,58.00,APPROVED
PA: PITTSBURGH,04/29/2015 19:05:00,,2032.00,1288.00,403.00,210.00,141.00,162.00,115.00,57.00,APPROVED
PA: PITTSBURGH,04/29/2015 20:06:00,,2161.00,1396.00,411.00,221.00,142.00,164.00,118.00,59.00,APPROVED
PA: PITTSBURGH,04/29/2015 21:06:00,,2289.00,1486.00,425.00,232.00,147.00,168.00,119.00,58.00,APPROVED
PA: PITTSBURGH,04/29/2015 22:06:00,,2347.00,1510.00,433.00,229.00,147.00,166.00,119.00,57.00,APPROVED
PA: PITTSBURGH,04/29/2015 23:06:00,,2317.00,1517.00,427.00,232.00,148.00,163.00,122.00,58.00,APPROVED
PA: PITTSBURGH,04/30/2015 00:06:00,,2246.00,1457.00,417.00,227.00,147.00,164.00,115.00,57.00,APPROVED
PA: PITTSBURGH,04/30/2015 01:07:00,,2204.00,1406.00,417.00,220.00,144.00,162.00,117.00,58.00,APPROVED
PA: PITTSBURGH,04/30/2015 02:07:00,,2232.00,1429.00,416.00,222.00,142.00,162.00,115.00,58.00,APPROVED
PA: PITTSBURGH,04/30/2015 03:07:00,,2273.00,1463.00,421.00,222.00,142.00,168.00,113.00,58.00,APPROVED
PA: PITTSBURGH,04/30/2015 04:07:00,,2324.00,1475.00,427.00,225.00,144.00,166.00,113.00,59.00,APPROVED
PA: PITTSBURGH,04/30/2015 05:07:00,,2354.00,1503.00,431.00,225.00,143.00,163.00,113.00,58.00,APPROVED
PA: PITTSBURGH,04/30/2015 06:08:00,,2393.00,1521.00,434.00,227.00,146.00,164.00,112.00,57.00,APPROVED
PA: PITTSBURGH,04/30/2015 07:08:00,,2433.00,1557.00,434.00,230.00,148.00,173.00,114.00,58.00,APPROVED
PA: PITTSBURGH,04/30/2015 08:08:00,,2488.00,1595.00,444.00,236.00,149.00,171.00,114.00,58.00,APPROVED
PA: PITTSBURGH,04/30/2015 09:08:00,,2520.00,1631.00,448.00,239.00,151.00,174.00,114.00,58.00,APPROVED
PA: PITTSBURGH,04/30/2015 10:08:00,,2543.00,1642.00,451.00,240.00,153.00,175.00,116.00,57.00,APPROVED
PA: PITTSBURGH,04/30/2015 11:09:00,,2591.00,1692.00,460.00,252.00,154.00,180.00,118.00,60.00,APPROVED
PA: PITTSBURGH,04/30/2015 12:09:00,,2606.00,1692.00,463.00,257.00,154.00,182.00,116.00,60.00,APPROVED
PA: PITTSBURGH,04/30/2015 13:09:00,,2562.00,1673.00,464.00,251.00,152.00,181.00,119.00,59.00,APPROVED
PA: PITTSBURGH,04/30/2015 14:09:00,,2480.00,1612.00,452.00,244.00,150.00,179.00,118.00,60.00,APPROVED
PA: PITTSBURGH,04/30/2015 15:09:00,,2396.00,1552.00,445.00,234.00,150.00,178.00,119.00,59.00,APPROVED
PA: PITTSBURGH,04/30/2015 16:10:00,,2352.00,1523.00,445.00,238.00,150.00,170.00,120.00,59.00,APPROVED
PA: PITTSBURGH,04/30/2015 17:10:00,,2245.00,1467.00,433.00,233.00,151.00,170.00,119.00,58.00,APPROVED
PA: PITTSBURGH,04/30/2015 18:10:00,,2249.00,1443.00,427.00,225.00,149.00,168.00,118.00,60.00,APPROVED
PA: PITTSBURGH,04/30/2015 19:10:00,,2268.00,1447.00,426.00,227.00,144.00,163.00,116.00,59.00,APPROVED
PA: PITTSBURGH,04/30/2015 20:10:00,,2344.00,1517.00,437.00,232.00,149.00,171.00,118.00,59.00,APPROVED
PA: PITTSBURGH,04/30/2015 21:11:00,,2358.00,1529.00,439.00,235.00,151.00,171.00,117.00,58.00,APPROVED
PA: PITTSBURGH,04/30/2015 22:11:00,,2311.00,1491.00,430.00,227.00,142.00,168.00,116.00,59.00,APPROVED
PA: PITTSBURGH,04/30/2015 23:11:00,,2361.00,1516.00,430.00,231.00,146.00,167.00,113.00,57.00,APPROVED
PA: PITTSBURGH,05/01/2015 00:11:00,,2487.00,1619.00,458.00,245.00,151.00,175.00,117.00,61.00,APPROVED
PA: PITTSBURGH,05/01/2015 01:11:00,,2859.00,1991.00,534.00,313.00,176.00,211.00,133.00,65.00,APPROVED
PA: PITTSBURGH,05/01/2015 02:12:00,,2847.00,1989.00,547.00,317.00,177.00,218.00,137.00,64.00,APPROVED
PA: PITTSBURGH,05/01/2015 03:12:00,,2885.00,2013.00,545.00,316.00,178.00,215.00,133.00,62.00,APPROVED
PA: PITTSBURGH,05/01/2015 04:12:00,,2845.00,1968.00,539.00,311.00,174.00,218.00,135.00,61.00,APPROVED
PA: PITTSBURGH,05/01/2015 05:12:00,,2611.00,1734.00,482.00,268.00,158.00,190.00,120.00,60.00,APPROVED
PA: PITTSBURGH,05/01/2015 06:12:00,,2556.00,1668.00,467.00,253.00,154.00,185.00,116.00,61.00,APPROVED
PA: PITTSBURGH,05/01/2015 07:13:00,,2516.00,1656.00,459.00,253.00,152.00,179.00,116.00,60.00,APPROVED
PA: PITTSBURGH,05/01/2015 08:13:00,,2501.00,1621.00,453.00,245.00,149.00,177.00,113.00,59.00,APPROVED
PA: PITTSBURGH,05/01/2015 09:13:00,,2510.00,1626.00,448.00,247.00,153.00,179.00,114.00,58.00,APPROVED
PA: PITTSBURGH,05/01/2015 10:13:00,,2510.00,1638.00,458.00,247.00,150.00,177.00,113.00,58.00,APPROVED
PA: PITTSBURGH,05/01/2015 11:13:00,,2545.00,1663.00,457.00,253.00,153.00,180.00,116.00,60.00,APPROVED
PA: PITTSBURGH,05/01/2015 12:14:00,,2539.00,1690.00,463.00,257.00,155.00,183.00,114.00,59.00,APPROVED
PA: PITTSBURGH,05/01/2015 13:14:00,,2493.00,1648.00,461.00,255.00,153.00,183.00,113.00,60.00,APPROVED
PA: PITTSBURGH,05/01/2015 14:14:00,,2434.00,1601.00,453.00,245.00,154.00,180.00,116.00,58.00,APPROVED
PA: PITTSBURGH,05/01/2015 15:14:00,,2384.00,1555.00,441.00,238.00,149.00,175.00,114.00,60.00,APPROVED
PA: PITTSBURGH,05/01/2015 16:14:00,,2261.00,1465.00,432.00,229.00,145.00,167.00,115.00,58.00,APPROVED
PA: PITTSBURGH,05/01/2015 17:15:00,,2156.00,1386.00,411.00,220.00,144.00,166.00,114.00,59.00,APPROVED
PA: PITTSBURGH,05/01/2015 18:15:00,,2116.00,1365.00,411.00,217.00,141.00,163.00,113.00,57.00,APPROVED
PA: PITTSBURGH,05/01/2015 19:15:00,,2082.00,1332.00,402.00,209.00,138.00,161.00,114.00,58.00,APPROVED
PA: PITTSBURGH,05/01/2015 20:15:00,,2090.00,1341.00,401.00,209.00,136.00,156.00,113.00,56.00,APPROVED
PA: PITTSBURGH,05/01/2015 21:15:00,,2090.00,1339.00,403.00,207.00,140.00,154.00,112.00,56.00,APPROVED
PA: PITTSBURGH,05/01/2015 22:16:00,,2058.00,1315.00,397.00,204.00,135.00,155.00,110.00,55.00,APPROVED
PA: PITTSBURGH,05/01/2015 23:16:00,,2048.00,1294.00,399.00,203.00,135.00,157.00,112.00,57.00,APPROVED
PA: PITTSBURGH,05/02/2015 00:16:00,,2111.00,1331.00,401.00,205.00,138.00,156.00,112.00,56.00,APPROVED
PA: PITTSBURGH,05/02/2015 01:16:00,,2176.00,1370.00,401.00,206.00,138.00,157.00,111.00,55.00,APPROVED
PA: PITTSBURGH,05/02/2015 02:16:00,,2231.00,1412.00,411.00,214.00,141.00,159.00,110.00,55.00,APPROVED
PA: PITTSBURGH,05/02/2015 03:17:00,,2327.00,1504.00,429.00,228.00,143.00,162.00,114.00,57.00,APPROVED
PA: PITTSBURGH,05/02/2015 04:17:00,,2424.00,1566.00,437.00,234.00,149.00,174.00,110.00,58.00,APPROVED
PA: PITTSBURGH,05/02/2015 05:17:00,,2515.00,1631.00,449.00,245.00,152.00,178.00,114.00,59.00,APPROVED
PA: PITTSBURGH,05/02/2015 06:17:00,,2576.00,1667.00,459.00,249.00,152.00,180.00,112.00,60.00,APPROVED
PA: PITTSBURGH,05/02/2015 07:17:00,,2624.00,1712.00,468.00,257.00,155.00,185.00,117.00,61.00,APPROVED
PA: PITTSBURGH,05/02/2015 08:18:00,,2666.00,1752.00,477.00,262.00,159.00,186.00,118.00,59.00,APPROVED
PA: PITTSBURGH,05/02/2015 09:18:00,,2692.00,1791.00,477.00,267.00,158.00,190.00,115.00,59.00,APPROVED
PA: PITTSBURGH,05/02/2015 10:18:00,,2736.00,1806.00,486.00,271.00,160.00,190.00,117.00,59.00,APPROVED
PA: PITTSBURGH,05/02/2015 11:18:00,,2790.00,1854.00,495.00,272.00,160.00,202.00,119.00,62.00,APPROVED
PA: PITTSBURGH,05/02/2015 12:18:00,,2777.00,1866.00,501.00,280.00,163.00,200.00,122.00,60.00,APPROVED
PA: PITTSBURGH,05/02/2015 13:19:00,,2644.00,1755.00,488.00,268.00,158.00,195.00,118.00,61.00,APPROVED
PA: PITTSBURGH,05/02/2015 14:19:00,,2525.00,1644.00,456.00,250.00,152.00,182.00,115.00,59.00,APPROVED
PA: PITTSBURGH,05/02/2015 15:19:00,,2341.00,1522.00,438.00,239.00,151.00,173.00,118.00,57.00,APPROVED
PA: PITTSBURGH,05/02/2015 16:19:00,,2126.00,1365.00,414.00,220.00,145.00,162.00,117.00,57.00,APPROVED
PA: PITTSBURGH,05/02/2015 17:19:00,,2057.00,1313.00,403.00,210.00,141.00,160.00,114.00,57.00,APPROVED
PA: PITTSBURGH,05/02/2015 18:20:00,,2008.00,1271.00,400.00,204.00,137.00,158.00,112.00,57.00,APPROVED
PA: PITTSBURGH,05/02/2015 19:20:00,,2007.00,1267.00,393.00,206.00,140.00,160.00,114.00,58.00,APPROVED
PA: PITTSBURGH,05/02/2015 20:20:00,,1974.00,1248.00,393.00,208.00,138.00,158.00,113.00,56.00,APPROVED
PA: PITTSBURGH,05/02/2015 21:20:00,,2001.00,1263.00,393.00,205.00,137.00,156.00,111.00,55.00,APPROVED
PA: PITTSBURGH,05/02/2015 22:20:00,,2195.00,1419.00,411.00,220.00,139.00,158.00,116.00,56.00,APPROVED
PA: PITTSBURGH,05/02/2015 23:21:00,,2254.00,1463.00,420.00,222.00,141.00,160.00,114.00,58.00,APPROVED
PA: PITTSBURGH,05/03/2015 00:21:00,,2277.00,1474.00,422.00,223.00,144.00,160.00,113.00,59.00,APPROVED
PA: PITTSBURGH,05/03/2015 01:21:00,,2192.00,1405.00,413.00,220.00,144.00,160.00,115.00,59.00,APPROVED
PA: PITTSBURGH,05/03/2015 02:21:00,,2276.00,1471.00,425.00,232.00,147.00,168.00,119.00,57.00,APPROVED
PA: PITTSBURGH,05/03/2015 03:21:00,,2377.00,1580.00,451.00,249.00,153.00,178.00,121.00,59.00,APPROVED
PA: PITTSBURGH,05/03/2015 04:22:00,,2524.00,1688.00,468.00,266.00,161.00,187.00,125.00,61.00,APPROVED
PA: PITTSBURGH,05/03/2015 05:22:00,,2595.00,1746.00,484.00,279.00,165.00,194.00,127.00,62.00,APPROVED
PA: PITTSBURGH,05/03/2015 06:22:00,,2658.00,1791.00,494.00,288.00,164.00,199.00,129.00,63.00,APPROVED
PA: PITTSBURGH,05/03/2015 07:22:00,,2698.00,1838.00,507.00,291.00,170.00,202.00,128.00,62.00,APPROVED
PA: PITTSBURGH,05/03/2015 08:22:00,,2772.00,1901.00,513.00,298.00,168.00,207.00,127.00,62.00,APPROVED
PA: PITTSBURGH,05/03/2015 09:23:00,,2820.00,1947.00,527.00,306.00,173.00,216.00,134.00,64.00,APPROVED
PA: PITTSBURGH,05/03/2015 10:23:00,,2885.00,1996.00,539.00,315.00,177.00,219.00,135.00,62.00,APPROVED
PA: PITTSBURGH,05/03/2015 11:23:00,,2928.00,2040.00,544.00,326.00,183.00,230.00,131.00,66.00,APPROVED
PA: PITTSBURGH,05/03/2015 12:23:00,,2922.00,2051.00,552.00,331.00,184.00,228.00,137.00,64.00,APPROVED
PA: PITTSBURGH,05/03/2015 13:23:00,,2838.00,2018.00,546.00,330.00,184.00,226.00,140.00,67.00,APPROVED
PA: PITTSBURGH,05/03/2015 14:24:00,,2629.00,1829.00,520.00,308.00,171.00,215.00,135.00,64.00,APPROVED
PA: PITTSBURGH,05/03/2015 15:24:00,,2378.00,1624.00,471.00,270.00,164.00,196.00,129.00,64.00,APPROVED
PA: PITTSBURGH,05/03/2015 16:24:00,,2140.00,1419.00,440.00,241.00,153.00,183.00,125.00,61.00,APPROVED
PA: PITTSBURGH,05/03/2015 17:24:00,,2052.00,1333.00,415.00,223.00,145.00,169.00,118.00,60.00,APPROVED
PA: PITTSBURGH,05/03/2015 18:24:00,,2102.00,1369.00,421.00,225.00,146.00,169.00,119.00,60.00,APPROVED
PA: PITTSBURGH,05/03/2015 19:25:00,,2263.00,1478.00,433.00,237.00,149.00,169.00,122.00,59.00,APPROVED
PA: PITTSBURGH,05/03/2015 20:25:00,,2248.00,1484.00,427.00,238.00,146.00,171.00,122.00,60.00,APPROVED
PA: PITTSBURGH,05/03/2015 21:25:00,,2243.00,1471.00,434.00,234.00,146.00,172.00,118.00,60.00,APPROVED
PA: PITTSBURGH,05/03/2015 22:25:00,,2230.00,1466.00,426.00,240.00,147.00,172.00,118.00,61.00,APPROVED
PA: PITTSBURGH,05/03/2015 23:25:00,,2297.00,1512.00,432.00,241.00,148.00,170.00,122.00,59.00,APPROVED
PA: PITTSBURGH,05/04/2015 00:26:00,,2366.00,1567.00,433.00,243.00,148.00,173.00,122.00,60.00,APPROVED
PA: PITTSBURGH,05/04/2015 01:26:00,,2362.00,1557.00,440.00,247.00,147.00,174.00,123.00,60.00,APPROVED
PA: PITTSBURGH,05/04/2015 02:26:00,,2316.00,1560.00,448.00,253.00,156.00,182.00,126.00,61.00,APPROVED
PA: PITTSBURGH,05/04/2015 03:26:00,,2437.00,1670.00,484.00,283.00,166.00,199.00,131.00,62.00,APPROVED
PA: PITTSBURGH,05/04/2015 04:26:00,,2547.00,1797.00,510.00,306.00,173.00,211.00,138.00,64.00,APPROVED
PA: PITTSBURGH,05/04/2015 05:27:00,,2656.00,1901.00,528.00,326.00,180.00,223.00,142.00,67.00,APPROVED
PA: PITTSBURGH,05/04/2015 06:27:00,,2746.00,1979.00,541.00,337.00,187.00,231.00,143.00,67.00,APPROVED
PA: PITTSBURGH,05/04/2015 07:27:00,,2820.00,2048.00,564.00,345.00,185.00,232.00,146.00,67.00,APPROVED
PA: PITTSBURGH,05/04/2015 08:27:00,,2872.00,2096.00,572.00,356.00,189.00,241.00,147.00,67.00,APPROVED
PA: PITTSBURGH,05/04/2015 09:27:00,,2935.00,2131.00,574.00,361.00,194.00,243.00,146.00,67.00,APPROVED
PA: PITTSBURGH,05/04/2015 10:28:00,,2991.00,2158.00,581.00,370.00,194.00,247.00,149.00,68.00,APPROVED
PA: PITTSBURGH,05/04/2015 11:28:00,,3002.00,2194.00,588.00,375.00,200.00,249.00,151.00,68.00,APPROVED
PA: PITTSBURGH,05/04/2015 12:28:00,,2979.00,2186.00,588.00,372.00,197.00,251.00,153.00,68.00,APPROVED
PA: PITTSBURGH,05/04/2015 13:28:00,,2827.00,2071.00,574.00,356.00,191.00,241.00,147.00,69.00,APPROVED
PA: PITTSBURGH,05/04/2015 14:28:00,,2582.00,1847.00,538.00,324.00,180.00,220.00,142.00,67.00,APPROVED
PA: PITTSBURGH,05/04/2015 15:39:00,,2209.00,1415.00,415.00,225.00,143.00,165.00,114.00,59.00,APPROVED
PA: PITTSBURGH,05/04/2015 16:39:00,,2148.00,1400.00,414.00,225.00,145.00,168.00,117.00,60.00,APPROVED
PA: PITTSBURGH,05/04/2015 17:39:00,,2215.00,1448.00,424.00,236.00,150.00,171.00,120.00,61.00,APPROVED
PA: PITTSBURGH,05/04/2015 18:39:00,,2197.00,1444.00,423.00,236.00,148.00,171.00,122.00,61.00,APPROVED
PA: PITTSBURGH,05/04/2015 19:39:00,,2164.00,1430.00,416.00,234.00,149.00,171.00,120.00,58.00,APPROVED
PA: PITTSBURGH,05/04/2015 21:40:00,,2217.00,1452.00,430.00,239.00,147.00,173.00,122.00,61.00,APPROVED
PA: PITTSBURGH,05/04/2015 22:40:00,,2257.00,1486.00,427.00,240.00,151.00,174.00,122.00,57.00,APPROVED
PA: PITTSBURGH,05/04/2015 23:40:00,,2288.00,1500.00,432.00,247.00,152.00,174.00,124.00,60.00,APPROVED
PA: PITTSBURGH,05/05/2015 00:40:00,,2342.00,1546.00,439.00,246.00,153.00,176.00,122.00,61.00,APPROVED
PA: PITTSBURGH,05/05/2015 01:41:00,,2398.00,1598.00,457.00,258.00,153.00,184.00,125.00,60.00,APPROVED
PA: PITTSBURGH,05/05/2015 02:41:00,,2329.00,1541.00,455.00,252.00,156.00,182.00,125.00,60.00,APPROVED
PA: PITTSBURGH,05/05/2015 03:41:00,,2285.00,1510.00,446.00,248.00,157.00,181.00,125.00,61.00,APPROVED
PA: PITTSBURGH,05/05/2015 04:41:00,,2291.00,1517.00,452.00,250.00,154.00,184.00,124.00,60.00,APPROVED
PA: PITTSBURGH,05/05/2015 05:41:00,,2347.00,1613.00,476.00,274.00,165.00,199.00,131.00,62.00,APPROVED
PA: PITTSBURGH,05/05/2015 06:42:00,,2369.00,1618.00,480.00,279.00,165.00,201.00,133.00,62.00,APPROVED
PA: PITTSBURGH,05/05/2015 07:42:00,,2420.00,1667.00,489.00,287.00,168.00,205.00,137.00,60.00,APPROVED
PA: PITTSBURGH,05/05/2015 08:42:00,,2516.00,1751.00,507.00,304.00,170.00,212.00,136.00,63.00,APPROVED
PA: PITTSBURGH,05/05/2015 09:42:00,,2586.00,1828.00,521.00,319.00,179.00,219.00,141.00,64.00,APPROVED
PA: PITTSBURGH,05/05/2015 10:42:00,,2647.00,1906.00,537.00,334.00,185.00,231.00,148.00,67.00,APPROVED
PA: PITTSBURGH,05/05/2015 11:43:00,,2711.00,1993.00,560.00,355.00,193.00,245.00,152.00,69.00,APPROVED
PA: PITTSBURGH,05/05/2015 12:43:00,,2795.00,2084.00,593.00,383.00,199.00,257.00,158.00,69.00,APPROVED
PA: PITTSBURGH,05/05/2015 13:43:00,,3165.00,2455.00,674.00,443.00,220.00,291.00,172.00,75.00,APPROVED
PA: PITTSBURGH,05/05/2015 14:43:00,,2848.00,2110.00,616.00,385.00,202.00,255.00,158.00,74.00,APPROVED
PA: PITTSBURGH,05/05/2015 15:43:00,,2501.00,1773.00,524.00,310.00,176.00,220.00,141.00,64.00,APPROVED
PA: PITTSBURGH,05/05/2015 16:44:00,,2306.00,1588.00,471.00,275.00,163.00,197.00,129.00,65.00,APPROVED
PA: PITTSBURGH,05/05/2015 17:44:00,,2145.00,1447.00,445.00,250.00,153.00,183.00,125.00,61.00,APPROVED
PA: PITTSBURGH,05/05/2015 18:44:00,,2093.00,1402.00,439.00,244.00,150.00,180.00,125.00,59.00,APPROVED
PA: PITTSBURGH,05/05/2015 19:44:00,,2054.00,1348.00,422.00,231.00,147.00,173.00,121.00,57.00,APPROVED
PA: PITTSBURGH,05/05/2015 20:44:00,,2212.00,1478.00,432.00,241.00,148.00,171.00,120.00,61.00,APPROVED
PA: PITTSBURGH,05/05/2015 21:45:00,,2313.00,1563.00,433.00,250.00,148.00,174.00,122.00,61.00,APPROVED
PA: PITTSBURGH,05/05/2015 22:45:00,,2316.00,1541.00,437.00,246.00,151.00,176.00,119.00,61.00,APPROVED
PA: PITTSBURGH,05/05/2015 23:45:00,,2367.00,1582.00,445.00,254.00,151.00,177.00,124.00,61.00,APPROVED
PA: PITTSBURGH,05/06/2015 00:45:00,,2410.00,1596.00,449.00,254.00,153.00,175.00,126.00,60.00,APPROVED
PA: PITTSBURGH,05/06/2015 01:45:00,,2304.00,1535.00,443.00,252.00,150.00,179.00,124.00,62.00,APPROVED
PA: PITTSBURGH,05/06/2015 02:46:00,,2318.00,1580.00,465.00,268.00,160.00,191.00,128.00,64.00,APPROVED
PA: PITTSBURGH,05/06/2015 03:46:00,,2325.00,1594.00,468.00,272.00,159.00,194.00,127.00,62.00,APPROVED
PA: PITTSBURGH,05/06/2015 04:46:00,,2394.00,1635.00,476.00,279.00,162.00,199.00,131.00,61.00,APPROVED
PA: PITTSBURGH,05/06/2015 05:46:00,,2473.00,1731.00,492.00,292.00,165.00,208.00,139.00,64.00,APPROVED
PA: PITTSBURGH,05/06/2015 06:46:00,,2591.00,1849.00,528.00,329.00,179.00,223.00,141.00,65.00,APPROVED
PA: PITTSBURGH,05/06/2015 07:47:00,,2674.00,1950.00,555.00,354.00,189.00,240.00,150.00,66.00,APPROVED
PA: PITTSBURGH,05/06/2015 08:47:00,,2770.00,2097.00,586.00,382.00,197.00,261.00,158.00,72.00,APPROVED
PA: PITTSBURGH,05/06/2015 09:47:00,,2810.00,2153.00,605.00,400.00,210.00,271.00,165.00,71.00,APPROVED
PA: PITTSBURGH,05/06/2015 10:47:00,,2865.00,2184.00,619.00,412.00,211.00,274.00,165.00,72.00,APPROVED
PA: PITTSBURGH,05/06/2015 11:47:00,,2848.00,2187.00,619.00,407.00,211.00,277.00,164.00,72.00,APPROVED
PA: PITTSBURGH,05/06/2015 12:48:00,,2776.00,2092.00,599.00,395.00,202.00,266.00,162.00,69.00,APPROVED
PA: PITTSBURGH,05/06/2015 13:48:00,,2593.00,1897.00,554.00,346.00,190.00,242.00,152.00,68.00,APPROVED
PA: PITTSBURGH,05/06/2015 14:48:00,,2417.00,1724.00,515.00,303.00,172.00,218.00,141.00,66.00,APPROVED
PA: PITTSBURGH,05/06/2015 15:48:00,,2273.00,1593.00,478.00,282.00,163.00,197.00,138.00,64.00,APPROVED
PA: PITTSBURGH,05/06/2015 16:48:00,,2310.00,1589.00,457.00,277.00,159.00,189.00,131.00,63.00,APPROVED
PA: PITTSBURGH,05/06/2015 17:49:00,,2231.00,1521.00,440.00,261.00,152.00,183.00,127.00,61.00,APPROVED
PA: PITTSBURGH,05/06/2015 18:49:00,,2155.00,1443.00,429.00,245.00,152.00,175.00,119.00,62.00,APPROVED
PA: PITTSBURGH,05/06/2015 19:49:00,,2146.00,1413.00,420.00,236.00,146.00,169.00,121.00,62.00,APPROVED
PA: PITTSBURGH,05/06/2015 20:49:00,,2137.00,1416.00,423.00,234.00,149.00,172.00,121.00,60.00,APPROVED
PA: PITTSBURGH,05/06/2015 21:49:00,,2137.00,1400.00,415.00,233.00,148.00,170.00,120.00,59.00,APPROVED
PA: PITTSBURGH,05/06/2015 22:50:00,,2151.00,1419.00,420.00,238.00,148.00,174.00,122.00,60.00,APPROVED
PA: PITTSBURGH,05/06/2015 23:50:00,,2243.00,1484.00,426.00,244.00,151.00,176.00,123.00,62.00,APPROVED
PA: PITTSBURGH,05/07/2015 00:50:00,,2295.00,1536.00,434.00,254.00,151.00,175.00,126.00,62.00,APPROVED
PA: PITTSBURGH,05/07/2015 01:50:00,,2399.00,1588.00,444.00,255.00,153.00,180.00,123.00,61.00,APPROVED
PA: PITTSBURGH,05/07/2015 02:50:00,,2417.00,1608.00,449.00,256.00,154.00,177.00,124.00,60.00,APPROVED
PA: PITTSBURGH,05/07/2015 03:51:00,,2278.00,1505.00,439.00,247.00,149.00,175.00,122.00,61.00,APPROVED
PA: PITTSBURGH,05/07/2015 04:51:00,,2266.00,1526.00,450.00,252.00,153.00,180.00,126.00,60.00,APPROVED
PA: PITTSBURGH,05/07/2015 05:51:00,,2336.00,1572.00,458.00,263.00,159.00,190.00,127.00,62.00,APPROVED
PA: PITTSBURGH,05/07/2015 06:51:00,,2412.00,1679.00,493.00,282.00,166.00,204.00,134.00,63.00,APPROVED
PA: PITTSBURGH,05/07/2015 07:51:00,,2519.00,1776.00,529.00,307.00,176.00,222.00,143.00,66.00,APPROVED
PA: PITTSBURGH,05/07/2015 08:52:00,,2611.00,1889.00,549.00,336.00,182.00,232.00,149.00,67.00,APPROVED
PA: PITTSBURGH,05/07/2015 09:52:00,,2689.00,2005.00,579.00,361.00,196.00,250.00,154.00,71.00,APPROVED
PA: PITTSBURGH,05/07/2015 10:52:00,,2709.00,2049.00,586.00,375.00,201.00,256.00,156.00,70.00,APPROVED
PA: PITTSBURGH,05/07/2015 11:52:00,,2706.00,2031.00,585.00,374.00,199.00,257.00,158.00,69.00,APPROVED
PA: PITTSBURGH,05/07/2015 12:52:00,,2639.00,1939.00,567.00,355.00,188.00,246.00,149.00,68.00,APPROVED
PA: PITTSBURGH,05/07/2015 13:53:00,,2549.00,1823.00,537.00,326.00,180.00,228.00,144.00,66.00,APPROVED
PA: PITTSBURGH,05/07/2015 14:53:00,,2418.00,1693.00,506.00,296.00,171.00,212.00,136.00,64.00,APPROVED
PA: PITTSBURGH,05/07/2015 15:53:00,,2271.00,1583.00,475.00,274.00,164.00,199.00,137.00,64.00,APPROVED
PA: PITTSBURGH,05/07/2015 16:53:00,,2318.00,1595.00,462.00,278.00,160.00,198.00,131.00,64.00,APPROVED
PA: PITTSBURGH,05/07/2015 17:53:00,,2210.00,1512.00,444.00,265.00,155.00,185.00,128.00,63.00,APPROVED
PA: PITTSBURGH,05/07/2015 18:54:00,,2146.00,1440.00,431.00,247.00,151.00,178.00,126.00,62.00,APPROVED
PA: PITTSBURGH,05/07/2015 19:54:00,,2134.00,1429.00,430.00,249.00,149.00,178.00,124.00,62.00,APPROVED
PA: PITTSBURGH,05/07/2015 20:54:00,,2143.00,1452.00,434.00,250.00,152.00,183.00,127.00,63.00,APPROVED
PA: PITTSBURGH,05/07/2015 21:54:00,,2083.00,1381.00,425.00,238.00,148.00,175.00,126.00,61.00,APPROVED
PA: PITTSBURGH,05/07/2015 22:54:00,,2078.00,1363.00,420.00,234.00,147.00,174.00,123.00,60.00,APPROVED
PA: PITTSBURGH,05/07/2015 23:55:00,,2162.00,1423.00,420.00,238.00,149.00,175.00,123.00,59.00,APPROVED
PA: PITTSBURGH,05/08/2015 00:55:00,,2254.00,1498.00,434.00,243.00,153.00,175.00,123.00,60.00,APPROVED
PA: PITTSBURGH,05/08/2015 01:55:00,,2421.00,1631.00,453.00,260.00,156.00,185.00,126.00,61.00,APPROVED
PA: PITTSBURGH,05/08/2015 02:55:00,,2531.00,1733.00,478.00,283.00,163.00,196.00,134.00,65.00,APPROVED
PA: PITTSBURGH,05/08/2015 03:56:00,,2432.00,1693.00,491.00,289.00,173.00,205.00,137.00,63.00,APPROVED
PA: PITTSBURGH,05/08/2015 04:56:00,,2465.00,1734.00,509.00,304.00,173.00,211.00,137.00,65.00,APPROVED
PA: PITTSBURGH,05/08/2015 05:56:00,,2541.00,1822.00,529.00,321.00,180.00,228.00,145.00,65.00,APPROVED
PA: PITTSBURGH,05/08/2015 06:56:00,,2601.00,1881.00,545.00,337.00,187.00,235.00,149.00,68.00,APPROVED
PA: PITTSBURGH,05/08/2015 07:56:00,,2665.00,1945.00,559.00,346.00,190.00,243.00,151.00,68.00,APPROVED
PA: PITTSBURGH,05/08/2015 08:57:00,,2731.00,2011.00,583.00,359.00,196.00,253.00,152.00,70.00,APPROVED
PA: PITTSBURGH,05/08/2015 09:57:00,,2760.00,2038.00,585.00,368.00,199.00,252.00,158.00,70.00,APPROVED
PA: PITTSBURGH,05/08/2015 10:57:00,,2812.00,2087.00,602.00,378.00,201.00,258.00,162.00,71.00,APPROVED
PA: PITTSBURGH,05/08/2015 11:57:00,,2847.00,2137.00,606.00,388.00,203.00,268.00,161.00,71.00,APPROVED
PA: PITTSBURGH,05/08/2015 12:57:00,,2802.00,2112.00,608.00,386.00,206.00,266.00,165.00,73.00,APPROVED
PA: PITTSBURGH,05/08/2015 13:58:00,,2611.00,1953.00,584.00,360.00,199.00,253.00,161.00,70.00,APPROVED
PA: PITTSBURGH,05/08/2015 14:58:00,,2395.00,1720.00,526.00,315.00,179.00,225.00,148.00,66.00,APPROVED
PA: PITTSBURGH,05/08/2015 15:58:00,,2380.00,1693.00,490.00,305.00,170.00,209.00,141.00,68.00,APPROVED
PA: PITTSBURGH,05/08/2015 16:58:00,,2280.00,1589.00,474.00,284.00,165.00,197.00,134.00,66.00,APPROVED
PA: PITTSBURGH,05/08/2015 17:58:00,,2163.00,1477.00,444.00,260.00,157.00,186.00,127.00,65.00,APPROVED
PA: PITTSBURGH,05/08/2015 18:59:00,,2085.00,1403.00,427.00,242.00,150.00,176.00,128.00,61.00,APPROVED
PA: PITTSBURGH,05/08/2015 19:59:00,,2054.00,1354.00,425.00,240.00,149.00,177.00,126.00,61.00,APPROVED
PA: PITTSBURGH,05/08/2015 20:59:00,,2041.00,1341.00,423.00,232.00,149.00,174.00,123.00,61.00,APPROVED
PA: PITTSBURGH,05/08/2015 21:59:00,,2058.00,1362.00,426.00,237.00,150.00,175.00,126.00,62.00,APPROVED
PA: PITTSBURGH,05/08/2015 22:59:00,,2089.00,1398.00,429.00,245.00,152.00,178.00,126.00,63.00,APPROVED
PA: PITTSBURGH,05/09/2015 00:00:00,,2151.00,1452.00,434.00,252.00,155.00,180.00,125.00,61.00,APPROVED
PA: PITTSBURGH,05/09/2015 01:00:00,,2235.00,1510.00,438.00,256.00,154.00,183.00,125.00,62.00,APPROVED
PA: PITTSBURGH,05/09/2015 02:00:00,,2396.00,1645.00,462.00,274.00,159.00,191.00,130.00,66.00,APPROVED
PA: PITTSBURGH,05/09/2015 04:00:00,,2492.00,1739.00,481.00,291.00,165.00,200.00,137.00,64.00,APPROVED
PA: PITTSBURGH,05/09/2015 05:01:00,,2557.00,1815.00,494.00,303.00,174.00,204.00,138.00,64.00,APPROVED
PA: PITTSBURGH,05/09/2015 06:01:00,,2526.00,1807.00,515.00,318.00,178.00,215.00,141.00,66.00,APPROVED
PA: PITTSBURGH,05/09/2015 07:01:00,,2445.00,1757.00,519.00,313.00,177.00,224.00,143.00,68.00,APPROVED
PA: PITTSBURGH,05/09/2015 08:01:00,,2456.00,1778.00,531.00,316.00,182.00,227.00,144.00,66.00,APPROVED
PA: PITTSBURGH,05/09/2015 09:01:00,,2545.00,1856.00,545.00,332.00,186.00,237.00,151.00,68.00,APPROVED
PA: PITTSBURGH,05/09/2015 10:02:00,,2582.00,1907.00,558.00,341.00,192.00,244.00,155.00,73.00,APPROVED
PA: PITTSBURGH,05/09/2015 11:02:00,,2648.00,1953.00,573.00,354.00,195.00,248.00,156.00,69.00,APPROVED
PA: PITTSBURGH,05/09/2015 12:02:00,,2630.00,1946.00,573.00,357.00,191.00,247.00,154.00,71.00,APPROVED
PA: PITTSBURGH,05/09/2015 13:02:00,,2495.00,1840.00,549.00,335.00,187.00,236.00,150.00,69.00,APPROVED
PA: PITTSBURGH,05/09/2015 14:02:00,,2276.00,1560.00,491.00,279.00,168.00,206.00,138.00,66.00,APPROVED
PA: PITTSBURGH,05/09/2015 15:03:00,,2195.00,1481.00,463.00,258.00,157.00,191.00,130.00,65.00,APPROVED
PA: PITTSBURGH,05/09/2015 16:03:00,,2296.00,1572.00,460.00,268.00,160.00,189.00,130.00,62.00,APPROVED
PA: PITTSBURGH,05/09/2015 17:03:00,,2294.00,1577.00,465.00,270.00,160.00,191.00,132.00,63.00,APPROVED
PA: PITTSBURGH,05/09/2015 18:03:00,,2243.00,1530.00,457.00,270.00,162.00,194.00,130.00,66.00,APPROVED
PA: PITTSBURGH,05/09/2015 19:03:00,,2197.00,1512.00,453.00,268.00,159.00,191.00,135.00,64.00,APPROVED
PA: PITTSBURGH,05/09/2015 20:04:00,,2144.00,1441.00,443.00,254.00,158.00,186.00,129.00,63.00,APPROVED
PA: PITTSBURGH,05/09/2015 21:04:00,,2102.00,1417.00,437.00,253.00,156.00,185.00,127.00,63.00,APPROVED
PA: PITTSBURGH,05/09/2015 22:04:00,,2102.00,1407.00,434.00,245.00,155.00,182.00,128.00,63.00,APPROVED
PA: PITTSBURGH,05/09/2015 23:04:00,,2128.00,1424.00,435.00,248.00,153.00,181.00,127.00,62.00,APPROVED
PA: PITTSBURGH,05/10/2015 00:04:00,,2184.00,1468.00,435.00,248.00,156.00,184.00,125.00,62.00,APPROVED
PA: PITTSBURGH,05/10/2015 01:05:00,,2252.00,1525.00,451.00,254.00,153.00,184.00,128.00,62.00,APPROVED
PA: PITTSBURGH,05/10/2015 02:05:00,,2405.00,1680.00,469.00,284.00,165.00,197.00,134.00,63.00,APPROVED
PA: PITTSBURGH,05/10/2015 03:05:00,,2380.00,1663.00,478.00,284.00,166.00,196.00,134.00,65.00,APPROVED
PA: PITTSBURGH,05/10/2015 04:05:00,,2371.00,1632.00,471.00,272.00,161.00,190.00,132.00,65.00,APPROVED
PA: PITTSBURGH,05/10/2015 05:05:00,,2395.00,1614.00,461.00,268.00,160.00,188.00,128.00,62.00,APPROVED
PA: PITTSBURGH,05/10/2015 06:06:00,,2411.00,1625.00,460.00,262.00,158.00,185.00,128.00,63.00,APPROVED
PA: PITTSBURGH,05/10/2015 07:06:00,,2436.00,1647.00,460.00,265.00,158.00,184.00,129.00,62.00,APPROVED
PA: PITTSBURGH,05/10/2015 08:06:00,,2481.00,1684.00,474.00,273.00,162.00,190.00,130.00,62.00,APPROVED
PA: PITTSBURGH,05/10/2015 09:06:00,,2557.00,1745.00,474.00,280.00,162.00,191.00,128.00,62.00,APPROVED
PA: PITTSBURGH,05/10/2015 10:06:00,,2594.00,1797.00,493.00,294.00,168.00,196.00,135.00,66.00,APPROVED
PA: PITTSBURGH,05/10/2015 11:07:00,,2429.00,1709.00,509.00,298.00,173.00,210.00,137.00,64.00,APPROVED
PA: PITTSBURGH,05/10/2015 12:07:00,,2398.00,1708.00,522.00,300.00,177.00,217.00,142.00,65.00,APPROVED
PA: PITTSBURGH,05/10/2015 13:07:00,,2309.00,1625.00,514.00,289.00,176.00,216.00,142.00,66.00,APPROVED
PA: PITTSBURGH,05/10/2015 14:07:00,,2253.00,1539.00,472.00,266.00,159.00,190.00,131.00,62.00,APPROVED
PA: PITTSBURGH,05/10/2015 15:07:00,,2350.00,1585.00,459.00,262.00,157.00,188.00,128.00,61.00,APPROVED
PA: PITTSBURGH,05/10/2015 16:08:00,,2259.00,1527.00,449.00,257.00,153.00,183.00,125.00,62.00,APPROVED
PA: PITTSBURGH,05/10/2015 17:08:00,,2221.00,1497.00,440.00,252.00,155.00,182.00,128.00,62.00,APPROVED
PA: PITTSBURGH,05/10/2015 18:08:00,,2151.00,1439.00,437.00,244.00,154.00,182.00,125.00,61.00,APPROVED
PA: PITTSBURGH,05/10/2015 19:08:00,,2088.00,1381.00,425.00,238.00,149.00,179.00,124.00,61.00,APPROVED
PA: PITTSBURGH,05/10/2015 20:08:00,,2052.00,1351.00,421.00,237.00,149.00,173.00,122.00,61.00,APPROVED
PA: PITTSBURGH,05/10/2015 21:09:00,,2030.00,1334.00,420.00,229.00,149.00,174.00,121.00,61.00,APPROVED
PA: PITTSBURGH,05/10/2015 22:09:00,,2033.00,1331.00,418.00,230.00,149.00,174.00,125.00,62.00,APPROVED
PA: PITTSBURGH,05/10/2015 23:09:00,,2050.00,1342.00,421.00,228.00,148.00,172.00,124.00,60.00,APPROVED
PA: PITTSBURGH,05/11/2015 00:09:00,,2127.00,1386.00,428.00,231.00,151.00,171.00,124.00,59.00,APPROVED
PA: PITTSBURGH,05/11/2015 01:09:00,,2216.00,1467.00,435.00,243.00,151.00,176.00,124.00,61.00,APPROVED
PA: PITTSBURGH,05/11/2015 02:10:00,,2367.00,1610.00,463.00,265.00,160.00,186.00,130.00,61.00,APPROVED
PA: PITTSBURGH,05/11/2015 03:10:00,,2526.00,1748.00,491.00,295.00,169.00,199.00,138.00,64.00,APPROVED
PA: PITTSBURGH,05/11/2015 04:10:00,,2611.00,1850.00,511.00,318.00,179.00,214.00,139.00,67.00,APPROVED
PA: PITTSBURGH,05/11/2015 05:10:00,,2720.00,1959.00,532.00,336.00,182.00,222.00,148.00,68.00,APPROVED
PA: PITTSBURGH,05/11/2015 06:10:00,,2867.00,2108.00,570.00,371.00,195.00,243.00,155.00,72.00,APPROVED
PA: PITTSBURGH,05/11/2015 07:11:00,,2891.00,2148.00,580.00,388.00,199.00,242.00,162.00,72.00,APPROVED
PA: PITTSBURGH,05/11/2015 08:11:00,,2902.00,2165.00,585.00,387.00,203.00,250.00,161.00,73.00,APPROVED
PA: PITTSBURGH,05/11/2015 09:11:00,,2876.00,2180.00,589.00,399.00,202.00,256.00,165.00,73.00,APPROVED
PA: PITTSBURGH,05/11/2015 10:11:00,,2845.00,2153.00,580.00,398.00,203.00,255.00,164.00,73.00,APPROVED
PA: PITTSBURGH,05/11/2015 11:12:00,,2763.00,2042.00,555.00,363.00,194.00,234.00,151.00,70.00,APPROVED
PA: PITTSBURGH,05/11/2015 12:12:00,,2747.00,2051.00,557.00,369.00,194.00,238.00,156.00,71.00,APPROVED
PA: PITTSBURGH,05/11/2015 13:12:00,,2587.00,1846.00,514.00,327.00,177.00,219.00,139.00,66.00,APPROVED
PA: PITTSBURGH,05/11/2015 14:12:00,,2508.00,1767.00,499.00,306.00,174.00,206.00,140.00,66.00,APPROVED
PA: PITTSBURGH,05/11/2015 15:40:00,,2307.00,1497.00,438.00,235.00,150.00,174.00,122.00,60.00,APPROVED
PA: PITTSBURGH,05/11/2015 16:40:00,,2249.00,1489.00,436.00,249.00,153.00,185.00,127.00,60.00,APPROVED
PA: PITTSBURGH,05/11/2015 17:41:00,,2204.00,1461.00,436.00,249.00,153.00,180.00,124.00,61.00,APPROVED
PA: PITTSBURGH,05/11/2015 18:41:00,,2160.00,1423.00,432.00,247.00,154.00,181.00,126.00,60.00,APPROVED
PA: PITTSBURGH,05/11/2015 19:41:00,,2149.00,1411.00,427.00,240.00,150.00,179.00,124.00,62.00,APPROVED
PA: PITTSBURGH,05/11/2015 20:41:00,,2138.00,1412.00,428.00,242.00,154.00,179.00,124.00,61.00,APPROVED
PA: PITTSBURGH,05/11/2015 21:41:00,,2154.00,1412.00,434.00,241.00,153.00,176.00,126.00,60.00,APPROVED
PA: PITTSBURGH,05/11/2015 22:42:00,,2157.00,1419.00,426.00,240.00,152.00,182.00,128.00,59.00,APPROVED
PA: PITTSBURGH,05/11/2015 23:42:00,,2195.00,1454.00,438.00,249.00,156.00,182.00,127.00,61.00,APPROVED
PA: PITTSBURGH,05/12/2015 00:42:00,,2259.00,1500.00,435.00,252.00,153.00,179.00,126.00,62.00,APPROVED
PA: PITTSBURGH,05/12/2015 01:42:00,,2469.00,1699.00,476.00,280.00,165.00,197.00,133.00,64.00,APPROVED
PA: PITTSBURGH,05/12/2015 02:42:00,,2678.00,1883.00,536.00,329.00,182.00,219.00,143.00,68.00,APPROVED
PA: PITTSBURGH,05/12/2015 03:43:00,,2402.00,1613.00,484.00,276.00,166.00,197.00,129.00,63.00,APPROVED
PA: PITTSBURGH,05/12/2015 04:43:00,,2242.00,1466.00,444.00,241.00,156.00,179.00,123.00,59.00,APPROVED
PA: PITTSBURGH,05/12/2015 05:43:00,,2219.00,1447.00,438.00,236.00,152.00,177.00,122.00,59.00,APPROVED
PA: PITTSBURGH,05/12/2015 06:43:00,,2321.00,1544.00,460.00,251.00,156.00,187.00,127.00,61.00,APPROVED
PA: PITTSBURGH,05/12/2015 07:43:00,,2308.00,1518.00,454.00,254.00,154.00,184.00,127.00,62.00,APPROVED
PA: PITTSBURGH,05/12/2015 08:44:00,,2258.00,1492.00,442.00,246.00,153.00,180.00,124.00,60.00,APPROVED
PA: PITTSBURGH,05/12/2015 09:44:00,,2250.00,1474.00,437.00,238.00,151.00,176.00,122.00,59.00,APPROVED
PA: PITTSBURGH,05/12/2015 10:44:00,,2265.00,1479.00,440.00,241.00,152.00,177.00,121.00,61.00,APPROVED
PA: PITTSBURGH,05/12/2015 11:44:00,,2276.00,1483.00,443.00,237.00,152.00,176.00,119.00,60.00,APPROVED
PA: PITTSBURGH,05/12/2015 12:44:00,,2261.00,1475.00,441.00,241.00,153.00,179.00,122.00,59.00,APPROVED
PA: PITTSBURGH,05/12/2015 13:45:00,,2217.00,1447.00,436.00,241.00,150.00,174.00,120.00,58.00,APPROVED
PA: PITTSBURGH,05/12/2015 14:45:00,,2190.00,1426.00,436.00,234.00,149.00,173.00,119.00,59.00,APPROVED
PA: PITTSBURGH,05/12/2015 15:45:00,,2142.00,1387.00,426.00,232.00,149.00,174.00,122.00,59.00,APPROVED
PA: PITTSBURGH,05/12/2015 16:45:00,,2099.00,1363.00,429.00,229.00,150.00,175.00,121.00,59.00,APPROVED
PA: PITTSBURGH,05/12/2015 17:45:00,,2091.00,1348.00,424.00,226.00,149.00,171.00,118.00,59.00,APPROVED
PA: PITTSBURGH,05/12/2015 18:46:00,,2072.00,1347.00,425.00,225.00,146.00,170.00,118.00,58.00,APPROVED
PA: PITTSBURGH,05/12/2015 19:46:00,,2050.00,1317.00,417.00,218.00,146.00,169.00,117.00,58.00,APPROVED
PA: PITTSBURGH,05/12/2015 20:46:00,,2036.00,1294.00,419.00,217.00,146.00,169.00,120.00,59.00,APPROVED
PA: PITTSBURGH,05/12/2015 21:46:00,,2073.00,1325.00,420.00,219.00,145.00,167.00,118.00,58.00,APPROVED
PA: PITTSBURGH,05/12/2015 22:46:00,,2121.00,1349.00,420.00,220.00,144.00,167.00,118.00,57.00,APPROVED
PA: PITTSBURGH,05/12/2015 23:47:00,,2198.00,1400.00,430.00,225.00,147.00,170.00,119.00,59.00,APPROVED
PA: PITTSBURGH,05/13/2015 00:47:00,,2252.00,1450.00,433.00,233.00,150.00,173.00,120.00,59.00,APPROVED
PA: PITTSBURGH,05/13/2015 01:47:00,,2314.00,1496.00,438.00,233.00,151.00,172.00,120.00,58.00,APPROVED
PA: PITTSBURGH,05/13/2015 02:47:00,,2369.00,1538.00,444.00,237.00,152.00,175.00,117.00,58.00,APPROVED
PA: PITTSBURGH,05/13/2015 03:47:00,,2413.00,1556.00,448.00,240.00,152.00,176.00,117.00,57.00,APPROVED
PA: PITTSBURGH,05/13/2015 04:48:00,,2440.00,1570.00,457.00,240.00,151.00,176.00,119.00,58.00,APPROVED
PA: PITTSBURGH,05/13/2015 05:48:00,,2466.00,1600.00,451.00,239.00,151.00,175.00,117.00,59.00,APPROVED
PA: PITTSBURGH,05/13/2015 06:48:00,,2485.00,1607.00,448.00,240.00,152.00,174.00,114.00,59.00,APPROVED
PA: PITTSBURGH,05/13/2015 07:48:00,,2499.00,1614.00,449.00,240.00,154.00,174.00,118.00,60.00,APPROVED
PA: PITTSBURGH,05/13/2015 08:49:00,,2514.00,1629.00,462.00,243.00,155.00,179.00,117.00,59.00,APPROVED
PA: PITTSBURGH,05/13/2015 09:49:00,,2545.00,1647.00,459.00,245.00,157.00,182.00,115.00,59.00,APPROVED
PA: PITTSBURGH,05/13/2015 10:49:00,,2553.00,1663.00,462.00,243.00,154.00,181.00,118.00,58.00,APPROVED
PA: PITTSBURGH,05/13/2015 11:49:00,,2529.00,1635.00,455.00,238.00,151.00,173.00,113.00,58.00,APPROVED
PA: PITTSBURGH,05/13/2015 12:49:00,,2504.00,1609.00,445.00,231.00,153.00,171.00,112.00,58.00,APPROVED
PA: PITTSBURGH,05/13/2015 13:50:00,,2489.00,1586.00,448.00,232.00,150.00,172.00,111.00,58.00,APPROVED
PA: PITTSBURGH,05/13/2015 14:50:00,,2477.00,1592.00,441.00,232.00,149.00,172.00,112.00,58.00,APPROVED
PA: PITTSBURGH,05/13/2015 15:50:00,,2526.00,1634.00,457.00,239.00,153.00,174.00,115.00,57.00,APPROVED
PA: PITTSBURGH,05/13/2015 16:50:00,,2582.00,1667.00,463.00,250.00,153.00,182.00,115.00,59.00,APPROVED
PA: PITTSBURGH,05/13/2015 17:50:00,,2549.00,1637.00,456.00,241.00,152.00,176.00,115.00,59.00,APPROVED
PA: PITTSBURGH,05/13/2015 18:51:00,,2479.00,1578.00,442.00,231.00,148.00,175.00,109.00,59.00,APPROVED
PA: PITTSBURGH,05/13/2015 19:51:00,,2412.00,1531.00,438.00,226.00,146.00,173.00,111.00,58.00,APPROVED
PA: PITTSBURGH,05/13/2015 20:51:00,,2398.00,1531.00,442.00,225.00,148.00,169.00,111.00,58.00,APPROVED
PA: PITTSBURGH,05/13/2015 21:51:00,,2394.00,1532.00,440.00,221.00,145.00,171.00,112.00,59.00,APPROVED
PA: PITTSBURGH,05/13/2015 22:51:00,,2393.00,1520.00,439.00,226.00,147.00,165.00,108.00,57.00,APPROVED
PA: PITTSBURGH,05/13/2015 23:52:00,,2428.00,1535.00,437.00,227.00,146.00,166.00,113.00,58.00,APPROVED
PA: PITTSBURGH,05/14/2015 00:52:00,,2455.00,1557.00,441.00,227.00,149.00,167.00,111.00,59.00,APPROVED
PA: PITTSBURGH,05/14/2015 01:52:00,,2477.00,1581.00,440.00,230.00,148.00,168.00,111.00,59.00,APPROVED
PA: PITTSBURGH,05/14/2015 02:52:00,,2497.00,1595.00,443.00,226.00,149.00,172.00,110.00,57.00,APPROVED
PA: PITTSBURGH,05/14/2015 03:52:00,,2509.00,1590.00,444.00,232.00,151.00,172.00,112.00,58.00,APPROVED
PA: PITTSBURGH,05/14/2015 04:53:00,,2528.00,1625.00,447.00,233.00,152.00,174.00,111.00,58.00,APPROVED
PA: PITTSBURGH,05/14/2015 05:53:00,,2578.00,1651.00,453.00,237.00,152.00,178.00,112.00,58.00,APPROVED
PA: PITTSBURGH,05/14/2015 06:53:00,,2626.00,1686.00,463.00,246.00,153.00,177.00,112.00,59.00,APPROVED
PA: PITTSBURGH,05/14/2015 07:53:00,,2678.00,1757.00,471.00,251.00,157.00,181.00,114.00,59.00,APPROVED
PA: PITTSBURGH,05/14/2015 08:53:00,,2744.00,1808.00,492.00,268.00,160.00,194.00,116.00,60.00,APPROVED
PA: PITTSBURGH,05/14/2015 09:54:00,,2783.00,1853.00,500.00,278.00,163.00,200.00,117.00,60.00,APPROVED
PA: PITTSBURGH,05/14/2015 10:54:00,,2865.00,1929.00,517.00,290.00,171.00,212.00,122.00,62.00,APPROVED
PA: PITTSBURGH,05/14/2015 11:54:00,,2898.00,1994.00,541.00,308.00,175.00,222.00,128.00,64.00,APPROVED
PA: PITTSBURGH,05/14/2015 12:54:00,,2798.00,1920.00,525.00,300.00,173.00,216.00,123.00,64.00,APPROVED
PA: PITTSBURGH,05/14/2015 13:54:00,,2640.00,1765.00,494.00,269.00,164.00,195.00,118.00,61.00,APPROVED
PA: PITTSBURGH,05/14/2015 14:55:00,,2503.00,1640.00,467.00,245.00,156.00,183.00,117.00,61.00,APPROVED
PA: PITTSBURGH,05/14/2015 15:55:00,,2337.00,1511.00,442.00,230.00,150.00,174.00,117.00,59.00,APPROVED
PA: PITTSBURGH,05/14/2015 16:55:00,,2188.00,1403.00,430.00,222.00,145.00,170.00,115.00,58.00,APPROVED
PA: PITTSBURGH,05/14/2015 17:55:00,,2131.00,1362.00,425.00,219.00,148.00,165.00,115.00,58.00,APPROVED
PA: PITTSBURGH,05/14/2015 18:55:00,,2063.00,1321.00,412.00,215.00,143.00,166.00,119.00,56.00,APPROVED
PA: PITTSBURGH,05/14/2015 19:56:00,,2049.00,1292.00,418.00,214.00,144.00,164.00,119.00,58.00,APPROVED
PA: PITTSBURGH,05/14/2015 20:56:00,,2248.00,1466.00,431.00,233.00,150.00,169.00,118.00,59.00,APPROVED
PA: PITTSBURGH,05/14/2015 21:56:00,,2332.00,1521.00,442.00,236.00,148.00,171.00,119.00,60.00,APPROVED
PA: PITTSBURGH,05/14/2015 22:56:00,,2338.00,1534.00,436.00,237.00,149.00,171.00,121.00,58.00,APPROVED
PA: PITTSBURGH,05/14/2015 23:56:00,,2428.00,1590.00,441.00,244.00,149.00,170.00,122.00,60.00,APPROVED
PA: PITTSBURGH,05/15/2015 00:57:00,,2285.00,1475.00,433.00,230.00,152.00,170.00,121.00,59.00,APPROVED
PA: PITTSBURGH,05/15/2015 01:57:00,,2214.00,1431.00,429.00,228.00,149.00,171.00,122.00,57.00,APPROVED
PA: PITTSBURGH,05/15/2015 02:57:00,,2263.00,1456.00,446.00,233.00,148.00,176.00,122.00,60.00,APPROVED
PA: PITTSBURGH,05/15/2015 03:57:00,,2303.00,1502.00,453.00,245.00,155.00,182.00,124.00,59.00,APPROVED
PA: PITTSBURGH,05/15/2015 05:58:00,,2375.00,1573.00,472.00,256.00,156.00,186.00,124.00,58.00,APPROVED
PA: PITTSBURGH,05/15/2015 06:58:00,,2410.00,1606.00,477.00,259.00,160.00,190.00,126.00,60.00,APPROVED
PA: PITTSBURGH,05/15/2015 07:58:00,,2486.00,1670.00,491.00,268.00,165.00,196.00,130.00,63.00,APPROVED
PA: PITTSBURGH,05/15/2015 08:58:00,,2513.00,1713.00,494.00,282.00,169.00,201.00,129.00,64.00,APPROVED
PA: PITTSBURGH,05/15/2015 09:58:00,,2533.00,1724.00,497.00,279.00,167.00,202.00,132.00,62.00,APPROVED
PA: PITTSBURGH,05/15/2015 10:59:00,,2594.00,1764.00,506.00,288.00,171.00,208.00,134.00,63.00,APPROVED
PA: PITTSBURGH,05/15/2015 11:59:00,,2588.00,1791.00,515.00,287.00,174.00,210.00,133.00,65.00,APPROVED
PA: PITTSBURGH,05/15/2015 12:59:00,,2526.00,1736.00,512.00,284.00,176.00,213.00,131.00,62.00,APPROVED
PA: PITTSBURGH,05/15/2015 13:59:00,,2373.00,1617.00,494.00,270.00,169.00,200.00,130.00,65.00,APPROVED
PA: PITTSBURGH,05/15/2015 14:59:00,,2294.00,1547.00,481.00,263.00,162.00,197.00,131.00,65.00,APPROVED
PA: PITTSBURGH,05/15/2015 16:00:00,,2411.00,1640.00,481.00,276.00,164.00,199.00,137.00,65.00,APPROVED
PA: PITTSBURGH,05/15/2015 17:00:00,,2430.00,1670.00,482.00,286.00,168.00,195.00,135.00,64.00,APPROVED
PA: PITTSBURGH,05/15/2015 18:00:00,,2408.00,1661.00,478.00,280.00,165.00,197.00,134.00,66.00,APPROVED
PA: PITTSBURGH,05/15/2015 19:00:00,,2412.00,1646.00,469.00,278.00,163.00,192.00,134.00,63.00,APPROVED
PA: PITTSBURGH,05/15/2015 20:00:00,,2440.00,1659.00,475.00,278.00,166.00,195.00,133.00,64.00,APPROVED
PA: PITTSBURGH,05/15/2015 21:01:00,,2447.00,1687.00,474.00,280.00,167.00,197.00,137.00,63.00,APPROVED
PA: PITTSBURGH,05/15/2015 22:01:00,,2391.00,1624.00,472.00,274.00,164.00,193.00,136.00,62.00,APPROVED
PA: PITTSBURGH,05/15/2015 23:01:00,,2362.00,1608.00,469.00,275.00,163.00,190.00,134.00,65.00,APPROVED
PA: PITTSBURGH,05/16/2015 00:01:00,,2399.00,1629.00,471.00,273.00,164.00,193.00,130.00,63.00,APPROVED
PA: PITTSBURGH,05/16/2015 01:02:00,,2604.00,1802.00,501.00,303.00,172.00,204.00,140.00,65.00,APPROVED
PA: PITTSBURGH,05/16/2015 02:02:00,,2606.00,1783.00,499.00,299.00,172.00,199.00,138.00,63.00,APPROVED
PA: PITTSBURGH,05/16/2015 03:02:00,,2386.00,1615.00,474.00,270.00,166.00,193.00,131.00,63.00,APPROVED
PA: PITTSBURGH,05/16/2015 04:02:00,,2324.00,1563.00,478.00,263.00,162.00,193.00,131.00,64.00,APPROVED
PA: PITTSBURGH,05/16/2015 05:02:00,,2291.00,1538.00,471.00,254.00,164.00,198.00,130.00,63.00,APPROVED
PA: PITTSBURGH,05/16/2015 06:03:00,,2297.00,1541.00,475.00,255.00,161.00,192.00,130.00,64.00,APPROVED
PA: PITTSBURGH,05/16/2015 07:03:00,,2294.00,1542.00,476.00,264.00,164.00,196.00,132.00,63.00,APPROVED
PA: PITTSBURGH,05/16/2015 08:03:00,,2291.00,1544.00,482.00,261.00,166.00,195.00,131.00,64.00,APPROVED
PA: PITTSBURGH,05/16/2015 09:03:00,,2326.00,1586.00,490.00,269.00,171.00,203.00,134.00,62.00,APPROVED
PA: PITTSBURGH,05/16/2015 10:03:00,,2338.00,1607.00,500.00,280.00,172.00,205.00,138.00,64.00,APPROVED
PA: PITTSBURGH,05/16/2015 11:04:00,,2316.00,1598.00,494.00,276.00,167.00,204.00,137.00,64.00,APPROVED
PA: PITTSBURGH,05/16/2015 12:04:00,,2314.00,1584.00,495.00,271.00,169.00,203.00,135.00,64.00,APPROVED
PA: PITTSBURGH,05/16/2015 13:04:00,,2309.00,1576.00,495.00,275.00,165.00,207.00,137.00,67.00,APPROVED
PA: PITTSBURGH,05/16/2015 14:04:00,,2318.00,1584.00,496.00,278.00,169.00,211.00,135.00,66.00,APPROVED
PA: PITTSBURGH,05/16/2015 15:04:00,,2489.00,1735.00,503.00,300.00,172.00,209.00,144.00,67.00,APPROVED
PA: PITTSBURGH,05/16/2015 16:05:00,,2473.00,1717.00,487.00,294.00,171.00,200.00,137.00,67.00,APPROVED
PA: PITTSBURGH,05/16/2015 17:05:00,,2812.00,2032.00,545.00,344.00,185.00,222.00,152.00,70.00,APPROVED
PA: PITTSBURGH,05/16/2015 18:05:00,,2731.00,1935.00,539.00,337.00,182.00,222.00,147.00,69.00,APPROVED
PA: PITTSBURGH,05/16/2015 19:05:00,,2533.00,1760.00,498.00,298.00,170.00,200.00,140.00,65.00,APPROVED
PA: PITTSBURGH,05/16/2015 20:05:00,,2430.00,1670.00,471.00,280.00,162.00,193.00,135.00,64.00,APPROVED
PA: PITTSBURGH,05/16/2015 21:06:00,,2498.00,1696.00,483.00,283.00,163.00,196.00,134.00,65.00,APPROVED
PA: PITTSBURGH,05/16/2015 22:06:00,,2850.00,2062.00,540.00,335.00,184.00,228.00,147.00,70.00,APPROVED
PA: PITTSBURGH,05/16/2015 23:06:00,,2814.00,2043.00,579.00,362.00,197.00,239.00,153.00,71.00,APPROVED
PA: PITTSBURGH,05/17/2015 00:06:00,,2432.00,1669.00,519.00,289.00,171.00,213.00,137.00,66.00,APPROVED
PA: PITTSBURGH,05/17/2015 01:06:00,,2308.00,1559.00,484.00,270.00,162.00,198.00,134.00,63.00,APPROVED
PA: PITTSBURGH,05/17/2015 02:07:00,,2229.00,1495.00,466.00,255.00,161.00,192.00,128.00,63.00,APPROVED
PA: PITTSBURGH,05/17/2015 03:07:00,,2199.00,1461.00,455.00,248.00,155.00,185.00,127.00,62.00,APPROVED
PA: PITTSBURGH,05/17/2015 04:07:00,,2226.00,1488.00,457.00,253.00,157.00,183.00,124.00,61.00,APPROVED
PA: PITTSBURGH,05/17/2015 05:07:00,,2291.00,1561.00,480.00,269.00,163.00,192.00,130.00,62.00,APPROVED
PA: PITTSBURGH,05/17/2015 06:07:00,,2387.00,1652.00,501.00,289.00,170.00,207.00,138.00,64.00,APPROVED
PA: PITTSBURGH,05/17/2015 07:08:00,,2499.00,1806.00,547.00,322.00,184.00,228.00,148.00,67.00,APPROVED
PA: PITTSBURGH,05/17/2015 08:08:00,,2471.00,1787.00,543.00,326.00,185.00,231.00,148.00,68.00,APPROVED
PA: PITTSBURGH,05/17/2015 09:08:00,,2573.00,1907.00,556.00,350.00,192.00,244.00,151.00,69.00,APPROVED
PA: PITTSBURGH,05/17/2015 10:08:00,,2694.00,2018.00,600.00,373.00,198.00,261.00,163.00,72.00,APPROVED
PA: PITTSBURGH,05/17/2015 11:08:00,,2682.00,1968.00,591.00,364.00,195.00,252.00,155.00,73.00,APPROVED
PA: PITTSBURGH,05/17/2015 12:09:00,,2481.00,1767.00,530.00,319.00,182.00,224.00,146.00,68.00,APPROVED
PA: PITTSBURGH,05/17/2015 13:09:00,,2417.00,1692.00,499.00,298.00,172.00,215.00,136.00,65.00,APPROVED
PA: PITTSBURGH,05/17/2015 14:09:00,,2379.00,1665.00,498.00,293.00,170.00,210.00,136.00,64.00,APPROVED
PA: PITTSBURGH,05/17/2015 15:17:00,,2218.00,1524.00,469.00,267.00,160.00,191.00,131.00,64.00,APPROVED
PA: PITTSBURGH,05/17/2015 16:17:00,,2189.00,1454.00,443.00,251.00,156.00,181.00,127.00,63.00,APPROVED
PA: PITTSBURGH,05/17/2015 17:18:00,,2328.00,1567.00,440.00,253.00,151.00,180.00,127.00,62.00,APPROVED
PA: PITTSBURGH,05/17/2015 18:18:00,,2267.00,1519.00,438.00,251.00,151.00,178.00,123.00,59.00,APPROVED
PA: PITTSBURGH,05/17/2015 19:18:00,,2268.00,1503.00,435.00,247.00,152.00,176.00,124.00,60.00,APPROVED
PA: PITTSBURGH,05/17/2015 20:18:00,,2235.00,1485.00,433.00,244.00,151.00,173.00,124.00,60.00,APPROVED
PA: PITTSBURGH,05/17/2015 21:18:00,,2206.00,1468.00,432.00,243.00,148.00,177.00,124.00,59.00,APPROVED
PA: PITTSBURGH,05/17/2015 22:19:00,,2200.00,1461.00,429.00,246.00,149.00,174.00,121.00,58.00,APPROVED
PA: PITTSBURGH,05/17/2015 23:19:00,,2243.00,1498.00,435.00,251.00,153.00,176.00,124.00,61.00,APPROVED
PA: PITTSBURGH,05/18/2015 00:19:00,,2281.00,1527.00,442.00,252.00,152.00,182.00,126.00,60.00,APPROVED
PA: PITTSBURGH,05/18/2015 01:19:00,,2333.00,1564.00,448.00,257.00,157.00,179.00,126.00,61.00,APPROVED
PA: PITTSBURGH,05/18/2015 02:19:00,,2390.00,1605.00,451.00,264.00,156.00,187.00,125.00,61.00,APPROVED
PA: PITTSBURGH,05/18/2015 03:20:00,,2430.00,1657.00,456.00,270.00,159.00,185.00,128.00,62.00,APPROVED
PA: PITTSBURGH,05/18/2015 04:20:00,,2476.00,1687.00,466.00,281.00,160.00,191.00,128.00,62.00,APPROVED
PA: PITTSBURGH,05/18/2015 05:20:00,,2505.00,1694.00,465.00,276.00,161.00,188.00,128.00,63.00,APPROVED
PA: PITTSBURGH,05/18/2015 06:20:00,,2520.00,1704.00,473.00,275.00,163.00,186.00,131.00,64.00,APPROVED
PA: PITTSBURGH,05/18/2015 07:20:00,,2525.00,1716.00,476.00,281.00,161.00,192.00,130.00,63.00,APPROVED
PA: PITTSBURGH,05/18/2015 08:21:00,,2332.00,1569.00,465.00,264.00,161.00,187.00,126.00,62.00,APPROVED
PA: PITTSBURGH,05/18/2015 09:21:00,,2249.00,1526.00,455.00,258.00,157.00,190.00,127.00,61.00,APPROVED
PA: PITTSBURGH,05/18/2015 10:21:00,,2243.00,1515.00,462.00,258.00,156.00,188.00,127.00,63.00,APPROVED
PA: PITTSBURGH,05/18/2015 11:21:00,,2242.00,1507.00,460.00,255.00,159.00,185.00,126.00,62.00,APPROVED
PA: PITTSBURGH,05/18/2015 12:21:00,,2221.00,1498.00,459.00,255.00,157.00,188.00,129.00,62.00,APPROVED
PA: PITTSBURGH,05/18/2015 13:22:00,,2176.00,1461.00,457.00,253.00,155.00,184.00,127.00,61.00,APPROVED
PA: PITTSBURGH,05/18/2015 14:19:00,,2215.00,1487.00,449.00,252.00,156.00,188.00,128.00,62.00,APPROVED
PA: PITTSBURGH,05/18/2015 15:27:00,,2262.00,1464.00,417.00,224.00,143.00,165.00,115.00,57.00,APPROVED
PA: PITTSBURGH,05/18/2015 16:27:00,,2248.00,1458.00,423.00,235.00,149.00,171.00,120.00,59.00,APPROVED
PA: PITTSBURGH,05/18/2015 17:27:00,,2200.00,1447.00,422.00,237.00,147.00,172.00,123.00,59.00,APPROVED
PA: PITTSBURGH,05/18/2015 18:28:00,,2169.00,1430.00,422.00,239.00,148.00,172.00,120.00,58.00,APPROVED
PA: PITTSBURGH,05/18/2015 19:28:00,,2142.00,1403.00,416.00,232.00,147.00,171.00,120.00,57.00,APPROVED
PA: PITTSBURGH,05/18/2015 20:28:00,,2366.00,1615.00,456.00,270.00,157.00,190.00,128.00,62.00,APPROVED
PA: PITTSBURGH,05/18/2015 21:28:00,,2453.00,1686.00,494.00,293.00,165.00,203.00,134.00,63.00,APPROVED
PA: PITTSBURGH,05/18/2015 22:28:00,,2126.00,1379.00,424.00,236.00,147.00,175.00,120.00,60.00,APPROVED
PA: PITTSBURGH,05/18/2015 23:29:00,,2354.00,1598.00,466.00,269.00,162.00,196.00,129.00,61.00,APPROVED
PA: PITTSBURGH,05/19/2015 00:29:00,,2241.00,1493.00,447.00,248.00,155.00,186.00,121.00,60.00,APPROVED
PA: PITTSBURGH,05/19/2015 01:29:00,,2128.00,1380.00,417.00,229.00,144.00,170.00,117.00,56.00,APPROVED
PA: PITTSBURGH,05/19/2015 02:29:00,,2130.00,1364.00,412.00,223.00,143.00,168.00,113.00,60.00,APPROVED
PA: PITTSBURGH,05/19/2015 03:29:00,,2150.00,1377.00,419.00,224.00,146.00,165.00,114.00,55.00,APPROVED
PA: PITTSBURGH,05/19/2015 04:30:00,,2143.00,1396.00,419.00,224.00,143.00,170.00,117.00,58.00,APPROVED
PA: PITTSBURGH,05/19/2015 05:30:00,,2160.00,1411.00,424.00,230.00,148.00,175.00,121.00,59.00,APPROVED
PA: PITTSBURGH,05/19/2015 06:30:00,,2165.00,1415.00,424.00,234.00,146.00,174.00,119.00,58.00,APPROVED
PA: PITTSBURGH,05/19/2015 07:30:00,,2168.00,1413.00,426.00,236.00,148.00,173.00,120.00,58.00,APPROVED
PA: PITTSBURGH,05/19/2015 08:30:00,,2165.00,1415.00,426.00,233.00,145.00,173.00,118.00,60.00,APPROVED
PA: PITTSBURGH,05/19/2015 09:31:00,,2164.00,1408.00,426.00,235.00,147.00,173.00,119.00,59.00,APPROVED
PA: PITTSBURGH,05/19/2015 10:31:00,,2182.00,1429.00,427.00,236.00,148.00,172.00,119.00,57.00,APPROVED
PA: PITTSBURGH,05/19/2015 11:31:00,,2177.00,1441.00,426.00,244.00,150.00,175.00,120.00,60.00,APPROVED
PA: PITTSBURGH,05/19/2015 12:31:00,,2190.00,1438.00,431.00,241.00,151.00,178.00,122.00,58.00,APPROVED
PA: PITTSBURGH,05/19/2015 13:31:00,,2174.00,1433.00,431.00,239.00,149.00,178.00,121.00,56.00,APPROVED
PA: PITTSBURGH,05/19/2015 14:32:00,,2152.00,1424.00,436.00,240.00,151.00,178.00,124.00,61.00,APPROVED
PA: PITTSBURGH,05/19/2015 15:32:00,,2102.00,1378.00,430.00,236.00,150.00,173.00,121.00,61.00,APPROVED
PA: PITTSBURGH,05/19/2015 16:32:00,,2087.00,1360.00,424.00,231.00,147.00,176.00,121.00,61.00,APPROVED
PA: PITTSBURGH,05/19/2015 17:32:00,,2192.00,1461.00,426.00,245.00,151.00,175.00,122.00,61.00,APPROVED
PA: PITTSBURGH,05/19/2015 18:32:00,,2216.00,1471.00,418.00,245.00,148.00,174.00,121.00,60.00,APPROVED
PA: PITTSBURGH,05/19/2015 19:33:00,,2187.00,1437.00,416.00,230.00,146.00,169.00,118.00,59.00,APPROVED
PA: PITTSBURGH,05/19/2015 20:33:00,,2171.00,1424.00,413.00,228.00,144.00,169.00,117.00,60.00,APPROVED
PA: PITTSBURGH,05/19/2015 21:33:00,,2220.00,1453.00,420.00,233.00,147.00,168.00,117.00,59.00,APPROVED
PA: PITTSBURGH,05/19/2015 22:33:00,,2272.00,1476.00,426.00,235.00,148.00,172.00,116.00,57.00,APPROVED
PA: PITTSBURGH,05/19/2015 23:33:00,,2303.00,1486.00,427.00,235.00,142.00,167.00,117.00,59.00,APPROVED
PA: PITTSBURGH,05/20/2015 00:34:00,,2261.00,1466.00,422.00,229.00,147.00,165.00,118.00,57.00,APPROVED
PA: PITTSBURGH,05/20/2015 01:34:00,,2336.00,1512.00,429.00,230.00,148.00,166.00,115.00,61.00,APPROVED
PA: PITTSBURGH,05/20/2015 02:34:00,,2393.00,1528.00,432.00,232.00,143.00,170.00,113.00,60.00,APPROVED
PA: PITTSBURGH,05/20/2015 03:34:00,,2418.00,1552.00,433.00,228.00,147.00,167.00,110.00,58.00,APPROVED
PA: PITTSBURGH,05/20/2015 04:34:00,,2427.00,1556.00,434.00,228.00,144.00,165.00,113.00,58.00,APPROVED
PA: PITTSBURGH,05/20/2015 05:35:00,,2429.00,1552.00,438.00,229.00,147.00,164.00,109.00,58.00,APPROVED
PA: PITTSBURGH,05/20/2015 06:35:00,,2435.00,1559.00,429.00,227.00,145.00,168.00,111.00,58.00,APPROVED
PA: PITTSBURGH,05/20/2015 07:35:00,,2441.00,1567.00,432.00,228.00,149.00,171.00,113.00,57.00,APPROVED
PA: PITTSBURGH,05/20/2015 08:35:00,,2450.00,1579.00,435.00,233.00,147.00,171.00,110.00,58.00,APPROVED
PA: PITTSBURGH,05/20/2015 09:35:00,,2467.00,1585.00,441.00,236.00,148.00,169.00,113.00,58.00,APPROVED
PA: PITTSBURGH,05/20/2015 10:30:00,,2481.00,1579.00,433.00,229.00,145.00,168.00,112.00,60.00,APPROVED
PA: PITTSBURGH,05/20/2015 11:37:00,,2455.00,1553.00,424.00,221.00,145.00,161.00,108.00,57.00,APPROVED
PA: PITTSBURGH,05/20/2015 12:37:00,,2429.00,1533.00,433.00,223.00,145.00,162.00,109.00,56.00,APPROVED
PA: PITTSBURGH,05/20/2015 13:38:00,,2425.00,1538.00,427.00,223.00,145.00,168.00,107.00,57.00,APPROVED
PA: PITTSBURGH,05/20/2015 14:38:00,,2396.00,1521.00,424.00,221.00,146.00,168.00,107.00,55.00,APPROVED
PA: PITTSBURGH,05/20/2015 15:38:00,,2377.00,1511.00,428.00,218.00,142.00,163.00,106.00,56.00,APPROVED
PA: PITTSBURGH,05/20/2015 16:38:00,,2351.00,1484.00,417.00,218.00,141.00,165.00,107.00,56.00,APPROVED
PA: PITTSBURGH,05/20/2015 17:38:00,,2331.00,1478.00,422.00,220.00,140.00,162.00,109.00,56.00,APPROVED
PA: PITTSBURGH,05/20/2015 18:39:00,,2281.00,1441.00,419.00,214.00,143.00,161.00,108.00,56.00,APPROVED
PA: PITTSBURGH,05/20/2015 19:39:00,,2243.00,1413.00,415.00,216.00,140.00,164.00,108.00,56.00,APPROVED
PA: PITTSBURGH,05/20/2015 20:39:00,,2211.00,1398.00,408.00,211.00,142.00,161.00,112.00,55.00,APPROVED
PA: PITTSBURGH,05/20/2015 21:39:00,,2182.00,1384.00,413.00,210.00,140.00,159.00,110.00,57.00,APPROVED
PA: PITTSBURGH,05/20/2015 22:39:00,,2198.00,1390.00,407.00,214.00,138.00,159.00,110.00,57.00,APPROVED
PA: PITTSBURGH,05/20/2015 23:40:00,,2266.00,1428.00,413.00,215.00,140.00,160.00,112.00,57.00,APPROVED
PA: PITTSBURGH,05/21/2015 00:40:00,,2326.00,1473.00,418.00,215.00,143.00,162.00,108.00,56.00,APPROVED
PA: PITTSBURGH,05/21/2015 01:40:00,,2384.00,1495.00,420.00,221.00,143.00,162.00,108.00,57.00,APPROVED
PA: PITTSBURGH,05/21/2015 02:40:00,,2418.00,1534.00,429.00,221.00,145.00,166.00,109.00,55.00,APPROVED
PA: PITTSBURGH,05/21/2015 03:40:00,,2420.00,1536.00,430.00,221.00,143.00,164.00,108.00,58.00,APPROVED
PA: PITTSBURGH,05/21/2015 04:41:00,,2426.00,1533.00,429.00,225.00,148.00,168.00,109.00,57.00,APPROVED
PA: PITTSBURGH,05/21/2015 05:41:00,,2428.00,1549.00,435.00,226.00,142.00,168.00,109.00,58.00,APPROVED
PA: PITTSBURGH,05/21/2015 06:41:00,,2468.00,1590.00,446.00,232.00,146.00,173.00,113.00,59.00,APPROVED
PA: PITTSBURGH,05/21/2015 07:41:00,,2551.00,1660.00,462.00,251.00,153.00,181.00,114.00,58.00,APPROVED
PA: PITTSBURGH,05/21/2015 08:41:00,,2604.00,1715.00,474.00,260.00,157.00,189.00,118.00,60.00,APPROVED
PA: PITTSBURGH,05/21/2015 09:42:00,,2666.00,1776.00,489.00,271.00,161.00,195.00,119.00,59.00,APPROVED
PA: PITTSBURGH,05/21/2015 10:42:00,,2678.00,1771.00,487.00,264.00,159.00,191.00,121.00,59.00,APPROVED
PA: PITTSBURGH,05/21/2015 11:42:00,,2717.00,1804.00,493.00,274.00,161.00,195.00,118.00,62.00,APPROVED
PA: PITTSBURGH,05/21/2015 12:42:00,,2574.00,1667.00,458.00,247.00,156.00,182.00,111.00,59.00,APPROVED
PA: PITTSBURGH,05/21/2015 13:42:00,,2467.00,1573.00,446.00,229.00,145.00,172.00,109.00,55.00,APPROVED
PA: PITTSBURGH,05/21/2015 14:43:00,,2413.00,1530.00,433.00,224.00,149.00,169.00,111.00,57.00,APPROVED
PA: PITTSBURGH,05/21/2015 15:43:00,,2367.00,1504.00,432.00,226.00,144.00,168.00,113.00,58.00,APPROVED
PA: PITTSBURGH,05/21/2015 16:43:00,,2346.00,1489.00,429.00,226.00,142.00,164.00,109.00,59.00,APPROVED
PA: PITTSBURGH,05/21/2015 17:43:00,,2332.00,1490.00,432.00,221.00,142.00,164.00,114.00,58.00,APPROVED
PA: PITTSBURGH,05/21/2015 18:43:00,,2333.00,1496.00,431.00,224.00,142.00,169.00,110.00,56.00,APPROVED
PA: PITTSBURGH,05/21/2015 19:44:00,,2314.00,1474.00,429.00,225.00,145.00,169.00,113.00,60.00,APPROVED
PA: PITTSBURGH,05/21/2015 20:44:00,,2326.00,1491.00,427.00,223.00,148.00,170.00,112.00,57.00,APPROVED
PA: PITTSBURGH,05/21/2015 21:44:00,,2321.00,1472.00,429.00,225.00,145.00,165.00,112.00,56.00,APPROVED
PA: PITTSBURGH,05/21/2015 22:44:00,,2326.00,1480.00,428.00,224.00,144.00,165.00,111.00,59.00,APPROVED
PA: PITTSBURGH,05/21/2015 23:44:00,,2359.00,1505.00,434.00,225.00,143.00,166.00,111.00,58.00,APPROVED
PA: PITTSBURGH,05/22/2015 00:45:00,,2352.00,1501.00,429.00,222.00,143.00,165.00,111.00,57.00,APPROVED
PA: PITTSBURGH,05/22/2015 01:45:00,,2370.00,1507.00,428.00,222.00,145.00,163.00,109.00,57.00,APPROVED
PA: PITTSBURGH,05/22/2015 02:45:00,,2375.00,1512.00,431.00,217.00,141.00,166.00,110.00,56.00,APPROVED
PA: PITTSBURGH,05/22/2015 03:45:00,,2417.00,1526.00,437.00,220.00,146.00,166.00,108.00,57.00,APPROVED
PA: PITTSBURGH,05/22/2015 04:45:00,,2463.00,1555.00,436.00,225.00,145.00,170.00,109.00,57.00,APPROVED
PA: PITTSBURGH,05/22/2015 05:46:00,,2503.00,1607.00,443.00,233.00,147.00,170.00,111.00,57.00,APPROVED
PA: PITTSBURGH,05/22/2015 06:46:00,,2536.00,1626.00,450.00,238.00,151.00,176.00,111.00,57.00,APPROVED
PA: PITTSBURGH,05/22/2015 07:46:00,,2561.00,1649.00,460.00,242.00,151.00,180.00,113.00,57.00,APPROVED
PA: PITTSBURGH,05/22/2015 08:46:00,,2592.00,1677.00,457.00,245.00,155.00,183.00,112.00,59.00,APPROVED
PA: PITTSBURGH,05/22/2015 09:46:00,,2612.00,1703.00,463.00,251.00,155.00,181.00,115.00,61.00,APPROVED
PA: PITTSBURGH,05/22/2015 10:47:00,,2620.00,1698.00,465.00,252.00,153.00,182.00,113.00,61.00,APPROVED
PA: PITTSBURGH,05/22/2015 11:47:00,,2597.00,1690.00,467.00,251.00,154.00,181.00,114.00,58.00,APPROVED
PA: PITTSBURGH,05/22/2015 12:47:00,,2562.00,1668.00,462.00,248.00,155.00,180.00,114.00,59.00,APPROVED
PA: PITTSBURGH,05/22/2015 13:47:00,,2497.00,1634.00,457.00,249.00,152.00,182.00,117.00,60.00,APPROVED
PA: PITTSBURGH,05/22/2015 14:47:00,,2426.00,1578.00,453.00,243.00,152.00,177.00,118.00,59.00,APPROVED
PA: PITTSBURGH,05/22/2015 15:48:00,,2304.00,1494.00,447.00,239.00,152.00,175.00,118.00,60.00,APPROVED
PA: PITTSBURGH,05/22/2015 16:48:00,,2225.00,1455.00,440.00,235.00,150.00,174.00,120.00,59.00,APPROVED
PA: PITTSBURGH,05/22/2015 17:48:00,,2187.00,1415.00,432.00,228.00,149.00,176.00,120.00,61.00,APPROVED
PA: PITTSBURGH,05/22/2015 18:48:00,,2190.00,1439.00,434.00,233.00,153.00,177.00,120.00,61.00,APPROVED
PA: PITTSBURGH,05/22/2015 19:48:00,,2174.00,1407.00,434.00,232.00,150.00,173.00,120.00,59.00,APPROVED
PA: PITTSBURGH,05/22/2015 20:49:00,,2074.00,1325.00,416.00,221.00,144.00,166.00,117.00,57.00,APPROVED
PA: PITTSBURGH,05/22/2015 21:49:00,,2049.00,1301.00,405.00,207.00,139.00,162.00,115.00,58.00,APPROVED
PA: PITTSBURGH,05/22/2015 22:49:00,,2071.00,1326.00,407.00,210.00,141.00,159.00,113.00,58.00,APPROVED
PA: PITTSBURGH,05/22/2015 23:49:00,,2155.00,1368.00,408.00,210.00,142.00,159.00,113.00,57.00,APPROVED
PA: PITTSBURGH,05/23/2015 00:49:00,,2258.00,1438.00,422.00,214.00,142.00,160.00,112.00,59.00,APPROVED
PA: PITTSBURGH,05/23/2015 01:50:00,,2315.00,1477.00,424.00,219.00,142.00,161.00,113.00,56.00,APPROVED
PA: PITTSBURGH,05/23/2015 02:50:00,,2362.00,1496.00,429.00,219.00,141.00,163.00,113.00,59.00,APPROVED
PA: PITTSBURGH,05/23/2015 03:50:00,,2417.00,1539.00,426.00,219.00,145.00,163.00,108.00,57.00,APPROVED
PA: PITTSBURGH,05/23/2015 04:50:00,,2468.00,1579.00,437.00,224.00,143.00,165.00,112.00,56.00,APPROVED
PA: PITTSBURGH,05/23/2015 05:50:00,,2558.00,1629.00,447.00,231.00,147.00,169.00,111.00,58.00,APPROVED
PA: PITTSBURGH,05/23/2015 06:51:00,,2624.00,1683.00,456.00,242.00,149.00,177.00,109.00,58.00,APPROVED
PA: PITTSBURGH,05/23/2015 07:51:00,,2708.00,1729.00,468.00,250.00,153.00,179.00,110.00,60.00,APPROVED
PA: PITTSBURGH,05/23/2015 08:51:00,,2778.00,1802.00,480.00,258.00,159.00,188.00,113.00,60.00,APPROVED
PA: PITTSBURGH,05/23/2015 09:51:00,,2837.00,1861.00,496.00,268.00,163.00,195.00,116.00,59.00,APPROVED
PA: PITTSBURGH,05/23/2015 10:51:00,,2915.00,1922.00,503.00,278.00,164.00,204.00,117.00,62.00,APPROVED
PA: PITTSBURGH,05/23/2015 11:52:00,,2921.00,1953.00,517.00,287.00,167.00,210.00,121.00,60.00,APPROVED
PA: PITTSBURGH,05/23/2015 12:52:00,,2879.00,1923.00,522.00,287.00,169.00,212.00,121.00,62.00,APPROVED
PA: PITTSBURGH,05/23/2015 13:52:00,,2762.00,1848.00,505.00,276.00,166.00,200.00,121.00,63.00,APPROVED
PA: PITTSBURGH,05/23/2015 14:52:00,,2529.00,1680.00,473.00,259.00,160.00,186.00,119.00,61.00,APPROVED
PA: PITTSBURGH,05/23/2015 15:52:00,,2249.00,1460.00,439.00,233.00,150.00,173.00,118.00,60.00,APPROVED
PA: PITTSBURGH,05/23/2015 16:53:00,,2101.00,1336.00,414.00,213.00,143.00,166.00,117.00,58.00,APPROVED
PA: PITTSBURGH,05/23/2015 17:53:00,,2031.00,1291.00,408.00,209.00,143.00,159.00,116.00,58.00,APPROVED
PA: PITTSBURGH,05/23/2015 18:53:00,,2137.00,1388.00,418.00,222.00,146.00,164.00,121.00,56.00,APPROVED
PA: PITTSBURGH,05/23/2015 19:53:00,,2235.00,1452.00,423.00,231.00,144.00,165.00,119.00,58.00,APPROVED
PA: PITTSBURGH,05/23/2015 20:53:00,,2212.00,1455.00,426.00,223.00,146.00,166.00,118.00,59.00,APPROVED
PA: PITTSBURGH,05/23/2015 21:54:00,,2233.00,1446.00,425.00,232.00,143.00,169.00,119.00,57.00,APPROVED
PA: PITTSBURGH,05/23/2015 22:54:00,,2248.00,1462.00,423.00,228.00,146.00,169.00,117.00,60.00,APPROVED
PA: PITTSBURGH,05/23/2015 23:54:00,,2327.00,1506.00,429.00,233.00,146.00,165.00,119.00,59.00,APPROVED
PA: PITTSBURGH,05/24/2015 00:54:00,,2228.00,1442.00,422.00,226.00,149.00,165.00,117.00,56.00,APPROVED
PA: PITTSBURGH,05/24/2015 01:54:00,,2222.00,1429.00,424.00,224.00,145.00,165.00,120.00,59.00,APPROVED
PA: PITTSBURGH,05/24/2015 02:55:00,,2325.00,1515.00,446.00,236.00,150.00,174.00,121.00,59.00,APPROVED
PA: PITTSBURGH,05/24/2015 03:55:00,,2440.00,1610.00,451.00,248.00,153.00,180.00,122.00,60.00,APPROVED
PA: PITTSBURGH,05/24/2015 04:55:00,,2541.00,1682.00,471.00,260.00,158.00,186.00,122.00,61.00,APPROVED
PA: PITTSBURGH,05/24/2015 05:55:00,,2623.00,1749.00,487.00,270.00,159.00,192.00,125.00,60.00,APPROVED
PA: PITTSBURGH,05/24/2015 06:55:00,,2678.00,1788.00,493.00,275.00,166.00,195.00,124.00,61.00,APPROVED
PA: PITTSBURGH,05/24/2015 07:56:00,,2762.00,1851.00,508.00,282.00,168.00,202.00,125.00,60.00,APPROVED
PA: PITTSBURGH,05/24/2015 08:56:00,,2807.00,1903.00,513.00,294.00,169.00,209.00,129.00,62.00,APPROVED
PA: PITTSBURGH,05/24/2015 09:56:00,,2877.00,1951.00,527.00,302.00,173.00,213.00,132.00,64.00,APPROVED
PA: PITTSBURGH,05/24/2015 10:56:00,,2925.00,2001.00,538.00,310.00,178.00,213.00,132.00,64.00,APPROVED
PA: PITTSBURGH,05/24/2015 11:56:00,,2940.00,2034.00,549.00,317.00,179.00,222.00,134.00,63.00,APPROVED
PA: PITTSBURGH,05/24/2015 12:57:00,,2884.00,1996.00,544.00,318.00,179.00,225.00,135.00,65.00,APPROVED
PA: PITTSBURGH,05/24/2015 13:57:00,,2721.00,1891.00,531.00,309.00,176.00,219.00,136.00,64.00,APPROVED
PA: PITTSBURGH,05/24/2015 14:57:00,,2486.00,1709.00,504.00,287.00,171.00,205.00,136.00,63.00,APPROVED
PA: PITTSBURGH,05/24/2015 15:57:00,,2317.00,1576.00,467.00,265.00,161.00,191.00,129.00,61.00,APPROVED
PA: PITTSBURGH,05/24/2015 16:57:00,,2331.00,1568.00,452.00,263.00,156.00,182.00,125.00,63.00,APPROVED
PA: PITTSBURGH,05/24/2015 17:58:00,,2289.00,1523.00,446.00,250.00,153.00,178.00,126.00,61.00,APPROVED
PA: PITTSBURGH,05/24/2015 18:58:00,,2215.00,1480.00,440.00,247.00,154.00,178.00,123.00,61.00,APPROVED
PA: PITTSBURGH,05/24/2015 19:58:00,,2164.00,1431.00,428.00,243.00,150.00,176.00,124.00,58.00,APPROVED
PA: PITTSBURGH,05/24/2015 20:58:00,,2138.00,1428.00,428.00,237.00,150.00,174.00,122.00,61.00,APPROVED
PA: PITTSBURGH,05/24/2015 21:58:00,,2210.00,1461.00,429.00,240.00,149.00,175.00,123.00,59.00,APPROVED
PA: PITTSBURGH,05/24/2015 22:59:00,,2240.00,1495.00,436.00,243.00,151.00,175.00,122.00,61.00,APPROVED
PA: PITTSBURGH,05/24/2015 23:59:00,,2311.00,1543.00,444.00,252.00,153.00,177.00,125.00,62.00,APPROVED
PA: PITTSBURGH,05/25/2015 00:59:00,,2382.00,1600.00,454.00,262.00,157.00,186.00,125.00,62.00,APPROVED
PA: PITTSBURGH,05/25/2015 01:59:00,,2465.00,1652.00,464.00,263.00,156.00,186.00,125.00,63.00,APPROVED
PA: PITTSBURGH,05/25/2015 02:59:00,,2409.00,1618.00,468.00,269.00,159.00,191.00,128.00,63.00,APPROVED
PA: PITTSBURGH,05/25/2015 04:00:00,,2431.00,1666.00,488.00,282.00,166.00,198.00,136.00,64.00,APPROVED
PA: PITTSBURGH,05/25/2015 05:00:00,,2494.00,1737.00,502.00,297.00,170.00,208.00,138.00,66.00,APPROVED
PA: PITTSBURGH,05/25/2015 06:00:00,,2556.00,1799.00,527.00,309.00,177.00,222.00,138.00,65.00,APPROVED
PA: PITTSBURGH,05/25/2015 07:00:00,,2627.00,1864.00,535.00,320.00,181.00,222.00,143.00,68.00,APPROVED
PA: PITTSBURGH,05/25/2015 08:00:00,,2712.00,1920.00,545.00,329.00,181.00,226.00,145.00,67.00,APPROVED
PA: PITTSBURGH,05/25/2015 09:01:00,,2777.00,1979.00,550.00,342.00,185.00,232.00,147.00,67.00,APPROVED
PA: PITTSBURGH,05/25/2015 10:01:00,,2835.00,2044.00,572.00,353.00,191.00,241.00,152.00,68.00,APPROVED
PA: PITTSBURGH,05/25/2015 11:01:00,,2839.00,2070.00,583.00,365.00,190.00,246.00,154.00,70.00,APPROVED
PA: PITTSBURGH,05/25/2015 12:01:00,,2789.00,2050.00,583.00,363.00,198.00,248.00,152.00,67.00,APPROVED
PA: PITTSBURGH,05/25/2015 13:01:00,,2578.00,1859.00,550.00,334.00,185.00,235.00,147.00,67.00,APPROVED
PA: PITTSBURGH,05/25/2015 14:02:00,,2312.00,1589.00,488.00,279.00,169.00,200.00,138.00,64.00,APPROVED
PA: PITTSBURGH,05/25/2015 15:02:00,,2234.00,1505.00,460.00,253.00,160.00,187.00,128.00,63.00,APPROVED
PA: PITTSBURGH,05/25/2015 16:02:00,,2296.00,1561.00,457.00,261.00,157.00,184.00,130.00,64.00,APPROVED
PA: PITTSBURGH,05/25/2015 17:02:00,,2272.00,1523.00,448.00,254.00,155.00,178.00,128.00,61.00,APPROVED
PA: PITTSBURGH,05/25/2015 18:02:00,,2223.00,1491.00,439.00,247.00,154.00,175.00,125.00,62.00,APPROVED
PA: PITTSBURGH,05/25/2015 19:03:00,,2203.00,1475.00,440.00,245.00,151.00,179.00,126.00,63.00,APPROVED
PA: PITTSBURGH,05/25/2015 20:03:00,,2177.00,1448.00,434.00,243.00,153.00,176.00,124.00,60.00,APPROVED
PA: PITTSBURGH,05/25/2015 21:03:00,,2198.00,1463.00,437.00,244.00,154.00,178.00,126.00,62.00,APPROVED
PA: PITTSBURGH,05/25/2015 22:03:00,,2228.00,1481.00,436.00,251.00,155.00,178.00,124.00,61.00,APPROVED
PA: PITTSBURGH,05/25/2015 23:04:00,,2238.00,1498.00,444.00,249.00,153.00,177.00,129.00,60.00,APPROVED
PA: PITTSBURGH,05/26/2015 00:04:00,,2291.00,1530.00,446.00,250.00,158.00,180.00,127.00,61.00,APPROVED
PA: PITTSBURGH,05/26/2015 01:04:00,,2348.00,1571.00,455.00,258.00,156.00,181.00,125.00,61.00,APPROVED
PA: PITTSBURGH,05/26/2015 02:04:00,,2386.00,1606.00,456.00,257.00,156.00,181.00,127.00,63.00,APPROVED
PA: PITTSBURGH,05/26/2015 03:04:00,,2409.00,1619.00,460.00,266.00,161.00,183.00,129.00,62.00,APPROVED
PA: PITTSBURGH,05/26/2015 04:05:00,,2418.00,1641.00,462.00,261.00,160.00,182.00,128.00,59.00,APPROVED
PA: PITTSBURGH,05/26/2015 05:05:00,,2452.00,1649.00,467.00,264.00,159.00,187.00,129.00,64.00,APPROVED
PA: PITTSBURGH,05/26/2015 06:05:00,,2469.00,1661.00,474.00,271.00,164.00,188.00,127.00,62.00,APPROVED
PA: PITTSBURGH,05/26/2015 07:05:00,,2481.00,1677.00,473.00,270.00,162.00,191.00,130.00,63.00,APPROVED
PA: PITTSBURGH,05/26/2015 08:05:00,,2533.00,1727.00,486.00,282.00,165.00,191.00,133.00,64.00,APPROVED
PA: PITTSBURGH,05/26/2015 09:06:00,,2579.00,1790.00,485.00,297.00,169.00,203.00,135.00,64.00,APPROVED
PA: PITTSBURGH,05/26/2015 10:06:00,,2625.00,1829.00,502.00,303.00,168.00,205.00,134.00,65.00,APPROVED
PA: PITTSBURGH,05/26/2015 11:06:00,,2503.00,1727.00,495.00,293.00,172.00,203.00,136.00,66.00,APPROVED
PA: PITTSBURGH,05/26/2015 12:06:00,,2364.00,1635.00,496.00,281.00,170.00,204.00,137.00,63.00,APPROVED
PA: PITTSBURGH,05/26/2015 13:06:00,,2309.00,1599.00,490.00,272.00,167.00,204.00,136.00,65.00,APPROVED
PA: PITTSBURGH,05/26/2015 14:07:00,,2285.00,1557.00,494.00,269.00,168.00,200.00,135.00,64.00,APPROVED
PA: PITTSBURGH,05/26/2015 15:42:00,,2277.00,1485.00,442.00,240.00,156.00,179.00,121.00,58.00,APPROVED
PA: PITTSBURGH,05/26/2015 16:42:00,,2370.00,1591.00,463.00,265.00,161.00,188.00,131.00,62.00,APPROVED
PA: PITTSBURGH,05/26/2015 17:42:00,,2533.00,1731.00,483.00,285.00,170.00,200.00,133.00,64.00,APPROVED
PA: PITTSBURGH,05/26/2015 18:42:00,,2534.00,1724.00,484.00,291.00,166.00,199.00,133.00,62.00,APPROVED
PA: PITTSBURGH,05/26/2015 19:42:00,,2392.00,1616.00,460.00,273.00,164.00,193.00,131.00,64.00,APPROVED
PA: PITTSBURGH,05/26/2015 20:43:00,,2286.00,1526.00,442.00,259.00,154.00,181.00,129.00,61.00,APPROVED
PA: PITTSBURGH,05/26/2015 21:43:00,,2244.00,1491.00,440.00,251.00,154.00,181.00,129.00,60.00,APPROVED
PA: PITTSBURGH,05/26/2015 22:43:00,,2238.00,1479.00,437.00,251.00,155.00,180.00,125.00,61.00,APPROVED
PA: PITTSBURGH,05/26/2015 23:43:00,,2262.00,1490.00,436.00,251.00,155.00,180.00,125.00,60.00,APPROVED
PA: PITTSBURGH,05/27/2015 00:43:00,,2338.00,1552.00,448.00,252.00,156.00,183.00,124.00,60.00,APPROVED
PA: PITTSBURGH,05/27/2015 01:44:00,,2382.00,1571.00,447.00,251.00,154.00,182.00,128.00,59.00,APPROVED
PA: PITTSBURGH,05/27/2015 02:44:00,,2431.00,1636.00,457.00,264.00,158.00,188.00,127.00,62.00,APPROVED
PA: PITTSBURGH,05/27/2015 03:44:00,,2493.00,1693.00,470.00,278.00,162.00,190.00,129.00,61.00,APPROVED
PA: PITTSBURGH,05/27/2015 04:44:00,,2496.00,1691.00,468.00,276.00,161.00,192.00,130.00,62.00,APPROVED
PA: PITTSBURGH,05/27/2015 05:44:00,,2514.00,1697.00,468.00,266.00,157.00,186.00,129.00,60.00,APPROVED
PA: PITTSBURGH,05/27/2015 06:45:00,,2491.00,1684.00,478.00,281.00,163.00,192.00,131.00,63.00,APPROVED
PA: PITTSBURGH,05/27/2015 07:45:00,,2340.00,1549.00,457.00,255.00,157.00,184.00,125.00,60.00,APPROVED
PA: PITTSBURGH,05/27/2015 08:45:00,,2334.00,1546.00,459.00,255.00,157.00,186.00,127.00,60.00,APPROVED
PA: PITTSBURGH,05/27/2015 09:45:00,,2233.00,1443.00,435.00,238.00,151.00,173.00,118.00,59.00,APPROVED
PA: PITTSBURGH,05/27/2015 10:45:00,,2206.00,1416.00,429.00,227.00,150.00,171.00,119.00,59.00,APPROVED
PA: PITTSBURGH,05/27/2015 11:46:00,,2186.00,1401.00,423.00,225.00,147.00,167.00,122.00,60.00,APPROVED
PA: PITTSBURGH,05/27/2015 12:46:00,,2180.00,1392.00,423.00,224.00,147.00,168.00,117.00,59.00,APPROVED
PA: PITTSBURGH,05/27/2015 13:46:00,,2144.00,1385.00,420.00,220.00,147.00,170.00,119.00,58.00,APPROVED
PA: PITTSBURGH,05/27/2015 14:46:00,,2107.00,1370.00,422.00,224.00,151.00,169.00,119.00,61.00,APPROVED
PA: PITTSBURGH,05/27/2015 15:46:00,,2076.00,1342.00,420.00,226.00,142.00,167.00,121.00,59.00,APPROVED
PA: PITTSBURGH,05/27/2015 16:47:00,,2222.00,1453.00,431.00,241.00,147.00,172.00,120.00,59.00,APPROVED
PA: PITTSBURGH,05/27/2015 17:47:00,,2287.00,1521.00,437.00,243.00,150.00,171.00,122.00,60.00,APPROVED
PA: PITTSBURGH,05/27/2015 18:47:00,,2268.00,1492.00,428.00,244.00,153.00,173.00,124.00,61.00,APPROVED
PA: PITTSBURGH,05/27/2015 19:47:00,,2223.00,1467.00,434.00,240.00,151.00,176.00,125.00,60.00,APPROVED
PA: PITTSBURGH,05/27/2015 20:47:00,,2213.00,1459.00,434.00,240.00,150.00,174.00,121.00,62.00,APPROVED
PA: PITTSBURGH,05/27/2015 21:48:00,,2219.00,1471.00,429.00,239.00,150.00,175.00,124.00,61.00,APPROVED
PA: PITTSBURGH,05/27/2015 22:48:00,,2216.00,1456.00,432.00,236.00,154.00,176.00,122.00,63.00,APPROVED
PA: PITTSBURGH,05/27/2015 23:48:00,,2262.00,1499.00,439.00,247.00,152.00,177.00,124.00,62.00,APPROVED
PA: PITTSBURGH,05/28/2015 00:48:00,,2335.00,1548.00,440.00,250.00,155.00,179.00,123.00,61.00,APPROVED
PA: PITTSBURGH,05/28/2015 01:48:00,,2396.00,1588.00,451.00,254.00,156.00,179.00,126.00,60.00,APPROVED
PA: PITTSBURGH,05/28/2015 02:49:00,,2434.00,1621.00,450.00,261.00,155.00,182.00,127.00,62.00,APPROVED
PA: PITTSBURGH,05/28/2015 03:49:00,,2477.00,1647.00,459.00,264.00,159.00,183.00,128.00,61.00,APPROVED
PA: PITTSBURGH,05/28/2015 04:49:00,,2525.00,1693.00,465.00,265.00,158.00,182.00,126.00,62.00,APPROVED
PA: PITTSBURGH,05/28/2015 05:49:00,,2511.00,1675.00,468.00,266.00,160.00,186.00,127.00,61.00,APPROVED
PA: PITTSBURGH,05/28/2015 06:49:00,,2353.00,1559.00,453.00,251.00,154.00,180.00,128.00,61.00,APPROVED
PA: PITTSBURGH,05/28/2015 07:50:00,,2346.00,1548.00,457.00,253.00,156.00,185.00,125.00,61.00,APPROVED
PA: PITTSBURGH,05/28/2015 08:50:00,,2376.00,1590.00,464.00,260.00,159.00,189.00,127.00,61.00,APPROVED
PA: PITTSBURGH,05/28/2015 09:50:00,,2423.00,1611.00,477.00,267.00,161.00,189.00,131.00,62.00,APPROVED
PA: PITTSBURGH,05/28/2015 10:50:00,,2459.00,1666.00,486.00,273.00,166.00,197.00,134.00,62.00,APPROVED
PA: PITTSBURGH,05/28/2015 11:50:00,,2469.00,1688.00,487.00,286.00,166.00,204.00,133.00,63.00,APPROVED
PA: PITTSBURGH,05/28/2015 12:51:00,,2384.00,1615.00,483.00,273.00,166.00,197.00,132.00,62.00,APPROVED
PA: PITTSBURGH,05/28/2015 13:51:00,,2236.00,1487.00,456.00,249.00,156.00,187.00,126.00,60.00,APPROVED
PA: PITTSBURGH,05/28/2015 14:51:00,,2215.00,1451.00,446.00,241.00,155.00,178.00,125.00,60.00,APPROVED
PA: PITTSBURGH,05/28/2015 15:51:00,,2279.00,1528.00,450.00,253.00,157.00,183.00,127.00,62.00,APPROVED
PA: PITTSBURGH,05/28/2015 16:51:00,,2307.00,1534.00,444.00,255.00,156.00,178.00,126.00,62.00,APPROVED
PA: PITTSBURGH,05/28/2015 17:52:00,,2310.00,1531.00,450.00,253.00,155.00,179.00,127.00,59.00,APPROVED
PA: PITTSBURGH,05/28/2015 18:52:00,,2273.00,1514.00,441.00,249.00,152.00,180.00,125.00,62.00,APPROVED
PA: PITTSBURGH,05/28/2015 19:52:00,,2228.00,1461.00,437.00,245.00,153.00,180.00,122.00,61.00,APPROVED
PA: PITTSBURGH,05/28/2015 20:52:00,,2191.00,1439.00,429.00,239.00,153.00,176.00,121.00,60.00,APPROVED
PA: PITTSBURGH,05/28/2015 21:52:00,,2177.00,1436.00,430.00,241.00,152.00,173.00,122.00,60.00,APPROVED
PA: PITTSBURGH,05/28/2015 22:53:00,,2177.00,1441.00,430.00,244.00,150.00,173.00,125.00,61.00,APPROVED
PA: PITTSBURGH,05/28/2015 23:53:00,,2251.00,1477.00,438.00,241.00,154.00,175.00,122.00,60.00,APPROVED
PA: PITTSBURGH,05/29/2015 00:53:00,,2347.00,1548.00,441.00,247.00,153.00,175.00,125.00,60.00,APPROVED
PA: PITTSBURGH,05/29/2015 01:53:00,,2419.00,1599.00,447.00,250.00,154.00,176.00,124.00,61.00,APPROVED
PA: PITTSBURGH,05/29/2015 02:53:00,,2468.00,1643.00,460.00,255.00,158.00,184.00,127.00,60.00,APPROVED
PA: PITTSBURGH,05/29/2015 03:54:00,,2397.00,1607.00,464.00,262.00,158.00,188.00,127.00,63.00,APPROVED
PA: PITTSBURGH,05/29/2015 04:54:00,,2410.00,1636.00,478.00,273.00,168.00,197.00,131.00,63.00,APPROVED
PA: PITTSBURGH,05/29/2015 05:54:00,,2473.00,1695.00,494.00,283.00,169.00,207.00,135.00,64.00,APPROVED
PA: PITTSBURGH,05/29/2015 06:54:00,,2558.00,1763.00,513.00,298.00,172.00,211.00,137.00,64.00,APPROVED
PA: PITTSBURGH,05/29/2015 07:55:00,,2627.00,1834.00,526.00,312.00,180.00,223.00,143.00,66.00,APPROVED
PA: PITTSBURGH,05/29/2015 08:55:00,,2698.00,1915.00,547.00,327.00,181.00,225.00,143.00,67.00,APPROVED
PA: PITTSBURGH,05/29/2015 09:55:00,,2737.00,1962.00,552.00,336.00,187.00,233.00,147.00,66.00,APPROVED
PA: PITTSBURGH,05/29/2015 10:55:00,,2740.00,1960.00,556.00,336.00,186.00,236.00,146.00,67.00,APPROVED
PA: PITTSBURGH,05/29/2015 11:55:00,,2718.00,1963.00,559.00,340.00,189.00,233.00,148.00,66.00,APPROVED
PA: PITTSBURGH,05/29/2015 12:56:00,,2636.00,1890.00,550.00,332.00,186.00,231.00,149.00,68.00,APPROVED
PA: PITTSBURGH,05/29/2015 13:56:00,,2425.00,1700.00,519.00,300.00,179.00,215.00,142.00,66.00,APPROVED
PA: PITTSBURGH,05/29/2015 14:56:00,,2292.00,1546.00,474.00,268.00,164.00,195.00,134.00,64.00,APPROVED
PA: PITTSBURGH,05/29/2015 15:56:00,,2314.00,1566.00,463.00,266.00,161.00,192.00,132.00,64.00,APPROVED
PA: PITTSBURGH,05/29/2015 16:56:00,,2264.00,1522.00,453.00,260.00,160.00,189.00,129.00,62.00,APPROVED
PA: PITTSBURGH,05/29/2015 17:57:00,,2227.00,1477.00,445.00,251.00,154.00,182.00,129.00,65.00,APPROVED
PA: PITTSBURGH,05/29/2015 18:57:00,,2181.00,1461.00,439.00,253.00,155.00,182.00,128.00,61.00,APPROVED
PA: PITTSBURGH,05/29/2015 19:57:00,,2246.00,1520.00,451.00,258.00,162.00,186.00,130.00,64.00,APPROVED
PA: PITTSBURGH,05/29/2015 20:57:00,,2873.00,2088.00,567.00,370.00,195.00,239.00,155.00,72.00,APPROVED
PA: PITTSBURGH,05/29/2015 21:57:00,,3456.00,2631.00,688.00,474.00,231.00,289.00,174.00,81.00,APPROVED
PA: PITTSBURGH,05/29/2015 22:58:00,,2968.00,2152.00,596.00,390.00,201.00,246.00,155.00,73.00,APPROVED
PA: PITTSBURGH,05/29/2015 23:58:00,,2531.00,1712.00,481.00,291.00,166.00,193.00,130.00,64.00,APPROVED
PA: PITTSBURGH,05/30/2015 00:58:00,,2447.00,1632.00,457.00,260.00,157.00,179.00,122.00,61.00,APPROVED
PA: PITTSBURGH,05/30/2015 01:58:00,,2473.00,1646.00,457.00,264.00,150.00,181.00,126.00,58.00,APPROVED
PA: PITTSBURGH,05/30/2015 02:58:00,,2502.00,1666.00,461.00,263.00,155.00,184.00,127.00,62.00,APPROVED
PA: PITTSBURGH,05/30/2015 03:59:00,,2541.00,1726.00,470.00,276.00,159.00,188.00,127.00,61.00,APPROVED
PA: PITTSBURGH,05/30/2015 04:59:00,,2375.00,1611.00,473.00,268.00,159.00,193.00,130.00,63.00,APPROVED
PA: PITTSBURGH,05/30/2015 05:59:00,,2278.00,1552.00,468.00,266.00,158.00,192.00,129.00,63.00,APPROVED
PA: PITTSBURGH,05/30/2015 06:59:00,,2267.00,1535.00,469.00,261.00,160.00,194.00,130.00,64.00,APPROVED
PA: PITTSBURGH,05/30/2015 07:59:00,,2272.00,1538.00,467.00,268.00,160.00,195.00,130.00,61.00,APPROVED
PA: PITTSBURGH,05/30/2015 09:00:00,,2302.00,1559.00,468.00,269.00,161.00,195.00,130.00,62.00,APPROVED
PA: PITTSBURGH,05/30/2015 10:00:00,,2304.00,1579.00,477.00,267.00,162.00,197.00,132.00,62.00,APPROVED
PA: PITTSBURGH,05/30/2015 11:00:00,,2313.00,1601.00,483.00,279.00,165.00,201.00,129.00,63.00,APPROVED
PA: PITTSBURGH,05/30/2015 12:00:00,,2316.00,1612.00,495.00,282.00,168.00,205.00,135.00,62.00,APPROVED
PA: PITTSBURGH,05/30/2015 13:00:00,,2206.00,1515.00,471.00,264.00,161.00,195.00,132.00,62.00,APPROVED
PA: PITTSBURGH,05/30/2015 14:01:00,,2239.00,1514.00,451.00,258.00,155.00,185.00,126.00,62.00,APPROVED
PA: PITTSBURGH,05/30/2015 15:01:00,,2358.00,1564.00,447.00,259.00,155.00,180.00,126.00,63.00,APPROVED
PA: PITTSBURGH,05/30/2015 16:01:00,,2261.00,1512.00,435.00,255.00,154.00,181.00,124.00,60.00,APPROVED
PA: PITTSBURGH,05/30/2015 17:01:00,,2219.00,1484.00,436.00,251.00,151.00,177.00,127.00,61.00,APPROVED
PA: PITTSBURGH,05/30/2015 18:01:00,,2173.00,1449.00,423.00,242.00,147.00,175.00,123.00,61.00,APPROVED
PA: PITTSBURGH,05/30/2015 19:02:00,,2556.00,1776.00,497.00,295.00,168.00,198.00,134.00,67.00,APPROVED
PA: PITTSBURGH,05/30/2015 20:02:00,,2680.00,1879.00,512.00,310.00,173.00,209.00,134.00,67.00,APPROVED
PA: PITTSBURGH,05/30/2015 21:02:00,,2472.00,1665.00,466.00,269.00,158.00,184.00,127.00,63.00,APPROVED
PA: PITTSBURGH,05/30/2015 22:02:00,,2382.00,1574.00,449.00,247.00,153.00,177.00,122.00,60.00,APPROVED
PA: PITTSBURGH,05/30/2015 23:02:00,,2291.00,1515.00,436.00,244.00,147.00,176.00,121.00,59.00,APPROVED
PA: PITTSBURGH,05/31/2015 00:03:00,,2314.00,1538.00,438.00,246.00,152.00,172.00,119.00,58.00,APPROVED
PA: PITTSBURGH,05/31/2015 01:03:00,,2338.00,1556.00,439.00,249.00,152.00,174.00,122.00,61.00,APPROVED
PA: PITTSBURGH,05/31/2015 02:03:00,,2413.00,1626.00,447.00,262.00,154.00,180.00,126.00,61.00,APPROVED
PA: PITTSBURGH,05/31/2015 03:03:00,,2469.00,1677.00,458.00,272.00,157.00,189.00,128.00,61.00,APPROVED
PA: PITTSBURGH,05/31/2015 04:03:00,,2500.00,1731.00,471.00,283.00,162.00,190.00,129.00,63.00,APPROVED
PA: PITTSBURGH,05/31/2015 05:04:00,,2565.00,1790.00,485.00,303.00,170.00,205.00,135.00,63.00,APPROVED
PA: PITTSBURGH,05/31/2015 06:04:00,,2553.00,1778.00,485.00,300.00,167.00,204.00,135.00,64.00,APPROVED
PA: PITTSBURGH,05/31/2015 07:04:00,,2529.00,1752.00,477.00,288.00,165.00,194.00,132.00,62.00,APPROVED
PA: PITTSBURGH,05/31/2015 08:04:00,,2437.00,1665.00,469.00,279.00,162.00,190.00,129.00,63.00,APPROVED
PA: PITTSBURGH,05/31/2015 09:04:00,,2248.00,1529.00,459.00,259.00,157.00,188.00,127.00,61.00,APPROVED
PA: PITTSBURGH,05/31/2015 10:05:00,,2264.00,1534.00,462.00,257.00,157.00,192.00,130.00,61.00,APPROVED
PA: PITTSBURGH,05/31/2015 11:05:00,,2293.00,1559.00,472.00,266.00,159.00,195.00,129.00,63.00,APPROVED
PA: PITTSBURGH,05/31/2015 12:05:00,,2322.00,1599.00,487.00,279.00,167.00,206.00,132.00,64.00,APPROVED
PA: PITTSBURGH,05/31/2015 13:05:00,,2275.00,1547.00,481.00,268.00,163.00,197.00,133.00,63.00,APPROVED
PA: PITTSBURGH,05/31/2015 14:05:00,,2245.00,1520.00,461.00,263.00,160.00,192.00,131.00,63.00,APPROVED
PA: PITTSBURGH,05/31/2015 15:06:00,,2350.00,1599.00,462.00,272.00,159.00,188.00,130.00,63.00,APPROVED
PA: PITTSBURGH,05/31/2015 16:06:00,,2283.00,1543.00,446.00,266.00,157.00,185.00,124.00,60.00,APPROVED
PA: PITTSBURGH,05/31/2015 17:06:00,,2232.00,1502.00,438.00,249.00,152.00,183.00,122.00,61.00,APPROVED
PA: PITTSBURGH,05/31/2015 18:06:00,,2222.00,1481.00,438.00,251.00,152.00,179.00,122.00,61.00,APPROVED
PA: PITTSBURGH,05/31/2015 19:06:00,,2328.00,1564.00,450.00,263.00,155.00,181.00,130.00,63.00,APPROVED
PA: PITTSBURGH,05/31/2015 20:07:00,,2272.00,1529.00,442.00,254.00,151.00,182.00,124.00,61.00,APPROVED
PA: PITTSBURGH,05/31/2015 21:07:00,,2195.00,1453.00,432.00,238.00,149.00,173.00,121.00,60.00,APPROVED
PA: PITTSBURGH,05/31/2015 22:07:00,,2227.00,1481.00,433.00,240.00,151.00,176.00,123.00,61.00,APPROVED
PA: PITTSBURGH,05/31/2015 23:07:00,,2239.00,1491.00,438.00,248.00,150.00,175.00,121.00,59.00,APPROVED
PA: PITTSBURGH,06/01/2015 00:07:00,,2502.00,1715.00,475.00,282.00,164.00,190.00,130.00,63.00,APPROVED
PA: PITTSBURGH,06/01/2015 01:08:00,,2503.00,1681.00,459.00,267.00,157.00,183.00,124.00,61.00,APPROVED
PA: PITTSBURGH,06/01/2015 02:08:00,,2482.00,1637.00,456.00,264.00,151.00,179.00,126.00,59.00,APPROVED
PA: PITTSBURGH,06/01/2015 03:08:00,,2289.00,1504.00,443.00,247.00,152.00,176.00,122.00,60.00,APPROVED
PA: PITTSBURGH,06/01/2015 04:08:00,,2205.00,1450.00,432.00,239.00,153.00,174.00,121.00,60.00,APPROVED
PA: PITTSBURGH,06/01/2015 05:08:00,,2243.00,1454.00,432.00,237.00,147.00,174.00,119.00,59.00,APPROVED
PA: PITTSBURGH,06/01/2015 06:09:00,,2317.00,1498.00,432.00,232.00,146.00,171.00,117.00,60.00,APPROVED
PA: PITTSBURGH,06/01/2015 07:09:00,,2362.00,1527.00,439.00,227.00,146.00,170.00,113.00,58.00,APPROVED
PA: PITTSBURGH,06/01/2015 08:09:00,,2391.00,1521.00,430.00,227.00,145.00,167.00,111.00,59.00,APPROVED
PA: PITTSBURGH,06/01/2015 09:09:00,,2391.00,1521.00,434.00,227.00,145.00,165.00,110.00,59.00,APPROVED
PA: PITTSBURGH,06/01/2015 10:09:00,,2376.00,1512.00,428.00,226.00,145.00,165.00,111.00,57.00,APPROVED
PA: PITTSBURGH,06/01/2015 11:10:00,,2379.00,1533.00,434.00,227.00,145.00,168.00,111.00,57.00,APPROVED
PA: PITTSBURGH,06/01/2015 12:10:00,,2380.00,1516.00,436.00,226.00,143.00,166.00,109.00,58.00,APPROVED
PA: PITTSBURGH,06/01/2015 13:10:00,,2384.00,1522.00,434.00,230.00,148.00,170.00,112.00,58.00,APPROVED
PA: PITTSBURGH,06/01/2015 14:10:00,,2360.00,1505.00,428.00,221.00,144.00,164.00,108.00,58.00,APPROVED
PA: PITTSBURGH,06/01/2015 15:10:00,,2335.00,1485.00,425.00,221.00,139.00,166.00,110.00,58.00,APPROVED
PA: PITTSBURGH,06/01/2015 16:11:00,,2340.00,1486.00,428.00,223.00,143.00,164.00,108.00,56.00,APPROVED
PA: PITTSBURGH,06/01/2015 17:11:00,,2316.00,1481.00,422.00,224.00,144.00,166.00,110.00,56.00,APPROVED
PA: PITTSBURGH,06/01/2015 18:11:00,,2289.00,1459.00,426.00,220.00,143.00,165.00,111.00,57.00,APPROVED
PA: PITTSBURGH,06/01/2015 19:11:00,,2256.00,1430.00,422.00,219.00,146.00,164.00,111.00,57.00,APPROVED
PA: PITTSBURGH,06/01/2015 20:11:00,,2247.00,1439.00,424.00,220.00,143.00,164.00,111.00,58.00,APPROVED
PA: PITTSBURGH,06/01/2015 21:12:00,,2286.00,1458.00,424.00,226.00,143.00,162.00,111.00,56.00,APPROVED
PA: PITTSBURGH,06/01/2015 22:12:00,,2299.00,1470.00,424.00,220.00,144.00,167.00,111.00,59.00,APPROVED
PA: PITTSBURGH,06/01/2015 23:12:00,,2333.00,1485.00,425.00,223.00,144.00,165.00,112.00,59.00,APPROVED
PA: PITTSBURGH,06/02/2015 00:12:00,,2355.00,1501.00,430.00,225.00,140.00,164.00,112.00,57.00,APPROVED
PA: PITTSBURGH,06/02/2015 01:12:00,,2362.00,1504.00,428.00,225.00,144.00,165.00,110.00,59.00,APPROVED
PA: PITTSBURGH,06/02/2015 02:13:00,,2373.00,1509.00,438.00,225.00,145.00,170.00,110.00,58.00,APPROVED
PA: PITTSBURGH,06/02/2015 03:13:00,,2345.00,1514.00,434.00,230.00,147.00,169.00,112.00,58.00,APPROVED
PA: PITTSBURGH,06/02/2015 04:13:00,,2371.00,1526.00,438.00,229.00,147.00,169.00,114.00,57.00,APPROVED
PA: PITTSBURGH,06/02/2015 05:13:00,,2381.00,1530.00,440.00,238.00,148.00,170.00,112.00,58.00,APPROVED
PA: PITTSBURGH,06/02/2015 06:13:00,,2381.00,1532.00,443.00,234.00,148.00,175.00,116.00,58.00,APPROVED
PA: PITTSBURGH,06/02/2015 07:14:00,,2370.00,1514.00,438.00,233.00,146.00,175.00,112.00,57.00,APPROVED
PA: PITTSBURGH,06/02/2015 08:14:00,,2381.00,1544.00,442.00,237.00,150.00,176.00,116.00,59.00,APPROVED
PA: PITTSBURGH,06/02/2015 09:14:00,,2399.00,1553.00,449.00,233.00,149.00,179.00,115.00,58.00,APPROVED
PA: PITTSBURGH,06/02/2015 10:14:00,,2412.00,1556.00,446.00,235.00,148.00,173.00,117.00,59.00,APPROVED
PA: PITTSBURGH,06/02/2015 11:14:00,,2430.00,1573.00,450.00,243.00,151.00,177.00,115.00,58.00,APPROVED
PA: PITTSBURGH,06/02/2015 12:15:00,,2425.00,1583.00,448.00,244.00,152.00,173.00,117.00,58.00,APPROVED
PA: PITTSBURGH,06/02/2015 13:15:00,,2404.00,1571.00,450.00,242.00,152.00,175.00,120.00,60.00,APPROVED
PA: PITTSBURGH,06/02/2015 14:15:00,,2381.00,1561.00,444.00,241.00,151.00,174.00,117.00,61.00,APPROVED
PA: PITTSBURGH,06/02/2015 15:15:00,,2327.00,1504.00,444.00,238.00,151.00,172.00,118.00,59.00,APPROVED
PA: PITTSBURGH,06/02/2015 16:15:00,,2273.00,1486.00,434.00,235.00,148.00,175.00,117.00,61.00,APPROVED
PA: PITTSBURGH,06/02/2015 17:16:00,,2274.00,1485.00,440.00,236.00,147.00,173.00,119.00,59.00,APPROVED
PA: PITTSBURGH,06/02/2015 18:16:00,,2264.00,1485.00,440.00,236.00,152.00,176.00,122.00,60.00,APPROVED
PA: PITTSBURGH,06/02/2015 19:16:00,,2244.00,1465.00,437.00,238.00,149.00,175.00,118.00,59.00,APPROVED
PA: PITTSBURGH,06/02/2015 20:16:00,,2251.00,1474.00,442.00,236.00,152.00,175.00,121.00,58.00,APPROVED
PA: PITTSBURGH,06/02/2015 21:16:00,,2260.00,1492.00,439.00,240.00,152.00,178.00,118.00,59.00,APPROVED
PA: PITTSBURGH,06/02/2015 22:17:00,,2266.00,1473.00,445.00,238.00,152.00,176.00,121.00,56.00,APPROVED
PA: PITTSBURGH,06/02/2015 23:17:00,,2258.00,1473.00,438.00,237.00,152.00,174.00,119.00,60.00,APPROVED
PA: PITTSBURGH,06/03/2015 00:17:00,,2270.00,1483.00,439.00,240.00,150.00,177.00,116.00,58.00,APPROVED
PA: PITTSBURGH,06/03/2015 01:17:00,,2278.00,1490.00,448.00,239.00,150.00,179.00,121.00,61.00,APPROVED
PA: PITTSBURGH,06/03/2015 02:17:00,,2301.00,1514.00,443.00,244.00,151.00,175.00,122.00,58.00,APPROVED
PA: PITTSBURGH,06/03/2015 03:18:00,,2292.00,1509.00,447.00,243.00,153.00,175.00,123.00,60.00,APPROVED
PA: PITTSBURGH,06/03/2015 04:18:00,,2329.00,1530.00,445.00,243.00,150.00,175.00,119.00,59.00,APPROVED
PA: PITTSBURGH,06/03/2015 05:18:00,,2410.00,1586.00,458.00,256.00,156.00,186.00,123.00,60.00,APPROVED
PA: PITTSBURGH,06/03/2015 06:18:00,,2471.00,1677.00,482.00,274.00,160.00,197.00,126.00,61.00,APPROVED
PA: PITTSBURGH,06/03/2015 07:18:00,,2545.00,1731.00,491.00,285.00,166.00,203.00,131.00,64.00,APPROVED
PA: PITTSBURGH,06/03/2015 08:19:00,,2545.00,1752.00,494.00,285.00,167.00,204.00,128.00,63.00,APPROVED
PA: PITTSBURGH,06/03/2015 09:19:00,,2527.00,1722.00,496.00,282.00,165.00,199.00,129.00,62.00,APPROVED
PA: PITTSBURGH,06/03/2015 10:19:00,,2513.00,1687.00,484.00,275.00,164.00,195.00,127.00,62.00,APPROVED
PA: PITTSBURGH,06/03/2015 10:53:00,,2477.00,1671.00,478.00,267.00,164.00,192.00,123.00,63.00,APPROVED
PA: PITTSBURGH,06/03/2015 12:01:00,,2482.00,1586.00,442.00,231.00,149.00,169.00,111.00,58.00,APPROVED
PA: PITTSBURGH,06/03/2015 13:01:00,,2471.00,1609.00,448.00,242.00,151.00,177.00,118.00,58.00,APPROVED
PA: PITTSBURGH,06/03/2015 14:02:00,,2447.00,1593.00,449.00,248.00,152.00,179.00,120.00,59.00,APPROVED
PA: PITTSBURGH,06/03/2015 15:02:00,,2393.00,1550.00,448.00,242.00,151.00,176.00,118.00,59.00,APPROVED
PA: PITTSBURGH,06/03/2015 16:02:00,,2249.00,1460.00,439.00,234.00,147.00,173.00,120.00,58.00,APPROVED
PA: PITTSBURGH,06/03/2015 17:02:00,,2160.00,1398.00,425.00,225.00,145.00,172.00,120.00,58.00,APPROVED
PA: PITTSBURGH,06/03/2015 18:02:00,,2129.00,1370.00,419.00,218.00,146.00,169.00,119.00,57.00,APPROVED
PA: PITTSBURGH,06/03/2015 19:03:00,,2121.00,1356.00,416.00,223.00,144.00,167.00,118.00,58.00,APPROVED
PA: PITTSBURGH,06/03/2015 20:03:00,,2109.00,1362.00,415.00,221.00,145.00,167.00,117.00,59.00,APPROVED
PA: PITTSBURGH,06/03/2015 21:03:00,,2108.00,1345.00,413.00,222.00,145.00,169.00,115.00,59.00,APPROVED
PA: PITTSBURGH,06/03/2015 22:03:00,,2103.00,1348.00,416.00,216.00,147.00,169.00,116.00,60.00,APPROVED
PA: PITTSBURGH,06/03/2015 23:03:00,,2080.00,1331.00,415.00,222.00,143.00,165.00,118.00,58.00,APPROVED
PA: PITTSBURGH,06/04/2015 00:04:00,,2129.00,1370.00,414.00,225.00,146.00,169.00,118.00,58.00,APPROVED
PA: PITTSBURGH,06/04/2015 01:04:00,,2179.00,1395.00,418.00,227.00,147.00,169.00,119.00,57.00,APPROVED
PA: PITTSBURGH,06/04/2015 02:04:00,,2210.00,1411.00,419.00,227.00,145.00,168.00,119.00,57.00,APPROVED
PA: PITTSBURGH,06/04/2015 03:04:00,,2262.00,1458.00,435.00,229.00,148.00,169.00,118.00,59.00,APPROVED
PA: PITTSBURGH,06/04/2015 04:04:00,,2314.00,1485.00,431.00,233.00,147.00,167.00,118.00,58.00,APPROVED
PA: PITTSBURGH,06/04/2015 05:05:00,,2349.00,1527.00,440.00,237.00,153.00,171.00,120.00,59.00,APPROVED
PA: PITTSBURGH,06/04/2015 06:05:00,,2379.00,1544.00,443.00,244.00,153.00,176.00,122.00,59.00,APPROVED
PA: PITTSBURGH,06/04/2015 07:05:00,,2405.00,1581.00,448.00,249.00,151.00,179.00,120.00,59.00,APPROVED
PA: PITTSBURGH,06/04/2015 08:05:00,,2444.00,1602.00,457.00,251.00,156.00,183.00,120.00,59.00,APPROVED
PA: PITTSBURGH,06/04/2015 09:05:00,,2467.00,1624.00,462.00,255.00,157.00,184.00,121.00,60.00,APPROVED
PA: PITTSBURGH,06/04/2015 10:06:00,,2492.00,1640.00,465.00,256.00,156.00,186.00,122.00,60.00,APPROVED
PA: PITTSBURGH,06/04/2015 11:06:00,,2492.00,1657.00,470.00,261.00,161.00,185.00,127.00,60.00,APPROVED
PA: PITTSBURGH,06/04/2015 12:06:00,,2420.00,1594.00,455.00,255.00,155.00,185.00,122.00,59.00,APPROVED
PA: PITTSBURGH,06/04/2015 13:06:00,,2287.00,1486.00,436.00,239.00,151.00,175.00,121.00,60.00,APPROVED
PA: PITTSBURGH,06/04/2015 14:06:00,,2184.00,1424.00,422.00,225.00,147.00,169.00,117.00,58.00,APPROVED
PA: PITTSBURGH,06/04/2015 15:07:00,,2150.00,1371.00,417.00,219.00,144.00,166.00,115.00,57.00,APPROVED
PA: PITTSBURGH,06/04/2015 16:07:00,,2082.00,1327.00,407.00,219.00,145.00,164.00,118.00,58.00,APPROVED
PA: PITTSBURGH,06/04/2015 17:07:00,,2216.00,1436.00,420.00,230.00,146.00,169.00,120.00,58.00,APPROVED
PA: PITTSBURGH,06/04/2015 18:07:00,,2246.00,1465.00,425.00,232.00,146.00,170.00,121.00,60.00,APPROVED
PA: PITTSBURGH,06/04/2015 19:07:00,,2218.00,1450.00,425.00,234.00,148.00,171.00,119.00,59.00,APPROVED
PA: PITTSBURGH,06/04/2015 20:08:00,,2231.00,1450.00,425.00,231.00,146.00,171.00,122.00,59.00,APPROVED
PA: PITTSBURGH,06/04/2015 21:08:00,,2259.00,1472.00,421.00,231.00,146.00,169.00,120.00,58.00,APPROVED
PA: PITTSBURGH,06/04/2015 22:08:00,,2294.00,1495.00,429.00,234.00,148.00,170.00,119.00,57.00,APPROVED
PA: PITTSBURGH,06/04/2015 23:08:00,,2293.00,1486.00,429.00,233.00,146.00,171.00,119.00,59.00,APPROVED
PA: PITTSBURGH,06/05/2015 00:08:00,,2308.00,1495.00,427.00,232.00,149.00,166.00,118.00,60.00,APPROVED
PA: PITTSBURGH,06/05/2015 01:09:00,,2338.00,1518.00,431.00,234.00,147.00,172.00,120.00,58.00,APPROVED
PA: PITTSBURGH,06/05/2015 02:09:00,,2405.00,1565.00,442.00,242.00,152.00,171.00,121.00,59.00,APPROVED
PA: PITTSBURGH,06/05/2015 03:09:00,,2326.00,1497.00,434.00,235.00,148.00,172.00,121.00,58.00,APPROVED
PA: PITTSBURGH,06/05/2015 04:09:00,,2263.00,1469.00,433.00,235.00,150.00,174.00,121.00,59.00,APPROVED
PA: PITTSBURGH,06/05/2015 05:09:00,,2270.00,1466.00,433.00,236.00,152.00,173.00,120.00,59.00,APPROVED
PA: PITTSBURGH,06/05/2015 06:10:00,,2291.00,1487.00,437.00,237.00,151.00,174.00,120.00,58.00,APPROVED
PA: PITTSBURGH,06/05/2015 07:10:00,,2310.00,1497.00,441.00,235.00,151.00,173.00,122.00,59.00,APPROVED
PA: PITTSBURGH,06/05/2015 08:10:00,,2356.00,1546.00,450.00,249.00,154.00,180.00,123.00,59.00,APPROVED
PA: PITTSBURGH,06/05/2015 09:10:00,,2409.00,1595.00,457.00,249.00,153.00,182.00,126.00,59.00,APPROVED
PA: PITTSBURGH,06/05/2015 10:10:00,,2421.00,1607.00,468.00,256.00,157.00,183.00,125.00,60.00,APPROVED
PA: PITTSBURGH,06/05/2015 11:11:00,,2420.00,1600.00,463.00,259.00,158.00,188.00,128.00,62.00,APPROVED
PA: PITTSBURGH,06/05/2015 12:11:00,,2402.00,1591.00,463.00,259.00,159.00,186.00,125.00,58.00,APPROVED
PA: PITTSBURGH,06/05/2015 13:11:00,,2338.00,1553.00,464.00,248.00,154.00,185.00,123.00,61.00,APPROVED
PA: PITTSBURGH,06/05/2015 14:11:00,,2262.00,1479.00,443.00,242.00,154.00,181.00,121.00,60.00,APPROVED
PA: PITTSBURGH,06/05/2015 15:11:00,,2196.00,1420.00,437.00,233.00,152.00,178.00,124.00,60.00,APPROVED
PA: PITTSBURGH,06/05/2015 16:12:00,,2279.00,1500.00,447.00,250.00,154.00,176.00,125.00,60.00,APPROVED
PA: PITTSBURGH,06/05/2015 17:12:00,,2292.00,1531.00,445.00,252.00,153.00,178.00,125.00,61.00,APPROVED
PA: PITTSBURGH,06/05/2015 18:12:00,,2232.00,1481.00,432.00,245.00,154.00,178.00,125.00,60.00,APPROVED
PA: PITTSBURGH,06/05/2015 19:12:00,,2199.00,1450.00,426.00,244.00,151.00,179.00,122.00,60.00,APPROVED
PA: PITTSBURGH,06/05/2015 20:12:00,,2243.00,1502.00,434.00,254.00,156.00,182.00,125.00,61.00,APPROVED
PA: PITTSBURGH,06/05/2015 21:13:00,,2275.00,1544.00,450.00,271.00,158.00,189.00,129.00,63.00,APPROVED
PA: PITTSBURGH,06/05/2015 22:13:00,,2521.00,1745.00,487.00,290.00,169.00,200.00,136.00,65.00,APPROVED
PA: PITTSBURGH,06/05/2015 23:13:00,,2608.00,1774.00,490.00,294.00,171.00,201.00,137.00,64.00,APPROVED
PA: PITTSBURGH,06/06/2015 00:13:00,,2502.00,1675.00,471.00,268.00,160.00,185.00,128.00,62.00,APPROVED
PA: PITTSBURGH,06/06/2015 01:13:00,,2506.00,1673.00,466.00,272.00,161.00,188.00,129.00,62.00,APPROVED
PA: PITTSBURGH,06/06/2015 02:14:00,,2411.00,1604.00,457.00,257.00,157.00,183.00,126.00,63.00,APPROVED
PA: PITTSBURGH,06/06/2015 03:14:00,,2348.00,1567.00,462.00,259.00,159.00,187.00,129.00,62.00,APPROVED
PA: PITTSBURGH,06/06/2015 04:14:00,,2402.00,1627.00,475.00,276.00,162.00,194.00,129.00,62.00,APPROVED
PA: PITTSBURGH,06/06/2015 05:14:00,,2459.00,1681.00,492.00,286.00,168.00,204.00,132.00,64.00,APPROVED
PA: PITTSBURGH,06/06/2015 06:14:00,,2518.00,1743.00,508.00,300.00,174.00,210.00,138.00,65.00,APPROVED
PA: PITTSBURGH,06/06/2015 07:15:00,,2525.00,1772.00,513.00,305.00,179.00,216.00,140.00,65.00,APPROVED
PA: PITTSBURGH,06/06/2015 08:15:00,,2543.00,1790.00,516.00,311.00,180.00,221.00,142.00,65.00,APPROVED
PA: PITTSBURGH,06/06/2015 09:15:00,,2493.00,1727.00,511.00,300.00,169.00,210.00,139.00,64.00,APPROVED
PA: PITTSBURGH,06/06/2015 10:15:00,,2437.00,1665.00,490.00,282.00,166.00,202.00,132.00,63.00,APPROVED
PA: PITTSBURGH,06/06/2015 11:15:00,,2412.00,1637.00,482.00,277.00,165.00,199.00,132.00,62.00,APPROVED
PA: PITTSBURGH,06/06/2015 12:16:00,,2388.00,1608.00,472.00,272.00,164.00,194.00,130.00,63.00,APPROVED
PA: PITTSBURGH,06/06/2015 13:16:00,,2345.00,1571.00,470.00,262.00,160.00,192.00,129.00,62.00,APPROVED
PA: PITTSBURGH,06/06/2015 14:16:00,,2305.00,1535.00,456.00,255.00,157.00,183.00,128.00,61.00,APPROVED
PA: PITTSBURGH,06/06/2015 15:16:00,,2251.00,1482.00,447.00,241.00,152.00,177.00,123.00,58.00,APPROVED
PA: PITTSBURGH,06/06/2015 16:16:00,,2212.00,1453.00,434.00,234.00,152.00,174.00,121.00,61.00,APPROVED
PA: PITTSBURGH,06/06/2015 17:17:00,,2196.00,1426.00,426.00,233.00,150.00,169.00,120.00,58.00,APPROVED
PA: PITTSBURGH,06/06/2015 18:17:00,,2168.00,1421.00,431.00,231.00,147.00,168.00,120.00,58.00,APPROVED
PA: PITTSBURGH,06/06/2015 19:17:00,,2169.00,1400.00,429.00,231.00,148.00,171.00,122.00,60.00,APPROVED
PA: PITTSBURGH,06/06/2015 20:17:00,,2279.00,1492.00,434.00,242.00,150.00,174.00,121.00,60.00,APPROVED
PA: PITTSBURGH,06/06/2015 21:17:00,,2291.00,1502.00,433.00,238.00,150.00,177.00,122.00,59.00,APPROVED
PA: PITTSBURGH,06/06/2015 22:18:00,,2263.00,1474.00,430.00,236.00,153.00,174.00,123.00,60.00,APPROVED
PA: PITTSBURGH,06/06/2015 23:18:00,,2260.00,1479.00,430.00,234.00,151.00,169.00,120.00,60.00,APPROVED
PA: PITTSBURGH,06/07/2015 00:18:00,,2333.00,1542.00,437.00,240.00,151.00,174.00,121.00,61.00,APPROVED
PA: PITTSBURGH,06/07/2015 01:18:00,,2365.00,1553.00,442.00,242.00,147.00,171.00,121.00,58.00,APPROVED
PA: PITTSBURGH,06/07/2015 02:18:00,,2286.00,1486.00,442.00,239.00,152.00,174.00,121.00,59.00,APPROVED
PA: PITTSBURGH,06/07/2015 03:19:00,,2340.00,1545.00,452.00,248.00,156.00,181.00,122.00,59.00,APPROVED
PA: PITTSBURGH,06/07/2015 04:19:00,,2443.00,1618.00,471.00,261.00,160.00,187.00,127.00,61.00,APPROVED
PA: PITTSBURGH,06/07/2015 05:19:00,,2507.00,1696.00,484.00,273.00,166.00,195.00,131.00,63.00,APPROVED
PA: PITTSBURGH,06/07/2015 06:19:00,,2576.00,1762.00,503.00,285.00,172.00,202.00,131.00,64.00,APPROVED
PA: PITTSBURGH,06/07/2015 07:19:00,,2657.00,1816.00,513.00,303.00,173.00,209.00,134.00,63.00,APPROVED
PA: PITTSBURGH,06/07/2015 08:20:00,,2691.00,1875.00,526.00,308.00,177.00,218.00,138.00,65.00,APPROVED
PA: PITTSBURGH,06/07/2015 09:20:00,,2738.00,1916.00,538.00,318.00,180.00,224.00,137.00,65.00,APPROVED
PA: PITTSBURGH,06/07/2015 10:20:00,,2800.00,1969.00,554.00,331.00,183.00,230.00,143.00,67.00,APPROVED
PA: PITTSBURGH,06/07/2015 11:20:00,,2799.00,1999.00,557.00,337.00,184.00,233.00,145.00,65.00,APPROVED
PA: PITTSBURGH,06/07/2015 12:20:00,,2777.00,1977.00,561.00,337.00,186.00,237.00,147.00,67.00,APPROVED
PA: PITTSBURGH,06/07/2015 13:21:00,,2597.00,1825.00,525.00,309.00,178.00,219.00,139.00,67.00,APPROVED
PA: PITTSBURGH,06/07/2015 14:21:00,,2364.00,1605.00,480.00,267.00,161.00,195.00,133.00,64.00,APPROVED
PA: PITTSBURGH,06/07/2015 15:21:00,,2266.00,1494.00,458.00,247.00,159.00,180.00,128.00,61.00,APPROVED
PA: PITTSBURGH,06/07/2015 16:21:00,,2400.00,1616.00,466.00,267.00,161.00,188.00,131.00,62.00,APPROVED
PA: PITTSBURGH,06/07/2015 17:21:00,,2388.00,1616.00,466.00,271.00,162.00,190.00,131.00,62.00,APPROVED
PA: PITTSBURGH,06/07/2015 18:22:00,,2346.00,1584.00,465.00,273.00,161.00,189.00,132.00,62.00,APPROVED
PA: PITTSBURGH,06/07/2015 19:22:00,,2308.00,1562.00,455.00,265.00,160.00,190.00,131.00,64.00,APPROVED
PA: PITTSBURGH,06/07/2015 20:22:00,,2290.00,1554.00,458.00,265.00,158.00,188.00,130.00,63.00,APPROVED
PA: PITTSBURGH,06/07/2015 21:22:00,,2283.00,1556.00,457.00,268.00,158.00,188.00,130.00,63.00,APPROVED
PA: PITTSBURGH,06/07/2015 22:22:00,,2282.00,1545.00,446.00,261.00,157.00,188.00,130.00,64.00,APPROVED
PA: PITTSBURGH,06/07/2015 23:23:00,,2320.00,1573.00,458.00,267.00,164.00,188.00,130.00,64.00,APPROVED
PA: PITTSBURGH,06/08/2015 00:23:00,,2390.00,1626.00,472.00,276.00,162.00,190.00,135.00,65.00,APPROVED
PA: PITTSBURGH,06/08/2015 01:23:00,,2451.00,1679.00,473.00,282.00,166.00,195.00,134.00,65.00,APPROVED
PA: PITTSBURGH,06/08/2015 02:23:00,,2470.00,1693.00,478.00,284.00,167.00,198.00,134.00,65.00,APPROVED
PA: PITTSBURGH,06/08/2015 03:24:00,,2480.00,1714.00,486.00,289.00,168.00,202.00,134.00,64.00,APPROVED
PA: PITTSBURGH,06/08/2015 04:24:00,,2508.00,1725.00,485.00,288.00,167.00,202.00,134.00,62.00,APPROVED
PA: PITTSBURGH,06/08/2015 05:24:00,,2565.00,1739.00,489.00,296.00,170.00,202.00,136.00,64.00,APPROVED
PA: PITTSBURGH,06/08/2015 06:24:00,,2580.00,1767.00,496.00,297.00,171.00,204.00,140.00,66.00,APPROVED
PA: PITTSBURGH,06/08/2015 07:24:00,,2577.00,1798.00,498.00,301.00,175.00,202.00,135.00,67.00,APPROVED
PA: PITTSBURGH,06/08/2015 08:25:00,,2585.00,1792.00,495.00,298.00,170.00,204.00,136.00,64.00,APPROVED
PA: PITTSBURGH,06/08/2015 09:25:00,,2589.00,1799.00,494.00,303.00,173.00,203.00,137.00,64.00,APPROVED
PA: PITTSBURGH,06/08/2015 10:25:00,,2609.00,1808.00,497.00,301.00,173.00,204.00,138.00,64.00,APPROVED
PA: PITTSBURGH,06/08/2015 11:25:00,,2601.00,1808.00,497.00,306.00,170.00,204.00,137.00,66.00,APPROVED
PA: PITTSBURGH,06/08/2015 12:25:00,,2591.00,1791.00,496.00,301.00,170.00,204.00,138.00,65.00,APPROVED
PA: PITTSBURGH,06/08/2015 13:26:00,,2562.00,1778.00,498.00,299.00,173.00,203.00,140.00,67.00,APPROVED
PA: PITTSBURGH,06/08/2015 14:26:00,,2518.00,1745.00,488.00,298.00,171.00,205.00,139.00,65.00,APPROVED
PA: PITTSBURGH,06/08/2015 15:26:00,,2485.00,1724.00,488.00,296.00,171.00,202.00,136.00,67.00,APPROVED
PA: PITTSBURGH,06/08/2015 16:26:00,,2456.00,1673.00,483.00,296.00,169.00,202.00,138.00,66.00,APPROVED
PA: PITTSBURGH,06/08/2015 17:26:00,,2425.00,1673.00,474.00,288.00,166.00,195.00,133.00,65.00,APPROVED
PA: PITTSBURGH,06/08/2015 18:27:00,,2423.00,1669.00,483.00,284.00,168.00,196.00,134.00,65.00,APPROVED
PA: PITTSBURGH,06/08/2015 19:27:00,,2393.00,1643.00,476.00,282.00,168.00,194.00,133.00,65.00,APPROVED
PA: PITTSBURGH,06/08/2015 20:27:00,,2985.00,2212.00,595.00,384.00,202.00,251.00,158.00,75.00,APPROVED
PA: PITTSBURGH,06/08/2015 21:27:00,,3041.00,2257.00,645.00,410.00,212.00,268.00,171.00,75.00,APPROVED
PA: PITTSBURGH,06/08/2015 22:27:00,,2456.00,1693.00,512.00,305.00,175.00,211.00,142.00,67.00,APPROVED
PA: PITTSBURGH,06/08/2015 23:28:00,,2537.00,1767.00,490.00,301.00,168.00,205.00,136.00,65.00,APPROVED
PA: PITTSBURGH,06/09/2015 00:28:00,,2650.00,1868.00,529.00,324.00,179.00,216.00,142.00,65.00,APPROVED
PA: PITTSBURGH,06/09/2015 01:28:00,,2615.00,1817.00,527.00,311.00,177.00,213.00,142.00,66.00,APPROVED
PA: PITTSBURGH,06/09/2015 02:28:00,,2899.00,2113.00,596.00,363.00,195.00,248.00,154.00,69.00,APPROVED
PA: PITTSBURGH,06/09/2015 03:28:00,,2714.00,1905.00,562.00,337.00,185.00,229.00,149.00,68.00,APPROVED
PA: PITTSBURGH,06/09/2015 04:29:00,,2389.00,1616.00,482.00,277.00,165.00,193.00,130.00,62.00,APPROVED
PA: PITTSBURGH,06/09/2015 05:29:00,,2271.00,1503.00,449.00,244.00,152.00,178.00,122.00,61.00,APPROVED
PA: PITTSBURGH,06/09/2015 06:29:00,,2238.00,1474.00,442.00,239.00,149.00,175.00,118.00,59.00,APPROVED
PA: PITTSBURGH,06/09/2015 07:29:00,,2225.00,1457.00,447.00,237.00,151.00,174.00,120.00,60.00,APPROVED
PA: PITTSBURGH,06/09/2015 08:29:00,,2218.00,1453.00,444.00,236.00,151.00,179.00,121.00,60.00,APPROVED
PA: PITTSBURGH,06/09/2015 09:30:00,,2214.00,1462.00,438.00,246.00,153.00,178.00,122.00,59.00,APPROVED
PA: PITTSBURGH,06/09/2015 10:30:00,,2225.00,1471.00,440.00,243.00,151.00,179.00,122.00,60.00,APPROVED
PA: PITTSBURGH,06/09/2015 11:30:00,,2247.00,1465.00,439.00,237.00,153.00,171.00,119.00,61.00,APPROVED
PA: PITTSBURGH,06/09/2015 12:30:00,,2245.00,1462.00,431.00,236.00,146.00,170.00,117.00,57.00,APPROVED
PA: PITTSBURGH,06/09/2015 13:30:00,,2229.00,1436.00,427.00,229.00,145.00,170.00,119.00,58.00,APPROVED
PA: PITTSBURGH,06/09/2015 14:31:00,,2201.00,1423.00,422.00,225.00,148.00,166.00,119.00,58.00,APPROVED
PA: PITTSBURGH,06/09/2015 15:31:00,,2194.00,1427.00,435.00,234.00,148.00,173.00,120.00,57.00,APPROVED
PA: PITTSBURGH,06/09/2015 16:31:00,,2165.00,1407.00,432.00,228.00,148.00,169.00,119.00,60.00,APPROVED
PA: PITTSBURGH,06/09/2015 17:31:00,,2135.00,1391.00,430.00,232.00,149.00,172.00,121.00,59.00,APPROVED
PA: PITTSBURGH,06/09/2015 18:31:00,,2084.00,1369.00,425.00,231.00,146.00,170.00,121.00,59.00,APPROVED
PA: PITTSBURGH,06/09/2015 19:32:00,,2036.00,1309.00,416.00,223.00,142.00,166.00,119.00,60.00,APPROVED
PA: PITTSBURGH,06/09/2015 20:32:00,,2052.00,1333.00,418.00,223.00,144.00,168.00,117.00,59.00,APPROVED
PA: PITTSBURGH,06/09/2015 21:32:00,,2217.00,1454.00,422.00,234.00,147.00,172.00,121.00,58.00,APPROVED
PA: PITTSBURGH,06/09/2015 22:32:00,,2257.00,1472.00,429.00,235.00,147.00,173.00,120.00,59.00,APPROVED
PA: PITTSBURGH,06/09/2015 23:32:00,,2310.00,1494.00,432.00,239.00,148.00,168.00,118.00,59.00,APPROVED
PA: PITTSBURGH,06/10/2015 00:33:00,,2356.00,1534.00,436.00,240.00,146.00,169.00,121.00,59.00,APPROVED
PA: PITTSBURGH,06/10/2015 01:33:00,,2412.00,1592.00,438.00,244.00,151.00,173.00,120.00,58.00,APPROVED
PA: PITTSBURGH,06/10/2015 02:33:00,,2440.00,1603.00,449.00,250.00,151.00,176.00,124.00,61.00,APPROVED
PA: PITTSBURGH,06/10/2015 03:33:00,,2291.00,1521.00,440.00,244.00,151.00,177.00,124.00,59.00,APPROVED
PA: PITTSBURGH,06/10/2015 04:33:00,,2227.00,1472.00,445.00,243.00,149.00,182.00,124.00,60.00,APPROVED
PA: PITTSBURGH,06/10/2015 05:34:00,,2243.00,1491.00,446.00,247.00,151.00,183.00,125.00,60.00,APPROVED
PA: PITTSBURGH,06/10/2015 06:34:00,,2275.00,1513.00,452.00,250.00,153.00,187.00,128.00,61.00,APPROVED
PA: PITTSBURGH,06/10/2015 07:34:00,,2416.00,1650.00,488.00,277.00,164.00,201.00,131.00,63.00,APPROVED
PA: PITTSBURGH,06/10/2015 08:34:00,,2478.00,1728.00,501.00,293.00,171.00,214.00,136.00,65.00,APPROVED
PA: PITTSBURGH,06/10/2015 09:34:00,,2531.00,1768.00,514.00,301.00,176.00,216.00,139.00,64.00,APPROVED
PA: PITTSBURGH,06/10/2015 10:35:00,,2596.00,1848.00,530.00,324.00,179.00,222.00,140.00,65.00,APPROVED
PA: PITTSBURGH,06/10/2015 11:35:00,,2628.00,1888.00,547.00,335.00,186.00,234.00,146.00,66.00,APPROVED
PA: PITTSBURGH,06/10/2015 12:35:00,,2551.00,1835.00,544.00,325.00,181.00,228.00,145.00,66.00,APPROVED
PA: PITTSBURGH,06/10/2015 13:35:00,,2339.00,1620.00,493.00,285.00,166.00,210.00,135.00,64.00,APPROVED
PA: PITTSBURGH,06/10/2015 14:35:00,,2184.00,1473.00,462.00,251.00,158.00,189.00,126.00,62.00,APPROVED
PA: PITTSBURGH,06/10/2015 15:36:00,,2193.00,1455.00,444.00,248.00,154.00,183.00,124.00,61.00,APPROVED
PA: PITTSBURGH,06/10/2015 16:36:00,,2289.00,1548.00,446.00,256.00,155.00,182.00,126.00,61.00,APPROVED
PA: PITTSBURGH,06/10/2015 17:36:00,,2242.00,1512.00,442.00,253.00,156.00,179.00,128.00,62.00,APPROVED
PA: PITTSBURGH,06/10/2015 18:36:00,,2200.00,1480.00,435.00,250.00,154.00,178.00,128.00,62.00,APPROVED
PA: PITTSBURGH,06/10/2015 19:36:00,,2176.00,1451.00,434.00,251.00,153.00,180.00,126.00,63.00,APPROVED
PA: PITTSBURGH,06/10/2015 20:36:00,,2170.00,1456.00,437.00,254.00,155.00,176.00,127.00,64.00,APPROVED
PA: PITTSBURGH,06/10/2015 21:37:00,,2184.00,1451.00,441.00,255.00,154.00,179.00,128.00,61.00,APPROVED
PA: PITTSBURGH,06/10/2015 22:37:00,,2181.00,1462.00,441.00,255.00,156.00,184.00,126.00,64.00,APPROVED
PA: PITTSBURGH,06/10/2015 23:37:00,,2236.00,1504.00,446.00,259.00,155.00,183.00,125.00,63.00,APPROVED
PA: PITTSBURGH,06/11/2015 00:37:00,,2304.00,1554.00,452.00,262.00,155.00,187.00,130.00,61.00,APPROVED
PA: PITTSBURGH,06/11/2015 01:37:00,,2349.00,1578.00,454.00,267.00,157.00,187.00,129.00,63.00,APPROVED
PA: PITTSBURGH,06/11/2015 02:38:00,,2405.00,1617.00,460.00,264.00,158.00,189.00,129.00,62.00,APPROVED
PA: PITTSBURGH,06/11/2015 03:38:00,,2431.00,1637.00,466.00,274.00,161.00,192.00,130.00,62.00,APPROVED
PA: PITTSBURGH,06/11/2015 04:38:00,,2460.00,1671.00,475.00,283.00,164.00,193.00,129.00,61.00,APPROVED
PA: PITTSBURGH,06/11/2015 05:38:00,,2499.00,1692.00,474.00,283.00,164.00,194.00,134.00,64.00,APPROVED
PA: PITTSBURGH,06/11/2015 06:39:00,,2513.00,1713.00,477.00,288.00,163.00,200.00,131.00,64.00,APPROVED
PA: PITTSBURGH,06/11/2015 07:39:00,,2519.00,1730.00,478.00,288.00,167.00,193.00,134.00,64.00,APPROVED
PA: PITTSBURGH,06/11/2015 08:39:00,,2528.00,1729.00,485.00,289.00,164.00,195.00,133.00,66.00,APPROVED
PA: PITTSBURGH,06/11/2015 09:39:00,,2533.00,1745.00,486.00,292.00,166.00,199.00,133.00,63.00,APPROVED
PA: PITTSBURGH,06/11/2015 10:39:00,,2564.00,1767.00,486.00,292.00,170.00,200.00,132.00,63.00,APPROVED
PA: PITTSBURGH,06/11/2015 12:09:00,,2404.00,1550.00,443.00,241.00,152.00,175.00,122.00,58.00,APPROVED
PA: PITTSBURGH,06/11/2015 13:09:00,,2264.00,1508.00,450.00,255.00,158.00,184.00,127.00,62.00,APPROVED
PA: PITTSBURGH,06/11/2015 14:10:00,,2261.00,1518.00,456.00,262.00,160.00,191.00,128.00,63.00,APPROVED
PA: PITTSBURGH,06/11/2015 15:10:00,,2352.00,1602.00,463.00,275.00,162.00,191.00,131.00,63.00,APPROVED
PA: PITTSBURGH,06/11/2015 16:10:00,,2287.00,1553.00,453.00,269.00,161.00,187.00,129.00,61.00,APPROVED
PA: PITTSBURGH,06/11/2015 17:10:00,,2227.00,1500.00,447.00,258.00,157.00,191.00,127.00,62.00,APPROVED
PA: PITTSBURGH,06/11/2015 18:10:00,,2169.00,1454.00,439.00,252.00,156.00,184.00,126.00,63.00,APPROVED
PA: PITTSBURGH,06/11/2015 19:11:00,,2162.00,1431.00,435.00,253.00,154.00,184.00,127.00,62.00,APPROVED
PA: PITTSBURGH,06/11/2015 20:11:00,,2143.00,1424.00,430.00,249.00,153.00,182.00,125.00,61.00,APPROVED
PA: PITTSBURGH,06/11/2015 21:11:00,,2125.00,1386.00,425.00,242.00,153.00,179.00,125.00,62.00,APPROVED
PA: PITTSBURGH,06/11/2015 22:11:00,,2116.00,1391.00,428.00,239.00,147.00,176.00,125.00,60.00,APPROVED
PA: PITTSBURGH,06/11/2015 23:11:00,,2152.00,1421.00,432.00,246.00,153.00,175.00,128.00,60.00,APPROVED
PA: PITTSBURGH,06/12/2015 00:12:00,,2192.00,1451.00,433.00,245.00,154.00,185.00,125.00,62.00,APPROVED
PA: PITTSBURGH,06/12/2015 01:12:00,,2303.00,1542.00,450.00,262.00,154.00,183.00,126.00,64.00,APPROVED
PA: PITTSBURGH,06/12/2015 02:12:00,,2379.00,1583.00,457.00,264.00,160.00,187.00,128.00,61.00,APPROVED
PA: PITTSBURGH,06/12/2015 03:12:00,,2427.00,1633.00,458.00,267.00,161.00,184.00,128.00,62.00,APPROVED
PA: PITTSBURGH,06/12/2015 04:12:00,,2519.00,1708.00,476.00,278.00,166.00,197.00,133.00,64.00,APPROVED
PA: PITTSBURGH,06/12/2015 05:13:00,,2624.00,1806.00,497.00,299.00,173.00,203.00,136.00,64.00,APPROVED
PA: PITTSBURGH,06/12/2015 06:13:00,,2734.00,1933.00,522.00,325.00,179.00,220.00,141.00,66.00,APPROVED
PA: PITTSBURGH,06/12/2015 07:13:00,,2823.00,2028.00,543.00,348.00,190.00,229.00,149.00,66.00,APPROVED
PA: PITTSBURGH,06/12/2015 08:13:00,,2682.00,1938.00,552.00,351.00,190.00,237.00,152.00,69.00,APPROVED
PA: PITTSBURGH,06/12/2015 09:13:00,,2615.00,1884.00,557.00,342.00,190.00,240.00,155.00,70.00,APPROVED
PA: PITTSBURGH,06/12/2015 10:14:00,,2663.00,1948.00,581.00,358.00,197.00,253.00,158.00,70.00,APPROVED
PA: PITTSBURGH,06/12/2015 11:14:00,,2702.00,2017.00,602.00,369.00,204.00,259.00,163.00,74.00,APPROVED
PA: PITTSBURGH,06/12/2015 12:14:00,,2668.00,1999.00,603.00,375.00,204.00,269.00,163.00,73.00,APPROVED
PA: PITTSBURGH,06/12/2015 13:14:00,,2550.00,1877.00,574.00,354.00,193.00,255.00,160.00,72.00,APPROVED
PA: PITTSBURGH,06/12/2015 14:14:00,,2566.00,1867.00,528.00,344.00,185.00,230.00,151.00,69.00,APPROVED
PA: PITTSBURGH,06/12/2015 15:15:00,,2464.00,1745.00,502.00,316.00,174.00,216.00,144.00,69.00,APPROVED
PA: PITTSBURGH,06/12/2015 16:15:00,,2318.00,1613.00,476.00,292.00,165.00,205.00,137.00,67.00,APPROVED
PA: PITTSBURGH,06/12/2015 17:15:00,,2240.00,1544.00,464.00,272.00,164.00,194.00,134.00,65.00,APPROVED
PA: PITTSBURGH,06/12/2015 18:15:00,,2222.00,1510.00,460.00,268.00,164.00,191.00,133.00,66.00,APPROVED
PA: PITTSBURGH,06/12/2015 19:15:00,,2210.00,1509.00,454.00,267.00,161.00,191.00,134.00,68.00,APPROVED
PA: PITTSBURGH,06/12/2015 20:16:00,,2220.00,1510.00,456.00,270.00,160.00,191.00,133.00,64.00,APPROVED
PA: PITTSBURGH,06/12/2015 21:16:00,,2192.00,1483.00,458.00,264.00,157.00,187.00,130.00,63.00,APPROVED
PA: PITTSBURGH,06/12/2015 22:16:00,,2188.00,1473.00,450.00,258.00,158.00,186.00,130.00,62.00,APPROVED
PA: PITTSBURGH,06/12/2015 23:16:00,,2862.00,2094.00,575.00,371.00,196.00,242.00,156.00,75.00,APPROVED
PA: PITTSBURGH,06/13/2015 00:16:00,,3190.00,2386.00,639.00,421.00,211.00,266.00,167.00,77.00,APPROVED
PA: PITTSBURGH,06/13/2015 01:17:00,,2735.00,1893.00,522.00,316.00,176.00,208.00,139.00,66.00,APPROVED
PA: PITTSBURGH,06/13/2015 02:17:00,,2539.00,1688.00,470.00,273.00,158.00,187.00,128.00,63.00,APPROVED
PA: PITTSBURGH,06/13/2015 03:17:00,,2500.00,1669.00,462.00,259.00,151.00,181.00,125.00,62.00,APPROVED
PA: PITTSBURGH,06/13/2015 04:17:00,,2505.00,1663.00,461.00,259.00,154.00,180.00,126.00,61.00,APPROVED
PA: PITTSBURGH,06/13/2015 05:17:00,,2519.00,1676.00,465.00,263.00,156.00,186.00,124.00,59.00,APPROVED
PA: PITTSBURGH,06/13/2015 06:18:00,,2535.00,1709.00,470.00,268.00,158.00,185.00,126.00,61.00,APPROVED
PA: PITTSBURGH,06/13/2015 07:18:00,,2556.00,1727.00,473.00,279.00,161.00,191.00,129.00,62.00,APPROVED
PA: PITTSBURGH,06/13/2015 08:18:00,,2410.00,1627.00,470.00,275.00,163.00,190.00,128.00,62.00,APPROVED
PA: PITTSBURGH,06/13/2015 09:18:00,,2305.00,1570.00,467.00,268.00,159.00,195.00,132.00,62.00,APPROVED
PA: PITTSBURGH,06/13/2015 10:18:00,,2313.00,1580.00,471.00,272.00,163.00,196.00,130.00,64.00,APPROVED
PA: PITTSBURGH,06/13/2015 11:19:00,,2305.00,1571.00,479.00,272.00,165.00,201.00,130.00,63.00,APPROVED
PA: PITTSBURGH,06/13/2015 12:19:00,,2319.00,1595.00,489.00,273.00,165.00,203.00,136.00,63.00,APPROVED
PA: PITTSBURGH,06/13/2015 13:19:00,,2369.00,1634.00,501.00,285.00,170.00,207.00,138.00,66.00,APPROVED
PA: PITTSBURGH,06/13/2015 14:19:00,,2323.00,1591.00,491.00,281.00,168.00,206.00,134.00,67.00,APPROVED
PA: PITTSBURGH,06/13/2015 15:19:00,,2450.00,1712.00,483.00,302.00,169.00,205.00,139.00,65.00,APPROVED
PA: PITTSBURGH,06/13/2015 16:20:00,,2467.00,1707.00,480.00,292.00,167.00,199.00,135.00,66.00,APPROVED
PA: PITTSBURGH,06/13/2015 17:20:00,,2351.00,1599.00,462.00,271.00,157.00,191.00,129.00,63.00,APPROVED
PA: PITTSBURGH,06/13/2015 18:20:00,,2304.00,1560.00,446.00,264.00,158.00,184.00,128.00,63.00,APPROVED
PA: PITTSBURGH,06/13/2015 19:20:00,,2293.00,1532.00,443.00,262.00,155.00,184.00,127.00,63.00,APPROVED
PA: PITTSBURGH,06/13/2015 20:20:00,,2196.00,1470.00,443.00,257.00,156.00,185.00,127.00,63.00,APPROVED
PA: PITTSBURGH,06/13/2015 21:21:00,,2217.00,1486.00,442.00,255.00,155.00,185.00,127.00,63.00,APPROVED
PA: PITTSBURGH,06/13/2015 22:21:00,,2234.00,1501.00,439.00,259.00,157.00,185.00,126.00,60.00,APPROVED
PA: PITTSBURGH,06/13/2015 23:21:00,,2350.00,1602.00,461.00,276.00,159.00,191.00,131.00,64.00,APPROVED
PA: PITTSBURGH,06/14/2015 00:21:00,,2376.00,1593.00,453.00,262.00,158.00,179.00,126.00,61.00,APPROVED
PA: PITTSBURGH,06/14/2015 01:21:00,,2418.00,1606.00,446.00,256.00,156.00,178.00,123.00,62.00,APPROVED
PA: PITTSBURGH,06/14/2015 02:22:00,,2441.00,1608.00,456.00,256.00,151.00,180.00,123.00,61.00,APPROVED
PA: PITTSBURGH,06/14/2015 03:22:00,,2476.00,1643.00,450.00,257.00,155.00,180.00,125.00,61.00,APPROVED
PA: PITTSBURGH,06/14/2015 04:22:00,,2499.00,1650.00,459.00,258.00,155.00,183.00,125.00,61.00,APPROVED
PA: PITTSBURGH,06/14/2015 05:22:00,,2539.00,1696.00,467.00,269.00,157.00,184.00,126.00,62.00,APPROVED
PA: PITTSBURGH,06/14/2015 06:22:00,,2558.00,1735.00,472.00,275.00,161.00,188.00,127.00,62.00,APPROVED
PA: PITTSBURGH,06/14/2015 07:23:00,,2532.00,1716.00,484.00,280.00,164.00,196.00,133.00,62.00,APPROVED
PA: PITTSBURGH,06/14/2015 08:23:00,,2360.00,1612.00,480.00,274.00,163.00,196.00,133.00,64.00,APPROVED
PA: PITTSBURGH,06/14/2015 09:23:00,,2292.00,1557.00,473.00,270.00,162.00,196.00,131.00,63.00,APPROVED
PA: PITTSBURGH,06/14/2015 10:23:00,,2274.00,1547.00,472.00,268.00,164.00,194.00,131.00,60.00,APPROVED
PA: PITTSBURGH,06/14/2015 11:23:00,,2296.00,1555.00,473.00,269.00,163.00,199.00,135.00,64.00,APPROVED
PA: PITTSBURGH,06/14/2015 12:24:00,,2288.00,1537.00,475.00,266.00,165.00,199.00,133.00,63.00,APPROVED
PA: PITTSBURGH,06/14/2015 13:24:00,,2281.00,1540.00,476.00,270.00,161.00,196.00,134.00,62.00,APPROVED
PA: PITTSBURGH,06/14/2015 14:24:00,,2240.00,1517.00,476.00,263.00,164.00,197.00,135.00,62.00,APPROVED
PA: PITTSBURGH,06/14/2015 15:24:00,,2335.00,1597.00,477.00,278.00,167.00,199.00,133.00,65.00,APPROVED
PA: PITTSBURGH,06/14/2015 16:24:00,,2447.00,1694.00,481.00,292.00,168.00,201.00,136.00,64.00,APPROVED
PA: PITTSBURGH,06/14/2015 17:25:00,,2464.00,1704.00,480.00,289.00,164.00,198.00,135.00,65.00,APPROVED
PA: PITTSBURGH,06/14/2015 18:25:00,,2496.00,1710.00,482.00,296.00,165.00,202.00,134.00,65.00,APPROVED
PA: PITTSBURGH,06/14/2015 19:25:00,,2326.00,1568.00,457.00,265.00,160.00,189.00,128.00,62.00,APPROVED
PA: PITTSBURGH,06/14/2015 20:25:00,,2206.00,1453.00,440.00,245.00,152.00,181.00,126.00,62.00,APPROVED
PA: PITTSBURGH,06/14/2015 21:25:00,,2165.00,1431.00,431.00,241.00,151.00,175.00,126.00,62.00,APPROVED
PA: PITTSBURGH,06/14/2015 22:26:00,,2170.00,1426.00,430.00,244.00,150.00,172.00,121.00,60.00,APPROVED
PA: PITTSBURGH,06/14/2015 23:26:00,,2240.00,1483.00,434.00,244.00,149.00,174.00,122.00,60.00,APPROVED
PA: PITTSBURGH,06/15/2015 00:26:00,,2456.00,1670.00,470.00,273.00,161.00,189.00,131.00,64.00,APPROVED
PA: PITTSBURGH,06/15/2015 01:26:00,,2734.00,1942.00,525.00,327.00,181.00,216.00,140.00,66.00,APPROVED
PA: PITTSBURGH,06/15/2015 02:26:00,,2686.00,1860.00,506.00,305.00,167.00,204.00,136.00,63.00,APPROVED
PA: PITTSBURGH,06/15/2015 03:27:00,,2603.00,1815.00,519.00,304.00,174.00,209.00,139.00,64.00,APPROVED
PA: PITTSBURGH,06/15/2015 04:27:00,,2359.00,1594.00,471.00,266.00,158.00,192.00,129.00,64.00,APPROVED
PA: PITTSBURGH,06/15/2015 05:27:00,,2459.00,1689.00,499.00,283.00,169.00,201.00,134.00,64.00,APPROVED
PA: PITTSBURGH,06/15/2015 06:27:00,,2704.00,1943.00,561.00,332.00,186.00,232.00,146.00,66.00,APPROVED
PA: PITTSBURGH,06/15/2015 07:27:00,,2559.00,1798.00,532.00,313.00,177.00,219.00,142.00,67.00,APPROVED
PA: PITTSBURGH,06/15/2015 08:28:00,,2349.00,1590.00,484.00,272.00,161.00,194.00,129.00,63.00,APPROVED
PA: PITTSBURGH,06/15/2015 09:28:00,,2400.00,1648.00,490.00,277.00,165.00,201.00,134.00,63.00,APPROVED
PA: PITTSBURGH,06/15/2015 10:28:00,,2410.00,1662.00,489.00,284.00,167.00,200.00,133.00,63.00,APPROVED
PA: PITTSBURGH,06/15/2015 11:28:00,,2296.00,1551.00,466.00,266.00,160.00,188.00,130.00,61.00,APPROVED
PA: PITTSBURGH,06/15/2015 12:28:00,,2249.00,1512.00,455.00,256.00,156.00,185.00,126.00,61.00,APPROVED
PA: PITTSBURGH,06/15/2015 13:29:00,,2201.00,1467.00,455.00,251.00,150.00,180.00,123.00,62.00,APPROVED
PA: PITTSBURGH,06/15/2015 14:29:00,,2113.00,1384.00,429.00,237.00,147.00,175.00,123.00,62.00,APPROVED
PA: PITTSBURGH,06/15/2015 15:29:00,,2053.00,1332.00,413.00,224.00,144.00,173.00,117.00,59.00,APPROVED
PA: PITTSBURGH,06/15/2015 16:29:00,,2178.00,1442.00,421.00,235.00,144.00,169.00,120.00,58.00,APPROVED
PA: PITTSBURGH,06/15/2015 17:29:00,,2175.00,1440.00,417.00,239.00,143.00,170.00,120.00,60.00,APPROVED
PA: PITTSBURGH,06/15/2015 18:30:00,,2119.00,1397.00,409.00,232.00,145.00,169.00,117.00,61.00,APPROVED
PA: PITTSBURGH,06/15/2015 19:30:00,,2098.00,1377.00,411.00,232.00,144.00,168.00,118.00,59.00,APPROVED
PA: PITTSBURGH,06/15/2015 20:30:00,,2123.00,1399.00,412.00,229.00,141.00,168.00,121.00,57.00,APPROVED
PA: PITTSBURGH,06/15/2015 21:30:00,,2119.00,1379.00,413.00,229.00,141.00,167.00,118.00,60.00,APPROVED
PA: PITTSBURGH,06/15/2015 22:30:00,,2203.00,1460.00,424.00,244.00,148.00,173.00,122.00,60.00,APPROVED
PA: PITTSBURGH,06/15/2015 23:31:00,,2193.00,1439.00,423.00,232.00,146.00,170.00,120.00,58.00,APPROVED
PA: PITTSBURGH,06/16/2015 00:31:00,,2202.00,1443.00,425.00,234.00,146.00,169.00,118.00,59.00,APPROVED
PA: PITTSBURGH,06/16/2015 01:31:00,,2260.00,1469.00,420.00,230.00,146.00,170.00,118.00,58.00,APPROVED
PA: PITTSBURGH,06/16/2015 02:31:00,,2288.00,1508.00,431.00,242.00,150.00,171.00,119.00,62.00,APPROVED
PA: PITTSBURGH,06/16/2015 03:31:00,,2666.00,1887.00,517.00,320.00,173.00,210.00,136.00,67.00,APPROVED
PA: PITTSBURGH,06/16/2015 04:32:00,,2730.00,1919.00,524.00,327.00,175.00,216.00,141.00,66.00,APPROVED
PA: PITTSBURGH,06/16/2015 05:32:00,,2558.00,1748.00,479.00,289.00,164.00,192.00,127.00,63.00,APPROVED
PA: PITTSBURGH,06/16/2015 06:32:00,,2499.00,1701.00,476.00,276.00,159.00,187.00,126.00,63.00,APPROVED
PA: PITTSBURGH,06/16/2015 07:32:00,,2616.00,1821.00,494.00,298.00,167.00,197.00,133.00,63.00,APPROVED
PA: PITTSBURGH,06/16/2015 08:32:00,,2621.00,1812.00,494.00,298.00,169.00,200.00,133.00,63.00,APPROVED
PA: PITTSBURGH,06/16/2015 09:33:00,,2484.00,1666.00,461.00,265.00,156.00,182.00,124.00,62.00,APPROVED
PA: PITTSBURGH,06/16/2015 10:33:00,,2498.00,1696.00,458.00,268.00,154.00,185.00,125.00,60.00,APPROVED
PA: PITTSBURGH,06/16/2015 11:33:00,,2320.00,1558.00,450.00,261.00,155.00,188.00,125.00,61.00,APPROVED
PA: PITTSBURGH,06/16/2015 12:33:00,,2129.00,1405.00,431.00,235.00,148.00,177.00,123.00,61.00,APPROVED
PA: PITTSBURGH,06/16/2015 13:33:00,,2054.00,1337.00,414.00,224.00,141.00,168.00,116.00,58.00,APPROVED
PA: PITTSBURGH,06/16/2015 14:34:00,,2020.00,1313.00,406.00,220.00,144.00,166.00,116.00,60.00,APPROVED
PA: PITTSBURGH,06/16/2015 15:34:00,,2190.00,1436.00,413.00,227.00,145.00,164.00,118.00,59.00,APPROVED
PA: PITTSBURGH,06/16/2015 16:34:00,,2194.00,1448.00,414.00,230.00,142.00,166.00,118.00,59.00,APPROVED
PA: PITTSBURGH,06/16/2015 17:34:00,,2210.00,1451.00,426.00,234.00,145.00,168.00,118.00,59.00,APPROVED
PA: PITTSBURGH,06/16/2015 18:34:00,,2227.00,1469.00,431.00,240.00,147.00,170.00,119.00,59.00,APPROVED
PA: PITTSBURGH,06/16/2015 19:35:00,,2144.00,1401.00,414.00,229.00,144.00,168.00,118.00,58.00,APPROVED
PA: PITTSBURGH,06/16/2015 20:35:00,,2083.00,1346.00,403.00,222.00,142.00,165.00,118.00,60.00,APPROVED
PA: PITTSBURGH,06/16/2015 21:35:00,,2078.00,1348.00,399.00,220.00,139.00,163.00,116.00,57.00,APPROVED
PA: PITTSBURGH,06/16/2015 22:35:00,,2061.00,1336.00,404.00,221.00,138.00,165.00,115.00,60.00,APPROVED
PA: PITTSBURGH,06/16/2015 23:35:00,,2104.00,1352.00,403.00,218.00,139.00,161.00,115.00,57.00,APPROVED
PA: PITTSBURGH,06/17/2015 00:36:00,,2194.00,1427.00,410.00,228.00,141.00,163.00,117.00,56.00,APPROVED
PA: PITTSBURGH,06/17/2015 01:36:00,,2259.00,1467.00,423.00,228.00,143.00,164.00,118.00,57.00,APPROVED
PA: PITTSBURGH,06/17/2015 02:36:00,,2314.00,1498.00,427.00,230.00,145.00,164.00,117.00,58.00,APPROVED
PA: PITTSBURGH,06/17/2015 03:36:00,,2252.00,1459.00,418.00,229.00,144.00,165.00,117.00,56.00,APPROVED
PA: PITTSBURGH,06/17/2015 04:37:00,,2133.00,1373.00,411.00,219.00,142.00,159.00,115.00,57.00,APPROVED
PA: PITTSBURGH,06/17/2015 05:37:00,,2157.00,1375.00,414.00,213.00,140.00,165.00,114.00,57.00,APPROVED
PA: PITTSBURGH,06/17/2015 06:37:00,,2217.00,1439.00,428.00,229.00,145.00,166.00,114.00,59.00,APPROVED
PA: PITTSBURGH,06/17/2015 07:37:00,,2264.00,1473.00,435.00,233.00,146.00,174.00,115.00,58.00,APPROVED
PA: PITTSBURGH,06/17/2015 08:37:00,,2313.00,1496.00,437.00,234.00,146.00,174.00,118.00,57.00,APPROVED
PA: PITTSBURGH,06/17/2015 09:37:00,,2355.00,1540.00,445.00,243.00,148.00,177.00,120.00,58.00,APPROVED
PA: PITTSBURGH,06/17/2015 10:38:00,,2391.00,1588.00,458.00,254.00,152.00,182.00,123.00,58.00,APPROVED
PA: PITTSBURGH,06/17/2015 12:15:00,,2357.00,1517.00,436.00,230.00,149.00,170.00,114.00,57.00,APPROVED
PA: PITTSBURGH,06/17/2015 13:15:00,,2294.00,1504.00,440.00,239.00,147.00,179.00,117.00,59.00,APPROVED
PA: PITTSBURGH,06/17/2015 14:15:00,,2188.00,1426.00,433.00,234.00,149.00,177.00,118.00,60.00,APPROVED
PA: PITTSBURGH,06/17/2015 15:15:00,,2095.00,1362.00,417.00,224.00,144.00,169.00,116.00,61.00,APPROVED
PA: PITTSBURGH,06/17/2015 16:16:00,,2056.00,1328.00,409.00,222.00,143.00,170.00,116.00,58.00,APPROVED
PA: PITTSBURGH,06/17/2015 17:16:00,,2042.00,1312.00,408.00,222.00,143.00,167.00,115.00,58.00,APPROVED
PA: PITTSBURGH,06/17/2015 18:16:00,,2067.00,1322.00,419.00,222.00,144.00,168.00,118.00,58.00,APPROVED
PA: PITTSBURGH,06/17/2015 19:16:00,,2090.00,1352.00,415.00,222.00,145.00,166.00,119.00,59.00,APPROVED
PA: PITTSBURGH,06/17/2015 20:16:00,,2277.00,1476.00,428.00,239.00,145.00,169.00,117.00,59.00,APPROVED
PA: PITTSBURGH,06/17/2015 21:17:00,,2332.00,1502.00,427.00,238.00,147.00,170.00,121.00,58.00,APPROVED
PA: PITTSBURGH,06/17/2015 22:17:00,,2320.00,1505.00,425.00,239.00,148.00,166.00,120.00,58.00,APPROVED
PA: PITTSBURGH,06/17/2015 23:17:00,,2332.00,1508.00,427.00,234.00,146.00,170.00,118.00,58.00,APPROVED
PA: PITTSBURGH,06/18/2015 00:17:00,,2360.00,1538.00,433.00,239.00,147.00,170.00,117.00,58.00,APPROVED
PA: PITTSBURGH,06/18/2015 01:17:00,,2385.00,1556.00,432.00,240.00,146.00,172.00,118.00,60.00,APPROVED
PA: PITTSBURGH,06/18/2015 02:18:00,,2404.00,1584.00,440.00,247.00,150.00,174.00,120.00,59.00,APPROVED
PA: PITTSBURGH,06/18/2015 03:18:00,,2265.00,1491.00,432.00,241.00,147.00,177.00,119.00,58.00,APPROVED
PA: PITTSBURGH,06/18/2015 04:18:00,,2209.00,1458.00,435.00,244.00,149.00,178.00,120.00,61.00,APPROVED
PA: PITTSBURGH,06/18/2015 05:18:00,,2207.00,1467.00,440.00,245.00,153.00,176.00,123.00,59.00,APPROVED
PA: PITTSBURGH,06/18/2015 06:18:00,,2196.00,1440.00,432.00,238.00,150.00,175.00,120.00,59.00,APPROVED
PA: PITTSBURGH,06/18/2015 07:19:00,,2213.00,1463.00,434.00,240.00,148.00,177.00,121.00,59.00,APPROVED
PA: PITTSBURGH,06/18/2015 08:19:00,,2217.00,1474.00,441.00,244.00,153.00,179.00,121.00,60.00,APPROVED
PA: PITTSBURGH,06/18/2015 09:19:00,,2198.00,1481.00,442.00,248.00,153.00,184.00,125.00,60.00,APPROVED
PA: PITTSBURGH,06/18/2015 10:19:00,,2215.00,1479.00,448.00,249.00,155.00,186.00,123.00,60.00,APPROVED
PA: PITTSBURGH,06/18/2015 11:19:00,,2194.00,1474.00,446.00,254.00,153.00,184.00,126.00,61.00,APPROVED
PA: PITTSBURGH,06/18/2015 12:20:00,,2156.00,1424.00,440.00,241.00,151.00,179.00,122.00,59.00,APPROVED
PA: PITTSBURGH,06/18/2015 13:20:00,,2124.00,1403.00,431.00,233.00,149.00,176.00,121.00,60.00,APPROVED
PA: PITTSBURGH,06/18/2015 14:20:00,,2094.00,1386.00,425.00,235.00,149.00,177.00,122.00,59.00,APPROVED
PA: PITTSBURGH,06/18/2015 15:20:00,,2270.00,1497.00,436.00,246.00,152.00,177.00,126.00,60.00,APPROVED
PA: PITTSBURGH,06/18/2015 16:20:00,,2328.00,1544.00,436.00,251.00,150.00,180.00,122.00,60.00,APPROVED
PA: PITTSBURGH,06/18/2015 17:21:00,,2286.00,1517.00,431.00,244.00,148.00,173.00,121.00,62.00,APPROVED
PA: PITTSBURGH,06/18/2015 18:21:00,,2242.00,1491.00,433.00,246.00,152.00,176.00,121.00,60.00,APPROVED
PA: PITTSBURGH,06/18/2015 19:21:00,,2203.00,1462.00,426.00,246.00,150.00,178.00,121.00,58.00,APPROVED
PA: PITTSBURGH,06/18/2015 20:21:00,,2140.00,1404.00,420.00,238.00,148.00,173.00,125.00,60.00,APPROVED
PA: PITTSBURGH,06/18/2015 21:21:00,,2179.00,1435.00,426.00,241.00,148.00,174.00,120.00,62.00,APPROVED
PA: PITTSBURGH,06/18/2015 22:22:00,,2223.00,1477.00,438.00,245.00,150.00,175.00,121.00,59.00,APPROVED
PA: PITTSBURGH,06/18/2015 23:22:00,,2170.00,1435.00,428.00,237.00,146.00,172.00,121.00,59.00,APPROVED
PA: PITTSBURGH,06/19/2015 00:22:00,,2221.00,1459.00,422.00,243.00,146.00,173.00,118.00,61.00,APPROVED
PA: PITTSBURGH,06/19/2015 01:22:00,,2276.00,1499.00,437.00,244.00,152.00,175.00,122.00,60.00,APPROVED
PA: PITTSBURGH,06/19/2015 02:22:00,,2587.00,1811.00,502.00,308.00,172.00,206.00,137.00,65.00,APPROVED
PA: PITTSBURGH,06/19/2015 03:23:00,,2692.00,1938.00,556.00,331.00,184.00,229.00,147.00,66.00,APPROVED
PA: PITTSBURGH,06/19/2015 04:23:00,,2468.00,1700.00,514.00,298.00,171.00,213.00,138.00,63.00,APPROVED
PA: PITTSBURGH,06/19/2015 05:23:00,,2165.00,1420.00,443.00,236.00,147.00,174.00,119.00,58.00,APPROVED
PA: PITTSBURGH,06/19/2015 06:23:00,,2089.00,1343.00,406.00,218.00,143.00,164.00,112.00,58.00,APPROVED
PA: PITTSBURGH,06/19/2015 07:23:00,,2058.00,1322.00,403.00,212.00,141.00,165.00,112.00,55.00,APPROVED
PA: PITTSBURGH,06/19/2015 08:24:00,,2068.00,1322.00,410.00,215.00,138.00,164.00,113.00,55.00,APPROVED
PA: PITTSBURGH,06/19/2015 09:24:00,,2085.00,1335.00,412.00,223.00,144.00,167.00,116.00,58.00,APPROVED
PA: PITTSBURGH,06/19/2015 10:24:00,,2099.00,1354.00,415.00,223.00,140.00,163.00,116.00,58.00,APPROVED
PA: PITTSBURGH,06/19/2015 11:24:00,,2087.00,1356.00,417.00,217.00,141.00,169.00,114.00,56.00,APPROVED
PA: PITTSBURGH,06/19/2015 12:24:00,,2076.00,1344.00,415.00,221.00,145.00,170.00,117.00,58.00,APPROVED
PA: PITTSBURGH,06/19/2015 13:25:00,,2082.00,1347.00,421.00,227.00,147.00,172.00,119.00,60.00,APPROVED
PA: PITTSBURGH,06/19/2015 14:25:00,,2068.00,1348.00,423.00,224.00,145.00,172.00,119.00,59.00,APPROVED
PA: PITTSBURGH,06/19/2015 15:25:00,,2131.00,1417.00,426.00,240.00,149.00,175.00,119.00,58.00,APPROVED
PA: PITTSBURGH,06/19/2015 16:25:00,,2291.00,1539.00,436.00,251.00,154.00,182.00,125.00,59.00,APPROVED
PA: PITTSBURGH,06/19/2015 17:25:00,,2244.00,1512.00,432.00,249.00,150.00,181.00,122.00,60.00,APPROVED
PA: PITTSBURGH,06/19/2015 18:26:00,,2193.00,1460.00,429.00,246.00,148.00,177.00,123.00,60.00,APPROVED
PA: PITTSBURGH,06/19/2015 19:26:00,,2195.00,1464.00,424.00,246.00,151.00,176.00,123.00,59.00,APPROVED
PA: PITTSBURGH,06/19/2015 20:26:00,,2313.00,1557.00,442.00,255.00,150.00,181.00,123.00,62.00,APPROVED
PA: PITTSBURGH,06/19/2015 21:26:00,,2323.00,1555.00,446.00,257.00,150.00,178.00,124.00,61.00,APPROVED
PA: PITTSBURGH,06/19/2015 22:26:00,,2359.00,1573.00,439.00,255.00,152.00,175.00,122.00,60.00,APPROVED
PA: PITTSBURGH,06/19/2015 23:27:00,,2384.00,1585.00,441.00,255.00,149.00,174.00,121.00,60.00,APPROVED
PA: PITTSBURGH,06/20/2015 00:27:00,,2394.00,1570.00,431.00,245.00,148.00,172.00,122.00,58.00,APPROVED
PA: PITTSBURGH,06/20/2015 01:27:00,,2398.00,1565.00,432.00,244.00,146.00,167.00,120.00,58.00,APPROVED
PA: PITTSBURGH,06/20/2015 02:27:00,,2422.00,1591.00,442.00,247.00,149.00,172.00,119.00,60.00,APPROVED
PA: PITTSBURGH,06/20/2015 03:27:00,,2424.00,1601.00,437.00,250.00,151.00,173.00,120.00,59.00,APPROVED
PA: PITTSBURGH,06/20/2015 04:28:00,,2429.00,1601.00,442.00,251.00,153.00,174.00,119.00,59.00,APPROVED
PA: PITTSBURGH,06/20/2015 05:28:00,,2467.00,1631.00,451.00,257.00,154.00,177.00,119.00,60.00,APPROVED
PA: PITTSBURGH,06/20/2015 06:28:00,,2304.00,1522.00,440.00,247.00,152.00,177.00,122.00,62.00,APPROVED
PA: PITTSBURGH,06/20/2015 07:28:00,,2217.00,1462.00,445.00,245.00,150.00,182.00,122.00,60.00,APPROVED
PA: PITTSBURGH,06/20/2015 08:28:00,,2215.00,1481.00,450.00,250.00,153.00,189.00,126.00,61.00,APPROVED
PA: PITTSBURGH,06/20/2015 09:29:00,,2238.00,1515.00,459.00,261.00,158.00,194.00,129.00,61.00,APPROVED
PA: PITTSBURGH,06/20/2015 10:29:00,,2267.00,1552.00,477.00,269.00,165.00,197.00,130.00,63.00,APPROVED
PA: PITTSBURGH,06/20/2015 11:29:00,,2273.00,1567.00,478.00,269.00,164.00,200.00,129.00,62.00,APPROVED
PA: PITTSBURGH,06/20/2015 12:29:00,,2232.00,1523.00,472.00,263.00,158.00,193.00,129.00,62.00,APPROVED
PA: PITTSBURGH,06/20/2015 13:30:00,,2209.00,1491.00,462.00,259.00,158.00,192.00,131.00,62.00,APPROVED
PA: PITTSBURGH,06/20/2015 14:30:00,,2182.00,1470.00,457.00,262.00,161.00,191.00,131.00,61.00,APPROVED
PA: PITTSBURGH,06/20/2015 15:30:00,,2208.00,1474.00,455.00,254.00,155.00,187.00,128.00,63.00,APPROVED
PA: PITTSBURGH,06/20/2015 16:30:00,,2383.00,1628.00,468.00,279.00,158.00,194.00,130.00,62.00,APPROVED
PA: PITTSBURGH,06/20/2015 17:30:00,,2366.00,1593.00,457.00,268.00,156.00,184.00,129.00,61.00,APPROVED
PA: PITTSBURGH,06/20/2015 18:31:00,,2393.00,1623.00,455.00,270.00,158.00,190.00,125.00,60.00,APPROVED
PA: PITTSBURGH,06/20/2015 19:31:00,,2339.00,1570.00,447.00,266.00,156.00,183.00,128.00,63.00,APPROVED
PA: PITTSBURGH,06/20/2015 20:31:00,,2268.00,1515.00,442.00,252.00,150.00,177.00,121.00,61.00,APPROVED
PA: PITTSBURGH,06/20/2015 21:31:00,,2273.00,1513.00,436.00,250.00,150.00,177.00,123.00,61.00,APPROVED
PA: PITTSBURGH,06/20/2015 22:31:00,,2654.00,1867.00,510.00,310.00,174.00,208.00,138.00,66.00,APPROVED
PA: PITTSBURGH,06/20/2015 23:32:00,,3384.00,2568.00,677.00,458.00,223.00,284.00,173.00,76.00,APPROVED
PA: PITTSBURGH,06/21/2015 00:32:00,,3000.00,2196.00,598.00,389.00,197.00,246.00,155.00,72.00,APPROVED
PA: PITTSBURGH,06/21/2015 01:32:00,,2642.00,1849.00,505.00,313.00,171.00,207.00,136.00,64.00,APPROVED
PA: PITTSBURGH,06/21/2015 02:32:00,,2258.00,1478.00,436.00,242.00,149.00,176.00,120.00,60.00,APPROVED
PA: PITTSBURGH,06/21/2015 03:32:00,,2105.00,1372.00,421.00,225.00,143.00,171.00,118.00,58.00,APPROVED
PA: PITTSBURGH,06/21/2015 04:33:00,,2077.00,1359.00,421.00,228.00,145.00,172.00,121.00,60.00,APPROVED
PA: PITTSBURGH,06/21/2015 05:33:00,,2127.00,1400.00,434.00,236.00,148.00,176.00,121.00,61.00,APPROVED
PA: PITTSBURGH,06/21/2015 06:33:00,,2186.00,1491.00,457.00,264.00,157.00,194.00,129.00,62.00,APPROVED
PA: PITTSBURGH,06/21/2015 07:33:00,,2162.00,1491.00,466.00,265.00,158.00,198.00,132.00,62.00,APPROVED
PA: PITTSBURGH,06/21/2015 08:33:00,,2125.00,1450.00,448.00,253.00,157.00,190.00,128.00,62.00,APPROVED
PA: PITTSBURGH,06/21/2015 09:34:00,,2107.00,1407.00,441.00,246.00,151.00,183.00,127.00,60.00,APPROVED
PA: PITTSBURGH,06/21/2015 10:34:00,,2099.00,1386.00,435.00,239.00,150.00,182.00,125.00,60.00,APPROVED
PA: PITTSBURGH,06/21/2015 11:34:00,,2085.00,1372.00,429.00,236.00,151.00,181.00,121.00,60.00,APPROVED
PA: PITTSBURGH,06/21/2015 12:34:00,,2069.00,1362.00,430.00,234.00,150.00,175.00,122.00,60.00,APPROVED
PA: PITTSBURGH,06/21/2015 13:34:00,,2214.00,1482.00,439.00,249.00,153.00,179.00,125.00,61.00,APPROVED
PA: PITTSBURGH,06/21/2015 14:35:00,,2355.00,1577.00,442.00,260.00,154.00,182.00,123.00,58.00,APPROVED
PA: PITTSBURGH,06/21/2015 15:35:00,,2377.00,1583.00,449.00,259.00,155.00,182.00,125.00,61.00,APPROVED
PA: PITTSBURGH,06/21/2015 16:35:00,,2299.00,1549.00,442.00,256.00,151.00,179.00,122.00,61.00,APPROVED
PA: PITTSBURGH,06/21/2015 17:35:00,,2214.00,1479.00,430.00,246.00,151.00,177.00,124.00,62.00,APPROVED
PA: PITTSBURGH,06/21/2015 18:35:00,,2156.00,1433.00,422.00,238.00,148.00,175.00,122.00,62.00,APPROVED
PA: PITTSBURGH,06/21/2015 19:36:00,,2117.00,1402.00,419.00,235.00,145.00,173.00,119.00,60.00,APPROVED
PA: PITTSBURGH,06/21/2015 20:36:00,,2079.00,1376.00,411.00,228.00,144.00,170.00,119.00,59.00,APPROVED
PA: PITTSBURGH,06/21/2015 21:36:00,,2100.00,1374.00,410.00,226.00,144.00,167.00,118.00,58.00,APPROVED
PA: PITTSBURGH,06/21/2015 22:36:00,,2137.00,1399.00,419.00,234.00,145.00,169.00,119.00,60.00,APPROVED
PA: PITTSBURGH,06/21/2015 23:36:00,,2158.00,1417.00,419.00,231.00,147.00,170.00,118.00,60.00,APPROVED
PA: PITTSBURGH,06/22/2015 00:37:00,,2232.00,1469.00,421.00,235.00,144.00,169.00,118.00,59.00,APPROVED
PA: PITTSBURGH,06/22/2015 01:37:00,,2282.00,1476.00,425.00,238.00,147.00,167.00,120.00,59.00,APPROVED
PA: PITTSBURGH,06/22/2015 02:37:00,,2312.00,1515.00,430.00,238.00,148.00,172.00,121.00,59.00,APPROVED
PA: PITTSBURGH,06/22/2015 03:37:00,,2347.00,1550.00,440.00,241.00,151.00,173.00,118.00,62.00,APPROVED
PA: PITTSBURGH,06/22/2015 04:37:00,,2410.00,1605.00,450.00,256.00,155.00,178.00,123.00,59.00,APPROVED
PA: PITTSBURGH,06/22/2015 05:38:00,,2477.00,1669.00,454.00,269.00,158.00,184.00,126.00,61.00,APPROVED
PA: PITTSBURGH,06/22/2015 06:38:00,,2502.00,1703.00,475.00,278.00,163.00,191.00,127.00,61.00,APPROVED
PA: PITTSBURGH,06/22/2015 07:38:00,,2340.00,1600.00,469.00,275.00,160.00,197.00,129.00,63.00,APPROVED
PA: PITTSBURGH,06/22/2015 08:38:00,,2253.00,1532.00,469.00,267.00,162.00,191.00,130.00,62.00,APPROVED
PA: PITTSBURGH,06/22/2015 09:38:00,,2259.00,1534.00,462.00,262.00,159.00,192.00,129.00,64.00,APPROVED
PA: PITTSBURGH,06/22/2015 10:39:00,,2280.00,1561.00,475.00,266.00,159.00,195.00,130.00,62.00,APPROVED
PA: PITTSBURGH,06/22/2015 11:39:00,,2275.00,1556.00,472.00,263.00,158.00,194.00,130.00,62.00,APPROVED
PA: PITTSBURGH,06/22/2015 12:39:00,,2197.00,1476.00,458.00,256.00,155.00,191.00,125.00,61.00,APPROVED
PA: PITTSBURGH,06/22/2015 13:39:00,,2152.00,1421.00,442.00,244.00,154.00,180.00,124.00,60.00,APPROVED
PA: PITTSBURGH,06/22/2015 14:39:00,,2179.00,1451.00,430.00,245.00,150.00,175.00,125.00,60.00,APPROVED
PA: PITTSBURGH,06/22/2015 16:02:00,,2181.00,1426.00,412.00,224.00,145.00,167.00,114.00,59.00,APPROVED
PA: PITTSBURGH,06/22/2015 17:02:00,,2124.00,1402.00,413.00,235.00,145.00,169.00,119.00,59.00,APPROVED
PA: PITTSBURGH,06/22/2015 18:02:00,,2093.00,1377.00,417.00,233.00,146.00,172.00,120.00,59.00,APPROVED
PA: PITTSBURGH,06/22/2015 19:02:00,,2060.00,1359.00,415.00,229.00,146.00,174.00,120.00,60.00,APPROVED
PA: PITTSBURGH,06/22/2015 20:03:00,,2054.00,1351.00,414.00,228.00,146.00,172.00,118.00,59.00,APPROVED
PA: PITTSBURGH,06/22/2015 21:03:00,,2076.00,1352.00,411.00,231.00,146.00,171.00,121.00,60.00,APPROVED
PA: PITTSBURGH,06/22/2015 22:03:00,,2095.00,1384.00,417.00,233.00,148.00,176.00,122.00,58.00,APPROVED
PA: PITTSBURGH,06/22/2015 23:03:00,,2108.00,1385.00,416.00,239.00,147.00,174.00,122.00,59.00,APPROVED
PA: PITTSBURGH,06/23/2015 00:03:00,,2154.00,1425.00,428.00,243.00,150.00,176.00,122.00,58.00,APPROVED
PA: PITTSBURGH,06/23/2015 01:04:00,,2199.00,1463.00,434.00,249.00,150.00,177.00,122.00,61.00,APPROVED
PA: PITTSBURGH,06/23/2015 02:04:00,,2252.00,1510.00,440.00,252.00,154.00,184.00,127.00,61.00,APPROVED
PA: PITTSBURGH,06/23/2015 03:04:00,,2296.00,1549.00,447.00,262.00,155.00,183.00,127.00,61.00,APPROVED
PA: PITTSBURGH,06/23/2015 04:04:00,,2331.00,1583.00,456.00,269.00,159.00,190.00,126.00,61.00,APPROVED
PA: PITTSBURGH,06/23/2015 05:04:00,,2356.00,1608.00,461.00,272.00,162.00,192.00,129.00,62.00,APPROVED
PA: PITTSBURGH,06/23/2015 06:05:00,,2373.00,1615.00,464.00,276.00,160.00,191.00,129.00,62.00,APPROVED
PA: PITTSBURGH,06/23/2015 07:05:00,,2366.00,1617.00,461.00,279.00,162.00,194.00,132.00,62.00,APPROVED
PA: PITTSBURGH,06/23/2015 08:05:00,,2369.00,1619.00,460.00,275.00,161.00,192.00,130.00,63.00,APPROVED
PA: PITTSBURGH,06/23/2015 09:05:00,,2349.00,1587.00,452.00,270.00,162.00,192.00,130.00,64.00,APPROVED
PA: PITTSBURGH,06/23/2015 10:05:00,,2322.00,1580.00,452.00,269.00,159.00,186.00,128.00,62.00,APPROVED
PA: PITTSBURGH,06/23/2015 11:06:00,,2323.00,1576.00,457.00,264.00,158.00,187.00,128.00,62.00,APPROVED
PA: PITTSBURGH,06/23/2015 12:06:00,,2319.00,1582.00,455.00,265.00,156.00,187.00,128.00,62.00,APPROVED
PA: PITTSBURGH,06/23/2015 13:06:00,,2330.00,1568.00,455.00,268.00,158.00,189.00,128.00,63.00,APPROVED
PA: PITTSBURGH,06/23/2015 14:06:00,,2294.00,1559.00,453.00,272.00,159.00,190.00,129.00,64.00,APPROVED
PA: PITTSBURGH,06/23/2015 15:06:00,,2280.00,1551.00,458.00,268.00,161.00,188.00,129.00,62.00,APPROVED
PA: PITTSBURGH,06/23/2015 16:07:00,,2277.00,1556.00,452.00,269.00,160.00,189.00,131.00,63.00,APPROVED
PA: PITTSBURGH,06/23/2015 17:07:00,,2267.00,1537.00,448.00,267.00,160.00,189.00,128.00,61.00,APPROVED
PA: PITTSBURGH,06/23/2015 18:07:00,,2202.00,1504.00,448.00,260.00,158.00,186.00,127.00,65.00,APPROVED
PA: PITTSBURGH,06/23/2015 19:27:00,,2637.00,1885.00,534.00,333.00,183.00,222.00,146.00,69.00,APPROVED
PA: PITTSBURGH,06/23/2015 20:27:00,,2317.00,1568.00,471.00,269.00,162.00,194.00,131.00,62.00,APPROVED
PA: PITTSBURGH,06/23/2015 21:27:00,,2214.00,1479.00,436.00,250.00,150.00,182.00,126.00,62.00,APPROVED
PA: PITTSBURGH,06/23/2015 22:27:00,,2097.00,1372.00,412.00,232.00,144.00,169.00,120.00,59.00,APPROVED
PA: PITTSBURGH,06/23/2015 23:28:00,,2066.00,1351.00,404.00,223.00,141.00,163.00,118.00,58.00,APPROVED
PA: PITTSBURGH,06/24/2015 00:28:00,,2167.00,1405.00,411.00,223.00,143.00,164.00,116.00,58.00,APPROVED
PA: PITTSBURGH,06/24/2015 01:28:00,,2223.00,1441.00,416.00,224.00,142.00,163.00,117.00,59.00,APPROVED
PA: PITTSBURGH,06/24/2015 02:28:00,,2287.00,1489.00,423.00,229.00,141.00,164.00,115.00,57.00,APPROVED
PA: PITTSBURGH,06/24/2015 03:28:00,,2336.00,1519.00,424.00,230.00,147.00,168.00,115.00,60.00,APPROVED
PA: PITTSBURGH,06/24/2015 04:29:00,,2408.00,1568.00,430.00,243.00,147.00,169.00,118.00,59.00,APPROVED
PA: PITTSBURGH,06/24/2015 05:29:00,,2244.00,1452.00,429.00,230.00,146.00,169.00,116.00,59.00,APPROVED
PA: PITTSBURGH,06/24/2015 06:29:00,,2124.00,1383.00,430.00,231.00,146.00,173.00,116.00,58.00,APPROVED
PA: PITTSBURGH,06/24/2015 07:29:00,,2122.00,1391.00,435.00,226.00,148.00,176.00,118.00,60.00,APPROVED
PA: PITTSBURGH,06/24/2015 08:29:00,,2152.00,1417.00,440.00,234.00,150.00,182.00,120.00,60.00,APPROVED
PA: PITTSBURGH,06/24/2015 09:30:00,,2174.00,1448.00,449.00,238.00,150.00,181.00,122.00,59.00,APPROVED
PA: PITTSBURGH,06/24/2015 10:30:00,,2205.00,1478.00,455.00,241.00,153.00,185.00,121.00,58.00,APPROVED
PA: PITTSBURGH,06/24/2015 11:30:00,,2243.00,1508.00,462.00,251.00,154.00,193.00,122.00,61.00,APPROVED
PA: PITTSBURGH,06/24/2015 12:30:00,,2227.00,1508.00,474.00,256.00,160.00,199.00,127.00,62.00,APPROVED
PA: PITTSBURGH,06/24/2015 13:30:00,,2103.00,1393.00,451.00,232.00,151.00,181.00,124.00,61.00,APPROVED
PA: PITTSBURGH,06/24/2015 14:31:00,,2220.00,1470.00,431.00,239.00,147.00,178.00,120.00,59.00,APPROVED
PA: PITTSBURGH,06/24/2015 15:31:00,,2271.00,1484.00,429.00,235.00,143.00,169.00,116.00,57.00,APPROVED
PA: PITTSBURGH,06/24/2015 16:31:00,,2225.00,1442.00,414.00,232.00,144.00,168.00,119.00,57.00,APPROVED
PA: PITTSBURGH,06/24/2015 17:31:00,,2156.00,1404.00,410.00,223.00,143.00,166.00,118.00,59.00,APPROVED
PA: PITTSBURGH,06/24/2015 18:31:00,,2110.00,1368.00,411.00,222.00,143.00,167.00,118.00,60.00,APPROVED
PA: PITTSBURGH,06/24/2015 19:32:00,,2082.00,1359.00,408.00,223.00,143.00,161.00,119.00,59.00,APPROVED
PA: PITTSBURGH,06/24/2015 20:32:00,,2070.00,1346.00,405.00,218.00,142.00,163.00,116.00,57.00,APPROVED
PA: PITTSBURGH,06/24/2015 21:32:00,,2114.00,1374.00,415.00,224.00,144.00,166.00,117.00,61.00,APPROVED
PA: PITTSBURGH,06/24/2015 22:32:00,,2144.00,1393.00,413.00,228.00,145.00,164.00,114.00,59.00,APPROVED
PA: PITTSBURGH,06/24/2015 23:32:00,,2176.00,1424.00,416.00,228.00,144.00,167.00,117.00,57.00,APPROVED
PA: PITTSBURGH,06/25/2015 00:33:00,,2213.00,1449.00,420.00,233.00,146.00,168.00,120.00,62.00,APPROVED
PA: PITTSBURGH,06/25/2015 01:33:00,,2280.00,1508.00,426.00,239.00,148.00,170.00,119.00,59.00,APPROVED
PA: PITTSBURGH,06/25/2015 02:33:00,,2380.00,1580.00,441.00,247.00,151.00,177.00,122.00,58.00,APPROVED
PA: PITTSBURGH,06/25/2015 03:33:00,,2463.00,1642.00,454.00,262.00,157.00,182.00,126.00,60.00,APPROVED
PA: PITTSBURGH,06/25/2015 04:33:00,,2537.00,1723.00,475.00,277.00,162.00,190.00,130.00,61.00,APPROVED
PA: PITTSBURGH,06/25/2015 05:34:00,,2594.00,1783.00,487.00,293.00,169.00,199.00,132.00,63.00,APPROVED
PA: PITTSBURGH,06/25/2015 06:34:00,,2580.00,1782.00,490.00,296.00,169.00,201.00,135.00,63.00,APPROVED
PA: PITTSBURGH,06/25/2015 07:34:00,,2358.00,1611.00,486.00,277.00,163.00,200.00,132.00,61.00,APPROVED
PA: PITTSBURGH,06/25/2015 08:34:00,,2296.00,1558.00,484.00,270.00,162.00,198.00,129.00,61.00,APPROVED
PA: PITTSBURGH,06/25/2015 09:34:00,,2309.00,1584.00,487.00,271.00,167.00,204.00,135.00,62.00,APPROVED
PA: PITTSBURGH,06/25/2015 10:35:00,,2310.00,1580.00,487.00,271.00,162.00,204.00,131.00,63.00,APPROVED
PA: PITTSBURGH,06/25/2015 11:35:00,,2318.00,1596.00,493.00,271.00,164.00,207.00,132.00,64.00,APPROVED
PA: PITTSBURGH,06/25/2015 12:35:00,,2313.00,1603.00,497.00,274.00,167.00,206.00,136.00,64.00,APPROVED
PA: PITTSBURGH,06/25/2015 13:35:00,,2290.00,1583.00,494.00,277.00,165.00,208.00,135.00,65.00,APPROVED
PA: PITTSBURGH,06/25/2015 14:35:00,,2331.00,1604.00,488.00,280.00,170.00,203.00,135.00,64.00,APPROVED
PA: PITTSBURGH,06/25/2015 15:36:00,,2521.00,1745.00,490.00,302.00,170.00,204.00,137.00,67.00,APPROVED
PA: PITTSBURGH,06/25/2015 16:36:00,,2522.00,1752.00,494.00,302.00,167.00,204.00,138.00,65.00,APPROVED
PA: PITTSBURGH,06/25/2015 17:36:00,,2454.00,1707.00,488.00,299.00,168.00,204.00,137.00,65.00,APPROVED
PA: PITTSBURGH,06/25/2015 18:36:00,,2484.00,1736.00,485.00,299.00,166.00,201.00,135.00,64.00,APPROVED
PA: PITTSBURGH,06/25/2015 19:37:00,,2571.00,1801.00,502.00,308.00,168.00,202.00,135.00,66.00,APPROVED
PA: PITTSBURGH,06/25/2015 20:37:00,,2608.00,1818.00,500.00,303.00,169.00,204.00,137.00,65.00,APPROVED
PA: PITTSBURGH,06/25/2015 21:37:00,,2554.00,1771.00,483.00,294.00,164.00,197.00,134.00,65.00,APPROVED
PA: PITTSBURGH,06/25/2015 22:37:00,,2734.00,1957.00,532.00,328.00,177.00,216.00,138.00,67.00,APPROVED
PA: PITTSBURGH,06/25/2015 23:37:00,,2453.00,1690.00,514.00,289.00,169.00,210.00,137.00,65.00,APPROVED
PA: PITTSBURGH,06/26/2015 00:38:00,,2159.00,1421.00,447.00,237.00,154.00,181.00,124.00,60.00,APPROVED
PA: PITTSBURGH,06/26/2015 01:38:00,,2068.00,1313.00,425.00,221.00,143.00,169.00,116.00,58.00,APPROVED
PA: PITTSBURGH,06/26/2015 02:38:00,,2043.00,1322.00,422.00,213.00,145.00,167.00,116.00,57.00,APPROVED
PA: PITTSBURGH,06/26/2015 03:38:00,,2068.00,1332.00,424.00,219.00,144.00,173.00,116.00,60.00,APPROVED
PA: PITTSBURGH,06/26/2015 04:38:00,,2084.00,1360.00,433.00,226.00,148.00,175.00,119.00,60.00,APPROVED
PA: PITTSBURGH,06/26/2015 05:39:00,,2120.00,1397.00,441.00,233.00,150.00,183.00,121.00,59.00,APPROVED
PA: PITTSBURGH,06/26/2015 06:39:00,,2131.00,1404.00,442.00,237.00,148.00,181.00,122.00,60.00,APPROVED
PA: PITTSBURGH,06/26/2015 07:39:00,,2156.00,1439.00,453.00,240.00,155.00,186.00,123.00,61.00,APPROVED
PA: PITTSBURGH,06/26/2015 08:39:00,,2186.00,1467.00,465.00,249.00,158.00,190.00,125.00,61.00,APPROVED
PA: PITTSBURGH,06/26/2015 09:39:00,,2219.00,1485.00,466.00,253.00,158.00,194.00,128.00,62.00,APPROVED
PA: PITTSBURGH,06/26/2015 10:40:00,,2227.00,1519.00,474.00,261.00,163.00,200.00,132.00,62.00,APPROVED
PA: PITTSBURGH,06/26/2015 11:40:00,,2227.00,1529.00,486.00,263.00,164.00,201.00,133.00,64.00,APPROVED
PA: PITTSBURGH,06/26/2015 12:40:00,,2203.00,1515.00,487.00,265.00,164.00,202.00,131.00,62.00,APPROVED
PA: PITTSBURGH,06/26/2015 13:40:00,,2283.00,1569.00,474.00,276.00,160.00,200.00,132.00,62.00,APPROVED
PA: PITTSBURGH,06/26/2015 14:40:00,,2465.00,1731.00,480.00,299.00,164.00,204.00,133.00,63.00,APPROVED
PA: PITTSBURGH,06/26/2015 15:41:00,,2453.00,1683.00,472.00,286.00,163.00,194.00,132.00,63.00,APPROVED
PA: PITTSBURGH,06/26/2015 16:41:00,,2327.00,1585.00,454.00,273.00,160.00,189.00,129.00,62.00,APPROVED
PA: PITTSBURGH,06/26/2015 17:41:00,,2272.00,1525.00,446.00,264.00,153.00,183.00,126.00,62.00,APPROVED
PA: PITTSBURGH,06/26/2015 18:41:00,,2228.00,1507.00,435.00,253.00,154.00,184.00,125.00,62.00,APPROVED
PA: PITTSBURGH,06/26/2015 19:41:00,,2156.00,1446.00,436.00,255.00,152.00,181.00,124.00,61.00,APPROVED
PA: PITTSBURGH,06/26/2015 20:42:00,,2165.00,1454.00,435.00,252.00,154.00,182.00,126.00,62.00,APPROVED
PA: PITTSBURGH,06/26/2015 21:42:00,,2219.00,1497.00,434.00,259.00,156.00,181.00,131.00,60.00,APPROVED
PA: PITTSBURGH,06/26/2015 22:42:00,,2265.00,1522.00,444.00,254.00,153.00,184.00,125.00,62.00,APPROVED
PA: PITTSBURGH,06/26/2015 23:26:00,,2288.00,1526.00,446.00,255.00,149.00,180.00,125.00,59.00,APPROVED
PA: PITTSBURGH,06/27/2015 00:27:00,,2317.00,1540.00,439.00,252.00,154.00,179.00,127.00,60.00,APPROVED
PA: PITTSBURGH,06/27/2015 01:28:00,,2366.00,1586.00,451.00,261.00,153.00,183.00,127.00,62.00,APPROVED
PA: PITTSBURGH,06/27/2015 02:28:00,,2387.00,1604.00,455.00,265.00,159.00,185.00,127.00,62.00,APPROVED
PA: PITTSBURGH,06/27/2015 03:28:00,,2404.00,1628.00,461.00,270.00,159.00,189.00,127.00,61.00,APPROVED
PA: PITTSBURGH,06/27/2015 04:28:00,,2428.00,1661.00,464.00,276.00,162.00,188.00,130.00,60.00,APPROVED
PA: PITTSBURGH,06/27/2015 05:28:00,,2494.00,1701.00,469.00,286.00,162.00,191.00,131.00,62.00,APPROVED
PA: PITTSBURGH,06/27/2015 06:29:00,,2555.00,1764.00,483.00,294.00,166.00,199.00,132.00,63.00,APPROVED
PA: PITTSBURGH,06/27/2015 07:29:00,,2634.00,1822.00,501.00,305.00,168.00,205.00,136.00,64.00,APPROVED
PA: PITTSBURGH,06/27/2015 08:29:00,,2579.00,1806.00,521.00,312.00,175.00,212.00,135.00,65.00,APPROVED
PA: PITTSBURGH,06/27/2015 09:29:00,,2509.00,1756.00,531.00,307.00,180.00,219.00,140.00,66.00,APPROVED
PA: PITTSBURGH,06/27/2015 10:29:00,,2514.00,1764.00,550.00,304.00,177.00,230.00,144.00,65.00,APPROVED
PA: PITTSBURGH,06/27/2015 11:30:00,,2278.00,1553.00,492.00,269.00,163.00,201.00,130.00,61.00,APPROVED
PA: PITTSBURGH,06/27/2015 12:30:00,,2246.00,1517.00,483.00,259.00,163.00,196.00,128.00,63.00,APPROVED
PA: PITTSBURGH,06/27/2015 13:30:00,,2327.00,1583.00,504.00,270.00,165.00,208.00,131.00,62.00,APPROVED
PA: PITTSBURGH,06/27/2015 14:30:00,,2494.00,1745.00,540.00,297.00,174.00,226.00,140.00,65.00,APPROVED
PA: PITTSBURGH,06/27/2015 15:30:00,,2960.00,2194.00,650.00,372.00,205.00,266.00,162.00,71.00,APPROVED
PA: PITTSBURGH,06/27/2015 16:31:00,,2892.00,2122.00,655.00,381.00,209.00,273.00,167.00,72.00,APPROVED
PA: PITTSBURGH,06/27/2015 17:31:00,,2641.00,1865.00,577.00,327.00,188.00,237.00,148.00,67.00,APPROVED
PA: PITTSBURGH,06/27/2015 18:31:00,,2254.00,1498.00,477.00,259.00,155.00,193.00,126.00,59.00,APPROVED
PA: PITTSBURGH,06/27/2015 19:31:00,,2311.00,1537.00,451.00,250.00,153.00,180.00,123.00,60.00,APPROVED
PA: PITTSBURGH,06/27/2015 20:31:00,,2428.00,1639.00,457.00,271.00,155.00,189.00,126.00,62.00,APPROVED
PA: PITTSBURGH,06/27/2015 21:32:00,,2414.00,1637.00,462.00,276.00,158.00,192.00,128.00,61.00,APPROVED
PA: PITTSBURGH,06/27/2015 22:32:00,,2597.00,1808.00,498.00,311.00,170.00,205.00,136.00,65.00,APPROVED
PA: PITTSBURGH,06/27/2015 23:32:00,,2503.00,1712.00,476.00,287.00,163.00,193.00,127.00,62.00,APPROVED
PA: PITTSBURGH,06/28/2015 00:32:00,,2397.00,1596.00,444.00,259.00,153.00,180.00,125.00,60.00,APPROVED
PA: PITTSBURGH,06/28/2015 01:32:00,,2365.00,1560.00,436.00,243.00,150.00,172.00,119.00,60.00,APPROVED
PA: PITTSBURGH,06/28/2015 02:33:00,,2123.00,1365.00,419.00,222.00,141.00,166.00,115.00,59.00,APPROVED
PA: PITTSBURGH,06/28/2015 03:33:00,,2029.00,1293.00,409.00,216.00,140.00,164.00,112.00,56.00,APPROVED
PA: PITTSBURGH,06/28/2015 04:33:00,,2034.00,1295.00,407.00,210.00,139.00,164.00,114.00,60.00,APPROVED
PA: PITTSBURGH,06/28/2015 05:33:00,,2059.00,1308.00,408.00,212.00,139.00,164.00,113.00,56.00,APPROVED
PA: PITTSBURGH,06/28/2015 06:33:00,,2085.00,1340.00,409.00,214.00,140.00,162.00,112.00,56.00,APPROVED
PA: PITTSBURGH,06/28/2015 07:34:00,,2110.00,1348.00,415.00,219.00,144.00,166.00,112.00,57.00,APPROVED
PA: PITTSBURGH,06/28/2015 08:34:00,,2169.00,1395.00,424.00,222.00,145.00,166.00,115.00,57.00,APPROVED
PA: PITTSBURGH,06/28/2015 09:34:00,,2243.00,1460.00,438.00,236.00,150.00,176.00,119.00,58.00,APPROVED
PA: PITTSBURGH,06/28/2015 10:34:00,,2409.00,1599.00,470.00,258.00,159.00,187.00,123.00,61.00,APPROVED
PA: PITTSBURGH,06/28/2015 11:34:00,,2416.00,1602.00,468.00,256.00,156.00,188.00,122.00,60.00,APPROVED
PA: PITTSBURGH,06/28/2015 12:35:00,,2333.00,1523.00,453.00,241.00,150.00,178.00,116.00,59.00,APPROVED
PA: PITTSBURGH,06/28/2015 13:35:00,,2308.00,1523.00,449.00,244.00,150.00,177.00,119.00,59.00,APPROVED
PA: PITTSBURGH,06/28/2015 14:35:00,,2234.00,1443.00,429.00,230.00,146.00,173.00,117.00,60.00,APPROVED
PA: PITTSBURGH,06/28/2015 15:35:00,,2210.00,1433.00,429.00,228.00,143.00,170.00,118.00,58.00,APPROVED
PA: PITTSBURGH,06/28/2015 16:35:00,,2077.00,1344.00,417.00,216.00,141.00,168.00,114.00,57.00,APPROVED
PA: PITTSBURGH,06/28/2015 17:36:00,,2051.00,1304.00,406.00,212.00,137.00,161.00,112.00,58.00,APPROVED
PA: PITTSBURGH,06/28/2015 18:36:00,,2035.00,1288.00,405.00,208.00,143.00,158.00,111.00,57.00,APPROVED
PA: PITTSBURGH,06/28/2015 19:36:00,,2017.00,1279.00,400.00,208.00,137.00,157.00,111.00,55.00,APPROVED
PA: PITTSBURGH,06/28/2015 20:36:00,,2021.00,1276.00,402.00,205.00,138.00,161.00,112.00,57.00,APPROVED
PA: PITTSBURGH,06/28/2015 21:36:00,,2009.00,1277.00,397.00,205.00,138.00,159.00,110.00,56.00,APPROVED
PA: PITTSBURGH,06/28/2015 22:37:00,,2044.00,1288.00,399.00,202.00,139.00,158.00,111.00,57.00,APPROVED
PA: PITTSBURGH,06/28/2015 23:37:00,,2040.00,1290.00,398.00,203.00,138.00,161.00,113.00,57.00,APPROVED
PA: PITTSBURGH,06/29/2015 00:37:00,,2023.00,1283.00,396.00,208.00,138.00,159.00,109.00,57.00,APPROVED
PA: PITTSBURGH,06/29/2015 01:37:00,,2038.00,1279.00,398.00,203.00,140.00,160.00,112.00,57.00,APPROVED
PA: PITTSBURGH,06/29/2015 02:37:00,,2061.00,1301.00,398.00,206.00,140.00,157.00,108.00,56.00,APPROVED
PA: PITTSBURGH,06/29/2015 03:38:00,,2094.00,1316.00,403.00,208.00,138.00,159.00,110.00,59.00,APPROVED
PA: PITTSBURGH,06/29/2015 04:38:00,,2114.00,1351.00,403.00,209.00,138.00,159.00,110.00,55.00,APPROVED
PA: PITTSBURGH,06/29/2015 05:38:00,,2132.00,1347.00,410.00,211.00,139.00,161.00,108.00,56.00,APPROVED
PA: PITTSBURGH,06/29/2015 06:38:00,,2173.00,1387.00,418.00,216.00,142.00,162.00,111.00,57.00,APPROVED
PA: PITTSBURGH,06/29/2015 07:38:00,,2233.00,1442.00,429.00,227.00,144.00,171.00,114.00,58.00,APPROVED
PA: PITTSBURGH,06/29/2015 08:39:00,,2312.00,1497.00,443.00,236.00,148.00,176.00,116.00,59.00,APPROVED
PA: PITTSBURGH,06/29/2015 09:39:00,,2361.00,1535.00,450.00,242.00,152.00,181.00,117.00,58.00,APPROVED
PA: PITTSBURGH,06/29/2015 10:39:00,,2379.00,1575.00,460.00,251.00,156.00,185.00,122.00,60.00,APPROVED
PA: PITTSBURGH,06/29/2015 11:39:00,,2378.00,1588.00,467.00,254.00,154.00,189.00,122.00,60.00,APPROVED
PA: PITTSBURGH,06/29/2015 12:58:00,,2327.00,1477.00,425.00,220.00,145.00,166.00,109.00,55.00,APPROVED
PA: PITTSBURGH,06/29/2015 13:58:00,,2250.00,1442.00,421.00,224.00,144.00,165.00,115.00,58.00,APPROVED
PA: PITTSBURGH,06/29/2015 14:58:00,,2108.00,1359.00,408.00,218.00,141.00,164.00,112.00,56.00,APPROVED
PA: PITTSBURGH,06/29/2015 15:58:00,,2073.00,1317.00,403.00,216.00,138.00,162.00,114.00,58.00,APPROVED
PA: PITTSBURGH,06/29/2015 16:58:00,,2172.00,1403.00,406.00,221.00,142.00,161.00,116.00,56.00,APPROVED
PA: PITTSBURGH,06/29/2015 17:59:00,,2152.00,1389.00,408.00,223.00,144.00,166.00,117.00,56.00,APPROVED
PA: PITTSBURGH,06/29/2015 18:59:00,,2175.00,1397.00,408.00,222.00,140.00,161.00,115.00,58.00,APPROVED
PA: PITTSBURGH,06/29/2015 19:59:00,,2283.00,1503.00,428.00,239.00,145.00,167.00,118.00,59.00,APPROVED
PA: PITTSBURGH,06/29/2015 20:59:00,,2459.00,1639.00,459.00,257.00,157.00,180.00,125.00,58.00,APPROVED
PA: PITTSBURGH,06/29/2015 21:59:00,,2385.00,1565.00,451.00,252.00,153.00,179.00,119.00,60.00,APPROVED
PA: PITTSBURGH,06/29/2015 23:00:00,,2209.00,1436.00,432.00,232.00,150.00,172.00,119.00,58.00,APPROVED
PA: PITTSBURGH,06/30/2015 00:00:00,,2190.00,1422.00,437.00,228.00,146.00,172.00,118.00,57.00,APPROVED
PA: PITTSBURGH,06/30/2015 01:00:00,,2340.00,1574.00,468.00,262.00,157.00,188.00,126.00,62.00,APPROVED
PA: PITTSBURGH,06/30/2015 02:00:00,,2433.00,1657.00,492.00,278.00,166.00,198.00,130.00,63.00,APPROVED
PA: PITTSBURGH,06/30/2015 03:00:00,,2485.00,1685.00,496.00,283.00,167.00,204.00,135.00,63.00,APPROVED
PA: PITTSBURGH,06/30/2015 04:01:00,,2348.00,1551.00,452.00,252.00,151.00,181.00,120.00,60.00,APPROVED
PA: PITTSBURGH,06/30/2015 05:01:00,,2429.00,1621.00,476.00,264.00,158.00,188.00,125.00,61.00,APPROVED
PA: PITTSBURGH,06/30/2015 06:01:00,,2323.00,1516.00,445.00,246.00,149.00,176.00,119.00,59.00,APPROVED
PA: PITTSBURGH,06/30/2015 07:01:00,,2499.00,1702.00,486.00,277.00,161.00,196.00,127.00,61.00,APPROVED
PA: PITTSBURGH,06/30/2015 08:01:00,,2389.00,1578.00,459.00,257.00,157.00,185.00,123.00,60.00,APPROVED
PA: PITTSBURGH,06/30/2015 09:02:00,,2293.00,1510.00,443.00,244.00,150.00,179.00,119.00,60.00,APPROVED
PA: PITTSBURGH,06/30/2015 10:02:00,,2278.00,1484.00,438.00,236.00,148.00,176.00,119.00,57.00,APPROVED
PA: PITTSBURGH,06/30/2015 11:02:00,,2251.00,1472.00,436.00,237.00,148.00,176.00,117.00,61.00,APPROVED
PA: PITTSBURGH,06/30/2015 12:02:00,,2248.00,1481.00,436.00,246.00,152.00,176.00,120.00,58.00,APPROVED
PA: PITTSBURGH,06/30/2015 13:02:00,,2215.00,1474.00,444.00,246.00,150.00,180.00,123.00,59.00,APPROVED
PA: PITTSBURGH,06/30/2015 14:03:00,,2162.00,1424.00,436.00,238.00,151.00,176.00,121.00,58.00,APPROVED
PA: PITTSBURGH,06/30/2015 15:03:00,,2105.00,1384.00,419.00,233.00,148.00,175.00,119.00,60.00,APPROVED
PA: PITTSBURGH,06/30/2015 16:03:00,,2093.00,1370.00,425.00,228.00,146.00,174.00,120.00,60.00,APPROVED
PA: PITTSBURGH,06/30/2015 17:03:00,,2062.00,1364.00,426.00,230.00,147.00,177.00,120.00,60.00,APPROVED
PA: PITTSBURGH,06/30/2015 18:04:00,,2170.00,1440.00,434.00,244.00,149.00,179.00,122.00,60.00,APPROVED
PA: PITTSBURGH,06/30/2015 19:04:00,,2220.00,1480.00,430.00,246.00,153.00,175.00,122.00,60.00,APPROVED
PA: PITTSBURGH,06/30/2015 20:04:00,,2316.00,1563.00,440.00,261.00,153.00,178.00,123.00,60.00,APPROVED
PA: PITTSBURGH,06/30/2015 21:04:00,,2412.00,1617.00,455.00,259.00,153.00,183.00,124.00,61.00,APPROVED
PA: PITTSBURGH,06/30/2015 22:04:00,,2372.00,1583.00,444.00,255.00,154.00,178.00,122.00,60.00,APPROVED
PA: PITTSBURGH,06/30/2015 23:05:00,,2599.00,1812.00,495.00,297.00,167.00,202.00,130.00,63.00,APPROVED
PA: PITTSBURGH,07/01/2015 00:05:00,,2628.00,1830.00,528.00,311.00,173.00,212.00,136.00,65.00,APPROVED
PA: PITTSBURGH,07/01/2015 01:05:00,,2303.00,1529.00,453.00,257.00,155.00,181.00,121.00,59.00,APPROVED
PA: PITTSBURGH,07/01/2015 02:05:00,,2187.00,1419.00,424.00,230.00,146.00,167.00,116.00,58.00,APPROVED
PA: PITTSBURGH,07/01/2015 03:05:00,,2179.00,1399.00,425.00,222.00,144.00,168.00,114.00,58.00,APPROVED
PA: PITTSBURGH,07/01/2015 04:06:00,,2203.00,1413.00,419.00,226.00,141.00,166.00,113.00,58.00,APPROVED
PA: PITTSBURGH,07/01/2015 05:06:00,,2213.00,1419.00,424.00,229.00,141.00,170.00,115.00,56.00,APPROVED
PA: PITTSBURGH,07/01/2015 06:06:00,,2221.00,1446.00,421.00,228.00,143.00,170.00,118.00,57.00,APPROVED
PA: PITTSBURGH,07/01/2015 07:06:00,,2217.00,1437.00,429.00,228.00,143.00,170.00,115.00,58.00,APPROVED
PA: PITTSBURGH,07/01/2015 08:06:00,,2243.00,1442.00,428.00,229.00,143.00,169.00,114.00,56.00,APPROVED
PA: PITTSBURGH,07/01/2015 09:07:00,,2253.00,1452.00,429.00,228.00,142.00,170.00,118.00,57.00,APPROVED
PA: PITTSBURGH,07/01/2015 10:07:00,,2241.00,1462.00,432.00,234.00,147.00,170.00,117.00,59.00,APPROVED
PA: PITTSBURGH,07/01/2015 11:07:00,,2245.00,1468.00,435.00,235.00,150.00,175.00,118.00,60.00,APPROVED
PA: PITTSBURGH,07/01/2015 12:07:00,,2240.00,1474.00,434.00,243.00,150.00,175.00,119.00,58.00,APPROVED
PA: PITTSBURGH,07/01/2015 13:07:00,,2196.00,1450.00,433.00,240.00,147.00,175.00,117.00,60.00,APPROVED
PA: PITTSBURGH,07/01/2015 14:08:00,,2170.00,1410.00,433.00,231.00,147.00,171.00,118.00,59.00,APPROVED
PA: PITTSBURGH,07/01/2015 15:08:00,,2136.00,1394.00,422.00,230.00,145.00,170.00,116.00,57.00,APPROVED
PA: PITTSBURGH,07/01/2015 16:08:00,,2108.00,1378.00,418.00,228.00,146.00,168.00,115.00,58.00,APPROVED
PA: PITTSBURGH,07/01/2015 17:08:00,,2084.00,1346.00,420.00,223.00,143.00,166.00,116.00,57.00,APPROVED
PA: PITTSBURGH,07/01/2015 18:08:00,,2040.00,1321.00,414.00,222.00,144.00,168.00,119.00,59.00,APPROVED
PA: PITTSBURGH,07/01/2015 19:09:00,,2193.00,1440.00,422.00,238.00,147.00,171.00,121.00,59.00,APPROVED
PA: PITTSBURGH,07/01/2015 20:09:00,,2222.00,1457.00,420.00,240.00,144.00,170.00,119.00,57.00,APPROVED
PA: PITTSBURGH,07/01/2015 21:09:00,,2179.00,1432.00,420.00,236.00,147.00,168.00,119.00,59.00,APPROVED
PA: PITTSBURGH,07/01/2015 22:09:00,,2185.00,1423.00,417.00,229.00,144.00,165.00,119.00,61.00,APPROVED
PA: PITTSBURGH,07/01/2015 23:09:00,,2194.00,1444.00,422.00,230.00,148.00,166.00,117.00,58.00,APPROVED
PA: PITTSBURGH,07/02/2015 00:10:00,,2275.00,1484.00,430.00,239.00,148.00,167.00,122.00,58.00,APPROVED
PA: PITTSBURGH,07/02/2015 01:10:00,,2335.00,1537.00,432.00,240.00,150.00,172.00,119.00,61.00,APPROVED
PA: PITTSBURGH,07/02/2015 02:10:00,,2300.00,1510.00,429.00,239.00,148.00,172.00,119.00,59.00,APPROVED
PA: PITTSBURGH,07/02/2015 03:10:00,,2240.00,1476.00,441.00,239.00,148.00,177.00,121.00,59.00,APPROVED
PA: PITTSBURGH,07/02/2015 04:10:00,,2279.00,1524.00,450.00,247.00,151.00,178.00,120.00,60.00,APPROVED
PA: PITTSBURGH,07/02/2015 05:11:00,,2336.00,1564.00,461.00,259.00,159.00,186.00,126.00,60.00,APPROVED
PA: PITTSBURGH,07/02/2015 06:11:00,,2393.00,1612.00,472.00,270.00,158.00,194.00,130.00,63.00,APPROVED
PA: PITTSBURGH,07/02/2015 07:11:00,,2418.00,1645.00,478.00,276.00,160.00,197.00,130.00,63.00,APPROVED
PA: PITTSBURGH,07/02/2015 08:11:00,,2467.00,1696.00,494.00,284.00,167.00,201.00,132.00,62.00,APPROVED
PA: PITTSBURGH,07/02/2015 09:11:00,,2546.00,1792.00,513.00,309.00,175.00,218.00,139.00,65.00,APPROVED
PA: PITTSBURGH,07/02/2015 10:12:00,,2576.00,1828.00,523.00,318.00,179.00,220.00,141.00,66.00,APPROVED
PA: PITTSBURGH,07/02/2015 11:12:00,,2572.00,1840.00,533.00,323.00,183.00,227.00,144.00,67.00,APPROVED
PA: PITTSBURGH,07/02/2015 12:12:00,,2567.00,1844.00,544.00,325.00,181.00,233.00,145.00,66.00,APPROVED
PA: PITTSBURGH,07/02/2015 13:12:00,,2513.00,1811.00,539.00,323.00,182.00,231.00,147.00,70.00,APPROVED
PA: PITTSBURGH,07/02/2015 14:12:00,,2381.00,1676.00,511.00,303.00,170.00,216.00,138.00,66.00,APPROVED
PA: PITTSBURGH,07/02/2015 15:13:00,,2277.00,1559.00,477.00,273.00,165.00,200.00,132.00,64.00,APPROVED
PA: PITTSBURGH,07/02/2015 16:13:00,,2290.00,1554.00,465.00,271.00,160.00,191.00,129.00,63.00,APPROVED
PA: PITTSBURGH,07/02/2015 17:13:00,,2330.00,1579.00,450.00,259.00,155.00,183.00,126.00,60.00,APPROVED
PA: PITTSBURGH,07/02/2015 18:13:00,,2322.00,1543.00,440.00,252.00,150.00,176.00,122.00,61.00,APPROVED
PA: PITTSBURGH,07/02/2015 19:13:00,,2271.00,1487.00,431.00,238.00,148.00,172.00,121.00,60.00,APPROVED
PA: PITTSBURGH,07/02/2015 20:14:00,,2203.00,1447.00,430.00,234.00,147.00,173.00,119.00,61.00,APPROVED
PA: PITTSBURGH,07/02/2015 21:14:00,,2186.00,1435.00,421.00,233.00,149.00,170.00,119.00,59.00,APPROVED
PA: PITTSBURGH,07/02/2015 22:14:00,,2186.00,1447.00,417.00,230.00,147.00,168.00,120.00,59.00,APPROVED
PA: PITTSBURGH,07/02/2015 23:14:00,,2177.00,1430.00,420.00,234.00,146.00,167.00,120.00,60.00,APPROVED
PA: PITTSBURGH,07/03/2015 00:14:00,,2245.00,1473.00,425.00,233.00,144.00,169.00,115.00,58.00,APPROVED
PA: PITTSBURGH,07/03/2015 01:15:00,,2310.00,1518.00,430.00,239.00,151.00,168.00,121.00,60.00,APPROVED
PA: PITTSBURGH,07/03/2015 02:15:00,,2367.00,1566.00,441.00,242.00,148.00,172.00,120.00,60.00,APPROVED
PA: PITTSBURGH,07/03/2015 03:15:00,,2241.00,1463.00,429.00,234.00,148.00,167.00,119.00,57.00,APPROVED
PA: PITTSBURGH,07/03/2015 04:15:00,,2171.00,1415.00,428.00,226.00,144.00,167.00,118.00,59.00,APPROVED
PA: PITTSBURGH,07/03/2015 05:15:00,,2164.00,1414.00,424.00,225.00,147.00,167.00,117.00,58.00,APPROVED
PA: PITTSBURGH,07/03/2015 06:16:00,,2207.00,1438.00,425.00,229.00,144.00,164.00,116.00,57.00,APPROVED
PA: PITTSBURGH,07/03/2015 07:16:00,,2252.00,1464.00,435.00,231.00,147.00,170.00,114.00,59.00,APPROVED
PA: PITTSBURGH,07/03/2015 08:16:00,,2298.00,1508.00,438.00,239.00,153.00,177.00,120.00,57.00,APPROVED
PA: PITTSBURGH,07/03/2015 09:16:00,,2361.00,1541.00,452.00,247.00,150.00,180.00,120.00,57.00,APPROVED
PA: PITTSBURGH,07/03/2015 10:16:00,,2420.00,1596.00,458.00,252.00,153.00,183.00,120.00,59.00,APPROVED
PA: PITTSBURGH,07/03/2015 11:17:00,,2465.00,1648.00,462.00,258.00,154.00,186.00,122.00,60.00,APPROVED
PA: PITTSBURGH,07/03/2015 12:17:00,,2460.00,1647.00,475.00,262.00,158.00,191.00,126.00,61.00,APPROVED
PA: PITTSBURGH,07/03/2015 13:17:00,,2390.00,1589.00,463.00,256.00,158.00,186.00,124.00,59.00,APPROVED
PA: PITTSBURGH,07/03/2015 14:17:00,,2313.00,1527.00,461.00,250.00,153.00,186.00,123.00,59.00,APPROVED
PA: PITTSBURGH,07/03/2015 15:17:00,,2174.00,1439.00,444.00,239.00,154.00,178.00,122.00,58.00,APPROVED
PA: PITTSBURGH,07/03/2015 16:18:00,,2215.00,1471.00,432.00,239.00,151.00,174.00,124.00,59.00,APPROVED
PA: PITTSBURGH,07/03/2015 17:18:00,,2257.00,1492.00,436.00,244.00,149.00,175.00,121.00,61.00,APPROVED
PA: PITTSBURGH,07/03/2015 18:18:00,,2217.00,1459.00,434.00,242.00,147.00,175.00,123.00,61.00,APPROVED
PA: PITTSBURGH,07/03/2015 19:18:00,,2191.00,1448.00,432.00,241.00,149.00,174.00,123.00,59.00,APPROVED
PA: PITTSBURGH,07/03/2015 20:18:00,,2201.00,1455.00,436.00,246.00,149.00,178.00,121.00,60.00,APPROVED
PA: PITTSBURGH,07/03/2015 21:19:00,,2268.00,1503.00,437.00,249.00,152.00,179.00,124.00,61.00,APPROVED
PA: PITTSBURGH,07/03/2015 22:19:00,,2297.00,1536.00,441.00,248.00,155.00,176.00,125.00,60.00,APPROVED
PA: PITTSBURGH,07/03/2015 23:19:00,,2387.00,1600.00,452.00,265.00,156.00,184.00,124.00,61.00,APPROVED
PA: PITTSBURGH,07/04/2015 00:19:00,,2569.00,1753.00,490.00,289.00,164.00,199.00,133.00,64.00,APPROVED
PA: PITTSBURGH,07/04/2015 01:19:00,,2633.00,1860.00,532.00,324.00,178.00,218.00,142.00,65.00,APPROVED
PA: PITTSBURGH,07/04/2015 02:20:00,,2983.00,2215.00,639.00,407.00,214.00,265.00,166.00,72.00,APPROVED
PA: PITTSBURGH,07/04/2015 03:20:00,,2696.00,1941.00,577.00,357.00,193.00,239.00,150.00,67.00,APPROVED
PA: PITTSBURGH,07/04/2015 04:20:00,,2383.00,1626.00,491.00,282.00,164.00,206.00,134.00,63.00,APPROVED
PA: PITTSBURGH,07/04/2015 05:20:00,,2277.00,1533.00,459.00,261.00,155.00,191.00,125.00,62.00,APPROVED
PA: PITTSBURGH,07/04/2015 06:20:00,,2269.00,1527.00,457.00,260.00,158.00,191.00,125.00,61.00,APPROVED
PA: PITTSBURGH,07/04/2015 07:21:00,,2760.00,2035.00,571.00,347.00,190.00,241.00,150.00,69.00,APPROVED
PA: PITTSBURGH,07/04/2015 08:21:00,,2988.00,2243.00,653.00,414.00,216.00,275.00,165.00,75.00,APPROVED
PA: PITTSBURGH,07/04/2015 09:21:00,,2510.00,1764.00,529.00,315.00,177.00,221.00,140.00,64.00,APPROVED
PA: PITTSBURGH,07/04/2015 10:21:00,,2348.00,1611.00,479.00,278.00,162.00,199.00,132.00,62.00,APPROVED
PA: PITTSBURGH,07/04/2015 11:21:00,,2318.00,1586.00,476.00,274.00,163.00,196.00,129.00,62.00,APPROVED
PA: PITTSBURGH,07/04/2015 12:22:00,,2293.00,1583.00,476.00,273.00,158.00,199.00,130.00,63.00,APPROVED
PA: PITTSBURGH,07/04/2015 13:22:00,,2267.00,1552.00,475.00,271.00,159.00,197.00,131.00,62.00,APPROVED
PA: PITTSBURGH,07/04/2015 14:22:00,,2222.00,1522.00,459.00,266.00,160.00,194.00,130.00,62.00,APPROVED
PA: PITTSBURGH,07/04/2015 15:22:00,,2184.00,1482.00,462.00,261.00,155.00,191.00,128.00,61.00,APPROVED
PA: PITTSBURGH,07/04/2015 16:22:00,,2168.00,1470.00,448.00,254.00,154.00,185.00,128.00,63.00,APPROVED
PA: PITTSBURGH,07/04/2015 17:23:00,,2311.00,1565.00,454.00,269.00,153.00,187.00,123.00,61.00,APPROVED
PA: PITTSBURGH,07/04/2015 18:23:00,,2279.00,1538.00,444.00,258.00,154.00,182.00,125.00,62.00,APPROVED
PA: PITTSBURGH,07/04/2015 19:23:00,,2206.00,1465.00,428.00,245.00,151.00,179.00,123.00,60.00,APPROVED
PA: PITTSBURGH,07/04/2015 20:23:00,,2149.00,1411.00,416.00,237.00,143.00,170.00,120.00,61.00,APPROVED
PA: PITTSBURGH,07/04/2015 21:24:00,,2113.00,1383.00,413.00,228.00,144.00,167.00,119.00,59.00,APPROVED
PA: PITTSBURGH,07/04/2015 22:24:00,,2111.00,1365.00,410.00,222.00,142.00,167.00,116.00,59.00,APPROVED
PA: PITTSBURGH,07/04/2015 23:24:00,,2132.00,1377.00,405.00,224.00,142.00,162.00,117.00,57.00,APPROVED
PA: PITTSBURGH,07/05/2015 00:24:00,,2196.00,1421.00,414.00,225.00,142.00,164.00,117.00,57.00,APPROVED
PA: PITTSBURGH,07/05/2015 01:24:00,,2288.00,1497.00,419.00,230.00,143.00,164.00,117.00,59.00,APPROVED
PA: PITTSBURGH,07/05/2015 02:25:00,,2224.00,1455.00,424.00,230.00,143.00,167.00,118.00,58.00,APPROVED
PA: PITTSBURGH,07/05/2015 03:25:00,,2199.00,1439.00,430.00,232.00,147.00,170.00,118.00,59.00,APPROVED
PA: PITTSBURGH,07/05/2015 04:25:00,,2225.00,1475.00,441.00,243.00,149.00,179.00,120.00,60.00,APPROVED
PA: PITTSBURGH,07/05/2015 05:25:00,,2262.00,1514.00,441.00,245.00,157.00,179.00,123.00,59.00,APPROVED
PA: PITTSBURGH,07/05/2015 06:25:00,,2315.00,1528.00,449.00,249.00,150.00,184.00,119.00,57.00,APPROVED
PA: PITTSBURGH,07/05/2015 07:26:00,,2354.00,1565.00,455.00,253.00,156.00,183.00,122.00,59.00,APPROVED
PA: PITTSBURGH,07/05/2015 08:26:00,,2412.00,1611.00,467.00,256.00,158.00,187.00,123.00,60.00,APPROVED
PA: PITTSBURGH,07/05/2015 09:26:00,,2482.00,1688.00,482.00,273.00,163.00,196.00,128.00,61.00,APPROVED
PA: PITTSBURGH,07/05/2015 10:26:00,,2513.00,1721.00,492.00,284.00,165.00,201.00,128.00,62.00,APPROVED
PA: PITTSBURGH,07/05/2015 11:26:00,,2546.00,1755.00,501.00,294.00,168.00,203.00,132.00,65.00,APPROVED
PA: PITTSBURGH,07/05/2015 12:27:00,,2524.00,1761.00,503.00,294.00,172.00,211.00,135.00,63.00,APPROVED
PA: PITTSBURGH,07/05/2015 13:27:00,,2472.00,1712.00,496.00,289.00,168.00,205.00,132.00,62.00,APPROVED
PA: PITTSBURGH,07/05/2015 14:27:00,,2368.00,1626.00,486.00,275.00,163.00,201.00,133.00,63.00,APPROVED
PA: PITTSBURGH,07/05/2015 15:27:00,,2239.00,1513.00,452.00,252.00,156.00,187.00,129.00,61.00,APPROVED
PA: PITTSBURGH,07/05/2015 16:27:00,,2178.00,1459.00,440.00,248.00,154.00,176.00,121.00,59.00,APPROVED
PA: PITTSBURGH,07/05/2015 17:28:00,,2239.00,1483.00,431.00,244.00,148.00,175.00,122.00,62.00,APPROVED
PA: PITTSBURGH,07/05/2015 18:28:00,,2194.00,1464.00,425.00,241.00,151.00,175.00,120.00,59.00,APPROVED
PA: PITTSBURGH,07/05/2015 19:28:00,,2173.00,1440.00,433.00,241.00,149.00,172.00,120.00,59.00,APPROVED
PA: PITTSBURGH,07/05/2015 20:28:00,,2165.00,1439.00,420.00,235.00,147.00,172.00,120.00,60.00,APPROVED
PA: PITTSBURGH,07/05/2015 21:28:00,,2153.00,1414.00,424.00,240.00,149.00,170.00,121.00,60.00,APPROVED
PA: PITTSBURGH,07/05/2015 22:29:00,,2177.00,1431.00,419.00,236.00,147.00,170.00,121.00,58.00,APPROVED
PA: PITTSBURGH,07/05/2015 23:29:00,,2217.00,1445.00,424.00,233.00,147.00,173.00,120.00,59.00,APPROVED
PA: PITTSBURGH,07/06/2015 00:29:00,,2273.00,1492.00,430.00,237.00,148.00,172.00,121.00,57.00,APPROVED
PA: PITTSBURGH,07/06/2015 01:29:00,,2324.00,1524.00,428.00,239.00,147.00,170.00,119.00,59.00,APPROVED
PA: PITTSBURGH,07/06/2015 02:29:00,,2376.00,1555.00,438.00,251.00,150.00,176.00,122.00,59.00,APPROVED
PA: PITTSBURGH,07/06/2015 03:30:00,,2423.00,1610.00,454.00,261.00,152.00,180.00,123.00,60.00,APPROVED
PA: PITTSBURGH,07/06/2015 04:30:00,,2472.00,1672.00,464.00,270.00,156.00,185.00,127.00,62.00,APPROVED
PA: PITTSBURGH,07/06/2015 05:30:00,,2504.00,1701.00,477.00,278.00,161.00,190.00,130.00,63.00,APPROVED
PA: PITTSBURGH,07/06/2015 06:30:00,,2557.00,1758.00,487.00,289.00,168.00,197.00,132.00,63.00,APPROVED
PA: PITTSBURGH,07/06/2015 07:30:00,,2578.00,1795.00,492.00,303.00,166.00,200.00,134.00,64.00,APPROVED
PA: PITTSBURGH,07/06/2015 08:31:00,,2625.00,1840.00,505.00,308.00,172.00,208.00,136.00,65.00,APPROVED
PA: PITTSBURGH,07/06/2015 09:31:00,,2639.00,1876.00,516.00,323.00,179.00,217.00,140.00,66.00,APPROVED
PA: PITTSBURGH,07/06/2015 10:31:00,,2491.00,1790.00,526.00,316.00,179.00,222.00,143.00,66.00,APPROVED
PA: PITTSBURGH,07/06/2015 11:31:00,,2441.00,1739.00,528.00,317.00,176.00,223.00,144.00,67.00,APPROVED
PA: PITTSBURGH,07/06/2015 12:31:00,,2403.00,1727.00,518.00,315.00,176.00,223.00,142.00,67.00,APPROVED
PA: PITTSBURGH,07/06/2015 13:32:00,,2361.00,1676.00,517.00,308.00,174.00,220.00,141.00,66.00,APPROVED
PA: PITTSBURGH,07/06/2015 15:13:00,,2204.00,1437.00,430.00,234.00,149.00,174.00,120.00,60.00,APPROVED
PA: PITTSBURGH,07/06/2015 16:14:00,,3290.00,2529.00,666.00,469.00,227.00,286.00,177.00,82.00,APPROVED
PA: PITTSBURGH,07/06/2015 17:14:00,,2968.00,2173.00,603.00,399.00,202.00,251.00,156.00,74.00,APPROVED
PA: PITTSBURGH,07/06/2015 18:14:00,,2460.00,1690.00,481.00,289.00,163.00,200.00,132.00,62.00,APPROVED
PA: PITTSBURGH,07/06/2015 19:14:00,,2266.00,1493.00,438.00,252.00,147.00,178.00,125.00,61.00,APPROVED
PA: PITTSBURGH,07/06/2015 20:14:00,,2234.00,1485.00,423.00,242.00,148.00,173.00,121.00,61.00,APPROVED
PA: PITTSBURGH,07/06/2015 21:15:00,,2184.00,1437.00,419.00,238.00,147.00,171.00,120.00,60.00,APPROVED
PA: PITTSBURGH,07/06/2015 22:15:00,,2238.00,1478.00,427.00,244.00,148.00,175.00,118.00,60.00,APPROVED
PA: PITTSBURGH,07/06/2015 23:15:00,,2754.00,1998.00,535.00,343.00,184.00,225.00,143.00,68.00,APPROVED
PA: PITTSBURGH,07/07/2015 00:15:00,,2534.00,1741.00,491.00,298.00,168.00,202.00,132.00,65.00,APPROVED
PA: PITTSBURGH,07/07/2015 01:15:00,,2420.00,1631.00,457.00,268.00,157.00,185.00,126.00,60.00,APPROVED
PA: PITTSBURGH,07/07/2015 02:16:00,,2448.00,1641.00,455.00,263.00,154.00,182.00,124.00,61.00,APPROVED
PA: PITTSBURGH,07/07/2015 03:16:00,,2415.00,1611.00,443.00,260.00,150.00,178.00,127.00,59.00,APPROVED
PA: PITTSBURGH,07/07/2015 04:16:00,,2459.00,1648.00,454.00,266.00,154.00,180.00,125.00,60.00,APPROVED
PA: PITTSBURGH,07/07/2015 05:16:00,,2488.00,1667.00,453.00,269.00,159.00,185.00,127.00,62.00,APPROVED
PA: PITTSBURGH,07/07/2015 06:16:00,,2500.00,1683.00,459.00,275.00,157.00,187.00,125.00,60.00,APPROVED
PA: PITTSBURGH,07/07/2015 07:17:00,,2515.00,1692.00,459.00,276.00,159.00,188.00,127.00,61.00,APPROVED
PA: PITTSBURGH,07/07/2015 08:17:00,,2523.00,1711.00,467.00,282.00,158.00,194.00,133.00,61.00,APPROVED
PA: PITTSBURGH,07/07/2015 09:17:00,,2542.00,1727.00,474.00,286.00,164.00,192.00,133.00,62.00,APPROVED
PA: PITTSBURGH,07/07/2015 10:17:00,,2482.00,1704.00,473.00,288.00,164.00,196.00,132.00,65.00,APPROVED
PA: PITTSBURGH,07/07/2015 11:17:00,,2295.00,1567.00,464.00,270.00,162.00,193.00,130.00,62.00,APPROVED
PA: PITTSBURGH,07/07/2015 12:18:00,,2211.00,1522.00,468.00,267.00,160.00,194.00,132.00,61.00,APPROVED
PA: PITTSBURGH,07/07/2015 13:18:00,,2151.00,1457.00,456.00,255.00,157.00,191.00,130.00,62.00,APPROVED
PA: PITTSBURGH,07/07/2015 14:18:00,,2284.00,1558.00,462.00,272.00,162.00,192.00,131.00,63.00,APPROVED
PA: PITTSBURGH,07/07/2015 15:18:00,,2337.00,1587.00,455.00,277.00,160.00,194.00,131.00,63.00,APPROVED
PA: PITTSBURGH,07/07/2015 16:18:00,,2252.00,1520.00,439.00,261.00,156.00,184.00,125.00,62.00,APPROVED
PA: PITTSBURGH,07/07/2015 17:19:00,,2190.00,1464.00,428.00,254.00,149.00,180.00,126.00,60.00,APPROVED
PA: PITTSBURGH,07/07/2015 18:19:00,,2140.00,1433.00,423.00,249.00,151.00,178.00,123.00,61.00,APPROVED
PA: PITTSBURGH,07/07/2015 19:19:00,,2092.00,1388.00,422.00,238.00,147.00,177.00,122.00,62.00,APPROVED
PA: PITTSBURGH,07/07/2015 20:19:00,,2109.00,1394.00,426.00,242.00,149.00,174.00,123.00,61.00,APPROVED
PA: PITTSBURGH,07/07/2015 21:19:00,,2175.00,1466.00,431.00,250.00,150.00,178.00,124.00,61.00,APPROVED
PA: PITTSBURGH,07/07/2015 22:20:00,,2169.00,1440.00,428.00,240.00,149.00,177.00,121.00,61.00,APPROVED
PA: PITTSBURGH,07/07/2015 23:20:00,,2175.00,1450.00,427.00,244.00,147.00,177.00,121.00,58.00,APPROVED
PA: PITTSBURGH,07/07/2015 23:51:00,,2188.00,1459.00,421.00,245.00,149.00,173.00,123.00,61.00,APPROVED
PA: PITTSBURGH,07/08/2015 03:53:00,,2527.00,1660.00,455.00,257.00,151.00,178.00,122.00,59.00,APPROVED
PA: PITTSBURGH,07/08/2015 04:53:00,,2190.00,1323.00,405.00,226.00,147.00,177.00,101.00,68.00,APPROVED
PA: PITTSBURGH,07/08/2015 05:37:00,,2112.00,1379.00,435.00,236.00,143.00,176.00,124.00,58.00,APPROVED
PA: PITTSBURGH,07/08/2015 06:38:00,,2072.00,1346.00,418.00,229.00,144.00,171.00,118.00,56.00,APPROVED
PA: PITTSBURGH,07/08/2015 07:39:00,,2169.00,1430.00,443.00,243.00,153.00,183.00,122.00,61.00,APPROVED
PA: PITTSBURGH,07/08/2015 08:39:00,,2811.00,2040.00,603.00,353.00,198.00,254.00,159.00,70.00,APPROVED
PA: PITTSBURGH,07/08/2015 09:39:00,,2605.00,1851.00,564.00,330.00,185.00,236.00,148.00,66.00,APPROVED
PA: PITTSBURGH,07/08/2015 10:39:00,,2362.00,1645.00,505.00,290.00,171.00,209.00,135.00,64.00,APPROVED
PA: PITTSBURGH,07/08/2015 11:39:00,,2618.00,1876.00,543.00,329.00,182.00,225.00,146.00,67.00,APPROVED
PA: PITTSBURGH,07/08/2015 12:40:00,,2369.00,1619.00,497.00,290.00,164.00,205.00,131.00,64.00,APPROVED
PA: PITTSBURGH,07/08/2015 13:40:00,,2139.00,1381.00,429.00,233.00,146.00,171.00,118.00,59.00,APPROVED
PA: PITTSBURGH,07/08/2015 14:40:00,,2080.00,1335.00,413.00,220.00,142.00,167.00,114.00,59.00,APPROVED
PA: PITTSBURGH,07/08/2015 15:40:00,,2061.00,1328.00,416.00,221.00,143.00,167.00,113.00,58.00,APPROVED
PA: PITTSBURGH,07/08/2015 16:40:00,,2054.00,1332.00,415.00,223.00,146.00,166.00,115.00,58.00,APPROVED
PA: PITTSBURGH,07/08/2015 17:41:00,,2010.00,1312.00,415.00,217.00,143.00,169.00,115.00,58.00,APPROVED
PA: PITTSBURGH,07/08/2015 18:41:00,,2100.00,1372.00,414.00,225.00,143.00,167.00,115.00,60.00,APPROVED
PA: PITTSBURGH,07/08/2015 19:41:00,,2269.00,1487.00,427.00,238.00,149.00,168.00,120.00,58.00,APPROVED
PA: PITTSBURGH,07/08/2015 20:41:00,,2286.00,1500.00,429.00,241.00,146.00,170.00,118.00,59.00,APPROVED
PA: PITTSBURGH,07/08/2015 21:41:00,,2290.00,1507.00,422.00,238.00,146.00,171.00,119.00,59.00,APPROVED
PA: PITTSBURGH,07/08/2015 22:42:00,,2309.00,1510.00,430.00,241.00,147.00,170.00,120.00,58.00,APPROVED
PA: PITTSBURGH,07/08/2015 23:42:00,,2368.00,1559.00,442.00,250.00,151.00,177.00,122.00,58.00,APPROVED
PA: PITTSBURGH,07/09/2015 00:42:00,,2453.00,1649.00,455.00,266.00,155.00,183.00,123.00,59.00,APPROVED
PA: PITTSBURGH,07/09/2015 01:42:00,,2438.00,1628.00,451.00,257.00,152.00,179.00,121.00,59.00,APPROVED
PA: PITTSBURGH,07/09/2015 02:42:00,,2409.00,1604.00,444.00,255.00,151.00,172.00,122.00,59.00,APPROVED
PA: PITTSBURGH,07/09/2015 03:43:00,,2430.00,1618.00,448.00,254.00,151.00,173.00,119.00,60.00,APPROVED
PA: PITTSBURGH,07/09/2015 04:43:00,,2453.00,1624.00,448.00,254.00,152.00,179.00,123.00,60.00,APPROVED
PA: PITTSBURGH,07/09/2015 05:43:00,,2347.00,1558.00,437.00,249.00,150.00,177.00,120.00,58.00,APPROVED
PA: PITTSBURGH,07/09/2015 06:43:00,,2187.00,1440.00,433.00,239.00,149.00,175.00,121.00,59.00,APPROVED
PA: PITTSBURGH,07/09/2015 07:43:00,,2178.00,1434.00,439.00,241.00,149.00,180.00,121.00,59.00,APPROVED
PA: PITTSBURGH,07/09/2015 08:44:00,,2165.00,1426.00,436.00,239.00,149.00,180.00,121.00,59.00,APPROVED
PA: PITTSBURGH,07/09/2015 09:44:00,,2146.00,1401.00,435.00,238.00,148.00,175.00,123.00,59.00,APPROVED
PA: PITTSBURGH,07/09/2015 10:44:00,,2141.00,1397.00,433.00,235.00,147.00,179.00,121.00,60.00,APPROVED
PA: PITTSBURGH,07/09/2015 11:44:00,,2153.00,1434.00,438.00,245.00,153.00,186.00,124.00,60.00,APPROVED
PA: PITTSBURGH,07/09/2015 12:44:00,,2127.00,1417.00,442.00,245.00,152.00,183.00,123.00,60.00,APPROVED
PA: PITTSBURGH,07/09/2015 13:45:00,,2053.00,1359.00,432.00,233.00,153.00,181.00,123.00,60.00,APPROVED
PA: PITTSBURGH,07/09/2015 14:45:00,,2115.00,1406.00,428.00,243.00,150.00,178.00,121.00,60.00,APPROVED
PA: PITTSBURGH,07/09/2015 15:45:00,,2223.00,1461.00,425.00,248.00,148.00,176.00,122.00,61.00,APPROVED
PA: PITTSBURGH,07/09/2015 16:45:00,,2201.00,1458.00,425.00,242.00,147.00,172.00,121.00,60.00,APPROVED
PA: PITTSBURGH,07/09/2015 17:46:00,,2174.00,1434.00,423.00,239.00,147.00,175.00,120.00,58.00,APPROVED
PA: PITTSBURGH,07/09/2015 18:46:00,,2226.00,1474.00,427.00,243.00,150.00,175.00,121.00,60.00,APPROVED
PA: PITTSBURGH,07/09/2015 19:46:00,,2206.00,1463.00,425.00,239.00,148.00,174.00,119.00,60.00,APPROVED
PA: PITTSBURGH,07/09/2015 20:46:00,,2231.00,1480.00,429.00,244.00,149.00,177.00,121.00,60.00,APPROVED
PA: PITTSBURGH,07/09/2015 21:46:00,,2754.00,1963.00,526.00,332.00,178.00,216.00,138.00,67.00,APPROVED
PA: PITTSBURGH,07/09/2015 22:47:00,,2799.00,1995.00,544.00,346.00,181.00,224.00,145.00,65.00,APPROVED
PA: PITTSBURGH,07/09/2015 23:47:00,,2683.00,1882.00,512.00,313.00,172.00,208.00,134.00,65.00,APPROVED
PA: PITTSBURGH,07/10/2015 00:47:00,,2928.00,2141.00,573.00,368.00,191.00,238.00,149.00,69.00,APPROVED
PA: PITTSBURGH,07/10/2015 01:47:00,,2577.00,1769.00,489.00,289.00,165.00,201.00,131.00,63.00,APPROVED
PA: PITTSBURGH,07/10/2015 02:47:00,,2421.00,1585.00,437.00,245.00,147.00,174.00,118.00,59.00,APPROVED
PA: PITTSBURGH,07/10/2015 03:48:00,,2301.00,1480.00,422.00,232.00,144.00,167.00,118.00,56.00,APPROVED
PA: PITTSBURGH,07/10/2015 04:48:00,,2073.00,1328.00,404.00,216.00,141.00,163.00,114.00,57.00,APPROVED
PA: PITTSBURGH,07/10/2015 05:48:00,,2015.00,1293.00,405.00,211.00,141.00,161.00,113.00,58.00,APPROVED
PA: PITTSBURGH,07/10/2015 06:48:00,,2017.00,1287.00,411.00,213.00,144.00,165.00,114.00,58.00,APPROVED
PA: PITTSBURGH,07/10/2015 07:48:00,,2012.00,1304.00,414.00,221.00,142.00,168.00,115.00,58.00,APPROVED
PA: PITTSBURGH,07/10/2015 08:49:00,,2034.00,1310.00,414.00,223.00,142.00,168.00,114.00,59.00,APPROVED
PA: PITTSBURGH,07/10/2015 09:49:00,,2046.00,1324.00,419.00,223.00,143.00,169.00,114.00,58.00,APPROVED
PA: PITTSBURGH,07/10/2015 10:49:00,,2057.00,1328.00,425.00,228.00,143.00,170.00,119.00,58.00,APPROVED
PA: PITTSBURGH,07/10/2015 11:49:00,,2046.00,1316.00,413.00,219.00,143.00,169.00,116.00,55.00,APPROVED
PA: PITTSBURGH,07/10/2015 12:49:00,,2015.00,1284.00,404.00,212.00,139.00,163.00,113.00,56.00,APPROVED
PA: PITTSBURGH,07/10/2015 13:50:00,,2005.00,1286.00,408.00,211.00,138.00,164.00,116.00,57.00,APPROVED
PA: PITTSBURGH,07/10/2015 14:50:00,,2257.00,1472.00,418.00,229.00,143.00,168.00,117.00,58.00,APPROVED
PA: PITTSBURGH,07/10/2015 15:50:00,,2412.00,1615.00,447.00,255.00,152.00,178.00,120.00,61.00,APPROVED
PA: PITTSBURGH,07/10/2015 16:50:00,,2189.00,1453.00,439.00,246.00,149.00,173.00,121.00,60.00,APPROVED
PA: PITTSBURGH,07/10/2015 17:50:00,,2194.00,1439.00,426.00,234.00,148.00,169.00,116.00,60.00,APPROVED
PA: PITTSBURGH,07/10/2015 18:51:00,,2260.00,1490.00,428.00,240.00,146.00,167.00,120.00,59.00,APPROVED
PA: PITTSBURGH,07/10/2015 19:51:00,,2255.00,1487.00,421.00,236.00,146.00,168.00,119.00,57.00,APPROVED
PA: PITTSBURGH,07/10/2015 20:51:00,,2263.00,1482.00,419.00,237.00,144.00,172.00,121.00,60.00,APPROVED
PA: PITTSBURGH,07/10/2015 21:51:00,,2246.00,1464.00,420.00,238.00,147.00,169.00,120.00,59.00,APPROVED
PA: PITTSBURGH,07/10/2015 22:51:00,,2288.00,1498.00,428.00,237.00,148.00,170.00,119.00,59.00,APPROVED
PA: PITTSBURGH,07/10/2015 23:52:00,,2320.00,1515.00,429.00,239.00,145.00,169.00,121.00,59.00,APPROVED
PA: PITTSBURGH,07/11/2015 00:52:00,,2345.00,1531.00,434.00,243.00,148.00,171.00,119.00,61.00,APPROVED
PA: PITTSBURGH,07/11/2015 01:52:00,,2392.00,1580.00,439.00,252.00,150.00,174.00,122.00,59.00,APPROVED
PA: PITTSBURGH,07/11/2015 02:52:00,,2429.00,1623.00,444.00,256.00,152.00,178.00,126.00,58.00,APPROVED
PA: PITTSBURGH,07/11/2015 03:52:00,,2462.00,1658.00,456.00,267.00,156.00,183.00,126.00,62.00,APPROVED
PA: PITTSBURGH,07/11/2015 04:53:00,,2509.00,1710.00,465.00,277.00,162.00,192.00,129.00,63.00,APPROVED
PA: PITTSBURGH,07/11/2015 05:53:00,,2421.00,1649.00,465.00,279.00,163.00,194.00,128.00,61.00,APPROVED
PA: PITTSBURGH,07/11/2015 06:53:00,,2263.00,1539.00,470.00,267.00,162.00,196.00,130.00,62.00,APPROVED
PA: PITTSBURGH,07/11/2015 07:53:00,,2236.00,1563.00,479.00,272.00,164.00,202.00,134.00,63.00,APPROVED
PA: PITTSBURGH,07/11/2015 08:53:00,,2250.00,1536.00,476.00,267.00,161.00,198.00,131.00,62.00,APPROVED
PA: PITTSBURGH,07/11/2015 09:54:00,,2254.00,1525.00,468.00,262.00,158.00,194.00,127.00,60.00,APPROVED
PA: PITTSBURGH,07/11/2015 10:54:00,,2269.00,1544.00,465.00,263.00,159.00,191.00,125.00,61.00,APPROVED
PA: PITTSBURGH,07/11/2015 11:54:00,,2270.00,1542.00,475.00,262.00,157.00,194.00,126.00,62.00,APPROVED
PA: PITTSBURGH,07/11/2015 12:54:00,,2233.00,1500.00,464.00,253.00,158.00,195.00,126.00,60.00,APPROVED
PA: PITTSBURGH,07/11/2015 13:54:00,,2186.00,1463.00,456.00,251.00,156.00,188.00,126.00,61.00,APPROVED
PA: PITTSBURGH,07/11/2015 14:55:00,,2148.00,1439.00,451.00,247.00,152.00,188.00,123.00,60.00,APPROVED
PA: PITTSBURGH,07/11/2015 15:55:00,,2261.00,1527.00,445.00,263.00,157.00,185.00,125.00,62.00,APPROVED
PA: PITTSBURGH,07/11/2015 16:55:00,,2240.00,1495.00,430.00,252.00,152.00,176.00,124.00,62.00,APPROVED
PA: PITTSBURGH,07/11/2015 17:55:00,,2191.00,1448.00,429.00,240.00,148.00,172.00,121.00,60.00,APPROVED
PA: PITTSBURGH,07/11/2015 18:55:00,,2115.00,1389.00,422.00,234.00,145.00,171.00,120.00,61.00,APPROVED
PA: PITTSBURGH,07/11/2015 19:56:00,,2076.00,1384.00,412.00,233.00,146.00,170.00,121.00,59.00,APPROVED
PA: PITTSBURGH,07/11/2015 20:56:00,,2083.00,1378.00,411.00,234.00,145.00,171.00,121.00,59.00,APPROVED
PA: PITTSBURGH,07/11/2015 21:56:00,,2099.00,1369.00,414.00,235.00,146.00,172.00,119.00,59.00,APPROVED
PA: PITTSBURGH,07/11/2015 22:56:00,,2083.00,1360.00,411.00,225.00,144.00,170.00,122.00,59.00,APPROVED
PA: PITTSBURGH,07/11/2015 23:56:00,,2136.00,1408.00,417.00,229.00,145.00,168.00,122.00,59.00,APPROVED
PA: PITTSBURGH,07/12/2015 00:57:00,,2227.00,1462.00,425.00,238.00,144.00,172.00,121.00,58.00,APPROVED
PA: PITTSBURGH,07/12/2015 01:57:00,,2335.00,1542.00,440.00,244.00,150.00,174.00,122.00,59.00,APPROVED
PA: PITTSBURGH,07/12/2015 02:57:00,,2430.00,1625.00,448.00,260.00,156.00,179.00,126.00,60.00,APPROVED
PA: PITTSBURGH,07/12/2015 03:57:00,,2496.00,1697.00,463.00,271.00,158.00,187.00,127.00,63.00,APPROVED
PA: PITTSBURGH,07/12/2015 04:57:00,,2539.00,1743.00,472.00,282.00,160.00,192.00,129.00,63.00,APPROVED
PA: PITTSBURGH,07/12/2015 05:58:00,,2370.00,1619.00,479.00,268.00,162.00,193.00,130.00,62.00,APPROVED
PA: PITTSBURGH,07/12/2015 06:58:00,,2335.00,1613.00,486.00,281.00,168.00,199.00,130.00,61.00,APPROVED
PA: PITTSBURGH,07/12/2015 07:58:00,,2382.00,1658.00,495.00,286.00,172.00,211.00,136.00,62.00,APPROVED
PA: PITTSBURGH,07/12/2015 08:58:00,,2405.00,1678.00,509.00,295.00,173.00,214.00,136.00,65.00,APPROVED
PA: PITTSBURGH,07/12/2015 09:58:00,,2447.00,1717.00,525.00,301.00,176.00,218.00,141.00,65.00,APPROVED
PA: PITTSBURGH,07/12/2015 10:59:00,,2465.00,1758.00,525.00,307.00,176.00,223.00,141.00,65.00,APPROVED
PA: PITTSBURGH,07/12/2015 11:59:00,,2506.00,1784.00,539.00,316.00,180.00,228.00,147.00,67.00,APPROVED
PA: PITTSBURGH,07/12/2015 12:59:00,,2489.00,1791.00,551.00,321.00,182.00,235.00,144.00,66.00,APPROVED
PA: PITTSBURGH,07/12/2015 13:59:00,,2428.00,1754.00,546.00,312.00,183.00,231.00,150.00,68.00,APPROVED
PA: PITTSBURGH,07/12/2015 14:59:00,,2445.00,1757.00,526.00,315.00,178.00,225.00,143.00,67.00,APPROVED
PA: PITTSBURGH,07/12/2015 16:00:00,,2426.00,1725.00,489.00,311.00,171.00,212.00,141.00,66.00,APPROVED
PA: PITTSBURGH,07/12/2015 17:00:00,,2300.00,1572.00,458.00,279.00,161.00,193.00,130.00,63.00,APPROVED
PA: PITTSBURGH,07/12/2015 18:00:00,,2225.00,1509.00,440.00,256.00,152.00,184.00,128.00,60.00,APPROVED
PA: PITTSBURGH,07/12/2015 19:00:00,,2204.00,1470.00,429.00,248.00,152.00,180.00,125.00,59.00,APPROVED
PA: PITTSBURGH,07/12/2015 20:00:00,,2223.00,1471.00,428.00,243.00,148.00,173.00,124.00,60.00,APPROVED
PA: PITTSBURGH,07/12/2015 21:01:00,,2242.00,1490.00,430.00,242.00,150.00,177.00,122.00,60.00,APPROVED
PA: PITTSBURGH,07/12/2015 22:01:00,,2412.00,1626.00,458.00,266.00,157.00,186.00,124.00,63.00,APPROVED
PA: PITTSBURGH,07/12/2015 23:01:00,,2376.00,1590.00,447.00,261.00,152.00,179.00,126.00,62.00,APPROVED
PA: PITTSBURGH,07/13/2015 00:01:00,,2392.00,1588.00,447.00,256.00,153.00,178.00,125.00,61.00,APPROVED
PA: PITTSBURGH,07/13/2015 01:01:00,,2423.00,1626.00,454.00,257.00,152.00,182.00,124.00,60.00,APPROVED
PA: PITTSBURGH,07/13/2015 02:02:00,,2444.00,1640.00,461.00,263.00,153.00,181.00,126.00,62.00,APPROVED
PA: PITTSBURGH,07/13/2015 03:02:00,,2490.00,1664.00,461.00,263.00,158.00,184.00,129.00,59.00,APPROVED
PA: PITTSBURGH,07/13/2015 04:02:00,,2560.00,1757.00,477.00,284.00,165.00,193.00,129.00,65.00,APPROVED
PA: PITTSBURGH,07/13/2015 05:02:00,,2574.00,1775.00,485.00,288.00,166.00,199.00,132.00,62.00,APPROVED
PA: PITTSBURGH,07/13/2015 06:02:00,,2606.00,1802.00,494.00,301.00,169.00,201.00,136.00,65.00,APPROVED
PA: PITTSBURGH,07/13/2015 07:03:00,,2635.00,1839.00,500.00,306.00,170.00,207.00,137.00,65.00,APPROVED
PA: PITTSBURGH,07/13/2015 08:03:00,,2624.00,1837.00,501.00,310.00,171.00,208.00,141.00,66.00,APPROVED
PA: PITTSBURGH,07/13/2015 09:03:00,,2388.00,1655.00,493.00,293.00,168.00,208.00,137.00,64.00,APPROVED
PA: PITTSBURGH,07/13/2015 10:03:00,,2296.00,1587.00,492.00,277.00,165.00,208.00,138.00,63.00,APPROVED
PA: PITTSBURGH,07/13/2015 11:03:00,,2298.00,1596.00,501.00,274.00,171.00,210.00,136.00,65.00,APPROVED
PA: PITTSBURGH,07/13/2015 12:04:00,,2304.00,1631.00,507.00,286.00,171.00,212.00,138.00,64.00,APPROVED
PA: PITTSBURGH,07/13/2015 13:04:00,,2290.00,1607.00,509.00,288.00,170.00,215.00,142.00,63.00,APPROVED
PA: PITTSBURGH,07/13/2015 14:04:00,,2371.00,1680.00,495.00,306.00,175.00,211.00,138.00,65.00,APPROVED
PA: PITTSBURGH,07/13/2015 15:04:00,,2384.00,1650.00,474.00,287.00,162.00,197.00,138.00,64.00,APPROVED
PA: PITTSBURGH,07/13/2015 16:12:00,,2273.00,1468.00,423.00,233.00,147.00,168.00,119.00,60.00,APPROVED
PA: PITTSBURGH,07/13/2015 17:12:00,,2240.00,1488.00,435.00,248.00,151.00,179.00,123.00,62.00,APPROVED
PA: PITTSBURGH,07/13/2015 18:13:00,,2184.00,1468.00,432.00,254.00,151.00,179.00,129.00,63.00,APPROVED
PA: PITTSBURGH,07/13/2015 19:13:00,,2168.00,1458.00,438.00,252.00,155.00,184.00,126.00,63.00,APPROVED
PA: PITTSBURGH,07/13/2015 20:13:00,,2240.00,1518.00,447.00,264.00,155.00,185.00,127.00,64.00,APPROVED
PA: PITTSBURGH,07/13/2015 21:13:00,,2360.00,1611.00,468.00,276.00,163.00,197.00,132.00,64.00,APPROVED
PA: PITTSBURGH,07/13/2015 22:13:00,,2422.00,1680.00,481.00,297.00,168.00,199.00,133.00,64.00,APPROVED
PA: PITTSBURGH,07/13/2015 23:14:00,,2331.00,1600.00,458.00,278.00,161.00,191.00,130.00,63.00,APPROVED
PA: PITTSBURGH,07/14/2015 00:14:00,,2364.00,1597.00,455.00,276.00,158.00,191.00,131.00,63.00,APPROVED
PA: PITTSBURGH,07/14/2015 01:14:00,,2440.00,1683.00,468.00,283.00,165.00,198.00,132.00,64.00,APPROVED
PA: PITTSBURGH,07/14/2015 02:14:00,,2481.00,1694.00,474.00,289.00,165.00,196.00,134.00,65.00,APPROVED
PA: PITTSBURGH,07/14/2015 03:14:00,,2464.00,1684.00,469.00,286.00,163.00,194.00,133.00,63.00,APPROVED
PA: PITTSBURGH,07/14/2015 04:15:00,,2507.00,1726.00,475.00,289.00,167.00,194.00,133.00,64.00,APPROVED
PA: PITTSBURGH,07/14/2015 05:15:00,,2565.00,1776.00,488.00,298.00,168.00,199.00,134.00,65.00,APPROVED
PA: PITTSBURGH,07/14/2015 06:15:00,,2541.00,1741.00,478.00,293.00,167.00,197.00,133.00,65.00,APPROVED
PA: PITTSBURGH,07/14/2015 07:15:00,,2554.00,1758.00,484.00,291.00,169.00,200.00,133.00,62.00,APPROVED
PA: PITTSBURGH,07/14/2015 08:15:00,,2551.00,1756.00,483.00,294.00,165.00,199.00,133.00,64.00,APPROVED
PA: PITTSBURGH,07/14/2015 09:16:00,,2572.00,1751.00,481.00,289.00,162.00,197.00,130.00,63.00,APPROVED
PA: PITTSBURGH,07/14/2015 10:16:00,,2573.00,1760.00,490.00,292.00,169.00,200.00,134.00,63.00,APPROVED
PA: PITTSBURGH,07/14/2015 11:16:00,,2248.00,1495.00,452.00,252.00,156.00,184.00,124.00,61.00,APPROVED
PA: PITTSBURGH,07/14/2015 12:16:00,,2147.00,1418.00,440.00,234.00,150.00,179.00,121.00,59.00,APPROVED
PA: PITTSBURGH,07/14/2015 13:16:00,,2118.00,1378.00,437.00,232.00,148.00,176.00,121.00,59.00,APPROVED
PA: PITTSBURGH,07/14/2015 14:17:00,,2071.00,1340.00,430.00,226.00,146.00,172.00,119.00,59.00,APPROVED
PA: PITTSBURGH,07/14/2015 15:17:00,,2178.00,1435.00,429.00,238.00,147.00,172.00,122.00,61.00,APPROVED
PA: PITTSBURGH,07/14/2015 16:17:00,,2216.00,1472.00,432.00,243.00,147.00,175.00,121.00,59.00,APPROVED
PA: PITTSBURGH,07/14/2015 17:17:00,,2181.00,1438.00,433.00,239.00,149.00,175.00,120.00,61.00,APPROVED
PA: PITTSBURGH,07/14/2015 18:17:00,,2199.00,1449.00,427.00,242.00,151.00,176.00,120.00,59.00,APPROVED
PA: PITTSBURGH,07/14/2015 19:18:00,,2204.00,1455.00,429.00,245.00,153.00,175.00,124.00,60.00,APPROVED
PA: PITTSBURGH,07/14/2015 20:18:00,,2219.00,1472.00,431.00,247.00,153.00,175.00,125.00,61.00,APPROVED
PA: PITTSBURGH,07/14/2015 21:18:00,,2308.00,1545.00,442.00,256.00,155.00,182.00,127.00,61.00,APPROVED
PA: PITTSBURGH,07/14/2015 22:18:00,,2956.00,2178.00,569.00,367.00,198.00,240.00,151.00,72.00,APPROVED
PA: PITTSBURGH,07/14/2015 23:18:00,,3281.00,2490.00,670.00,454.00,225.00,290.00,176.00,79.00,APPROVED
PA: PITTSBURGH,07/15/2015 00:19:00,,2709.00,1911.00,528.00,330.00,182.00,220.00,142.00,65.00,APPROVED
PA: PITTSBURGH,07/15/2015 01:19:00,,2958.00,2145.00,572.00,360.00,190.00,238.00,148.00,69.00,APPROVED
PA: PITTSBURGH,07/15/2015 02:19:00,,2826.00,2023.00,577.00,360.00,193.00,240.00,149.00,71.00,APPROVED
PA: PITTSBURGH,07/15/2015 03:19:00,,2412.00,1653.00,507.00,288.00,172.00,208.00,136.00,65.00,APPROVED
PA: PITTSBURGH,07/15/2015 04:19:00,,2189.00,1430.00,444.00,245.00,151.00,182.00,121.00,61.00,APPROVED
PA: PITTSBURGH,07/15/2015 05:20:00,,2137.00,1390.00,435.00,232.00,147.00,178.00,121.00,61.00,APPROVED
PA: PITTSBURGH,07/15/2015 06:20:00,,2153.00,1416.00,438.00,237.00,150.00,178.00,124.00,60.00,APPROVED
PA: PITTSBURGH,07/15/2015 07:20:00,,2169.00,1427.00,441.00,240.00,151.00,183.00,122.00,59.00,APPROVED
PA: PITTSBURGH,07/15/2015 08:20:00,,2159.00,1443.00,452.00,248.00,152.00,186.00,127.00,61.00,APPROVED
PA: PITTSBURGH,07/15/2015 09:20:00,,2160.00,1451.00,457.00,252.00,157.00,184.00,123.00,61.00,APPROVED
PA: PITTSBURGH,07/15/2015 10:21:00,,2158.00,1440.00,446.00,247.00,154.00,189.00,124.00,59.00,APPROVED
PA: PITTSBURGH,07/15/2015 11:21:00,,2168.00,1442.00,447.00,250.00,153.00,182.00,126.00,60.00,APPROVED
PA: PITTSBURGH,07/15/2015 12:21:00,,2154.00,1429.00,447.00,243.00,153.00,181.00,126.00,60.00,APPROVED
PA: PITTSBURGH,07/15/2015 13:21:00,,2111.00,1386.00,438.00,242.00,151.00,181.00,125.00,61.00,APPROVED
PA: PITTSBURGH,07/15/2015 14:21:00,,2066.00,1343.00,428.00,227.00,147.00,176.00,120.00,59.00,APPROVED
PA: PITTSBURGH,07/15/2015 15:22:00,,2028.00,1326.00,421.00,224.00,146.00,174.00,119.00,60.00,APPROVED
PA: PITTSBURGH,07/15/2015 16:22:00,,2000.00,1295.00,414.00,218.00,144.00,168.00,117.00,58.00,APPROVED
PA: PITTSBURGH,07/15/2015 17:22:00,,2138.00,1396.00,419.00,233.00,144.00,168.00,119.00,60.00,APPROVED
PA: PITTSBURGH,07/15/2015 18:22:00,,2226.00,1473.00,422.00,238.00,146.00,170.00,121.00,60.00,APPROVED
PA: PITTSBURGH,07/15/2015 19:22:00,,2187.00,1447.00,423.00,237.00,149.00,170.00,120.00,58.00,APPROVED
PA: PITTSBURGH,07/15/2015 20:23:00,,2203.00,1449.00,417.00,234.00,147.00,168.00,119.00,59.00,APPROVED
PA: PITTSBURGH,07/15/2015 21:23:00,,2171.00,1420.00,419.00,231.00,146.00,168.00,117.00,60.00,APPROVED
PA: PITTSBURGH,07/15/2015 22:23:00,,2166.00,1413.00,417.00,228.00,143.00,167.00,119.00,58.00,APPROVED
PA: PITTSBURGH,07/15/2015 23:23:00,,2176.00,1410.00,413.00,231.00,146.00,168.00,119.00,58.00,APPROVED
PA: PITTSBURGH,07/16/2015 00:23:00,,2271.00,1486.00,423.00,234.00,147.00,166.00,117.00,59.00,APPROVED
PA: PITTSBURGH,07/16/2015 01:24:00,,2333.00,1511.00,425.00,232.00,143.00,168.00,121.00,60.00,APPROVED
PA: PITTSBURGH,07/16/2015 02:24:00,,2339.00,1524.00,432.00,228.00,144.00,167.00,116.00,58.00,APPROVED
PA: PITTSBURGH,07/16/2015 03:24:00,,2167.00,1377.00,416.00,219.00,143.00,163.00,113.00,56.00,APPROVED
PA: PITTSBURGH,07/16/2015 04:24:00,,2126.00,1353.00,410.00,217.00,144.00,163.00,115.00,56.00,APPROVED
PA: PITTSBURGH,07/16/2015 05:24:00,,2163.00,1377.00,419.00,214.00,142.00,163.00,115.00,58.00,APPROVED
PA: PITTSBURGH,07/16/2015 06:25:00,,2206.00,1414.00,423.00,218.00,145.00,168.00,113.00,57.00,APPROVED
PA: PITTSBURGH,07/16/2015 07:25:00,,2247.00,1439.00,422.00,224.00,146.00,168.00,114.00,59.00,APPROVED
PA: PITTSBURGH,07/16/2015 08:25:00,,2302.00,1466.00,432.00,226.00,147.00,166.00,113.00,58.00,APPROVED
PA: PITTSBURGH,07/16/2015 09:25:00,,2337.00,1491.00,434.00,229.00,146.00,166.00,111.00,58.00,APPROVED
PA: PITTSBURGH,07/16/2015 10:25:00,,2376.00,1528.00,443.00,237.00,149.00,172.00,115.00,59.00,APPROVED
PA: PITTSBURGH,07/16/2015 11:26:00,,2372.00,1524.00,439.00,234.00,146.00,171.00,115.00,57.00,APPROVED
PA: PITTSBURGH,07/16/2015 12:26:00,,2348.00,1514.00,436.00,230.00,146.00,171.00,113.00,57.00,APPROVED
PA: PITTSBURGH,07/16/2015 13:26:00,,2274.00,1454.00,433.00,225.00,145.00,167.00,113.00,58.00,APPROVED
PA: PITTSBURGH,07/16/2015 14:26:00,,2189.00,1412.00,418.00,219.00,144.00,165.00,115.00,60.00,APPROVED
PA: PITTSBURGH,07/16/2015 15:26:00,,2107.00,1347.00,411.00,216.00,141.00,162.00,112.00,58.00,APPROVED
PA: PITTSBURGH,07/16/2015 16:27:00,,2032.00,1290.00,402.00,213.00,141.00,158.00,112.00,56.00,APPROVED
PA: PITTSBURGH,07/16/2015 17:27:00,,2180.00,1409.00,413.00,224.00,148.00,165.00,115.00,59.00,APPROVED
PA: PITTSBURGH,07/16/2015 18:27:00,,2157.00,1400.00,413.00,224.00,142.00,164.00,119.00,60.00,APPROVED
PA: PITTSBURGH,07/16/2015 19:27:00,,2121.00,1371.00,407.00,221.00,143.00,165.00,117.00,59.00,APPROVED
PA: PITTSBURGH,07/16/2015 20:27:00,,2098.00,1357.00,409.00,216.00,143.00,164.00,117.00,57.00,APPROVED
PA: PITTSBURGH,07/16/2015 21:28:00,,2072.00,1341.00,407.00,220.00,142.00,166.00,116.00,59.00,APPROVED
PA: PITTSBURGH,07/16/2015 22:28:00,,2078.00,1335.00,406.00,219.00,143.00,163.00,120.00,58.00,APPROVED
PA: PITTSBURGH,07/16/2015 23:28:00,,2144.00,1384.00,411.00,223.00,144.00,166.00,115.00,56.00,APPROVED
PA: PITTSBURGH,07/17/2015 00:28:00,,2221.00,1445.00,421.00,229.00,145.00,167.00,121.00,58.00,APPROVED
PA: PITTSBURGH,07/17/2015 01:28:00,,2341.00,1520.00,426.00,235.00,147.00,169.00,120.00,60.00,APPROVED
PA: PITTSBURGH,07/17/2015 02:29:00,,2400.00,1564.00,438.00,243.00,148.00,171.00,123.00,58.00,APPROVED
PA: PITTSBURGH,07/17/2015 03:29:00,,2292.00,1498.00,439.00,237.00,152.00,175.00,123.00,58.00,APPROVED
PA: PITTSBURGH,07/17/2015 04:29:00,,2292.00,1505.00,451.00,244.00,152.00,182.00,120.00,58.00,APPROVED
PA: PITTSBURGH,07/17/2015 05:29:00,,2329.00,1532.00,455.00,250.00,155.00,185.00,123.00,62.00,APPROVED
PA: PITTSBURGH,07/17/2015 06:29:00,,2355.00,1560.00,464.00,257.00,160.00,187.00,126.00,61.00,APPROVED
PA: PITTSBURGH,07/17/2015 07:30:00,,2371.00,1582.00,466.00,260.00,160.00,191.00,125.00,62.00,APPROVED
PA: PITTSBURGH,07/17/2015 08:30:00,,2420.00,1627.00,481.00,268.00,161.00,199.00,131.00,61.00,APPROVED
PA: PITTSBURGH,07/17/2015 09:30:00,,2469.00,1673.00,485.00,279.00,167.00,196.00,131.00,62.00,APPROVED
PA: PITTSBURGH,07/17/2015 10:30:00,,2511.00,1710.00,500.00,284.00,165.00,201.00,132.00,64.00,APPROVED
PA: PITTSBURGH,07/17/2015 11:30:00,,2527.00,1729.00,506.00,290.00,171.00,206.00,134.00,62.00,APPROVED
PA: PITTSBURGH,07/17/2015 12:31:00,,2483.00,1708.00,506.00,285.00,170.00,210.00,136.00,63.00,APPROVED
PA: PITTSBURGH,07/17/2015 13:31:00,,2333.00,1578.00,486.00,272.00,162.00,202.00,132.00,62.00,APPROVED
PA: PITTSBURGH,07/17/2015 14:31:00,,2227.00,1509.00,469.00,254.00,161.00,189.00,128.00,62.00,APPROVED
PA: PITTSBURGH,07/17/2015 15:31:00,,2344.00,1586.00,461.00,265.00,158.00,187.00,129.00,66.00,APPROVED
PA: PITTSBURGH,07/17/2015 16:31:00,,2336.00,1584.00,455.00,267.00,160.00,187.00,127.00,63.00,APPROVED
PA: PITTSBURGH,07/17/2015 17:32:00,,2297.00,1556.00,461.00,266.00,159.00,189.00,130.00,62.00,APPROVED
PA: PITTSBURGH,07/17/2015 18:32:00,,2321.00,1578.00,450.00,264.00,159.00,185.00,128.00,63.00,APPROVED
PA: PITTSBURGH,07/17/2015 19:32:00,,2320.00,1564.00,455.00,260.00,160.00,184.00,131.00,63.00,APPROVED
PA: PITTSBURGH,07/17/2015 20:32:00,,2344.00,1587.00,461.00,267.00,160.00,188.00,132.00,64.00,APPROVED
PA: PITTSBURGH,07/17/2015 21:32:00,,2303.00,1578.00,458.00,270.00,159.00,190.00,129.00,63.00,APPROVED
PA: PITTSBURGH,07/17/2015 22:33:00,,2308.00,1564.00,458.00,269.00,161.00,188.00,132.00,64.00,APPROVED
PA: PITTSBURGH,07/17/2015 23:33:00,,2283.00,1549.00,454.00,272.00,161.00,187.00,130.00,63.00,APPROVED
PA: PITTSBURGH,07/18/2015 00:33:00,,2316.00,1584.00,462.00,272.00,159.00,191.00,130.00,64.00,APPROVED
PA: PITTSBURGH,07/18/2015 01:33:00,,2351.00,1594.00,463.00,275.00,163.00,193.00,132.00,64.00,APPROVED
PA: PITTSBURGH,07/18/2015 02:33:00,,2389.00,1618.00,466.00,280.00,162.00,192.00,133.00,63.00,APPROVED
PA: PITTSBURGH,07/18/2015 03:34:00,,2388.00,1636.00,469.00,282.00,162.00,195.00,131.00,63.00,APPROVED
PA: PITTSBURGH,07/18/2015 04:34:00,,2417.00,1640.00,465.00,279.00,162.00,190.00,130.00,64.00,APPROVED
PA: PITTSBURGH,07/18/2015 05:34:00,,2425.00,1655.00,468.00,283.00,166.00,195.00,135.00,63.00,APPROVED
PA: PITTSBURGH,07/18/2015 06:34:00,,2444.00,1670.00,472.00,284.00,165.00,193.00,134.00,64.00,APPROVED
PA: PITTSBURGH,07/18/2015 07:34:00,,2469.00,1668.00,477.00,280.00,165.00,197.00,130.00,64.00,APPROVED
PA: PITTSBURGH,07/18/2015 08:35:00,,2491.00,1701.00,483.00,293.00,163.00,198.00,136.00,64.00,APPROVED
PA: PITTSBURGH,07/18/2015 09:35:00,,2515.00,1748.00,493.00,299.00,169.00,202.00,137.00,65.00,APPROVED
PA: PITTSBURGH,07/18/2015 10:35:00,,2547.00,1769.00,493.00,304.00,173.00,209.00,139.00,66.00,APPROVED
PA: PITTSBURGH,07/18/2015 11:35:00,,2554.00,1776.00,497.00,304.00,171.00,205.00,139.00,66.00,APPROVED
PA: PITTSBURGH,07/18/2015 12:35:00,,2542.00,1759.00,494.00,298.00,171.00,206.00,139.00,64.00,APPROVED
PA: PITTSBURGH,07/18/2015 13:36:00,,2487.00,1718.00,485.00,295.00,166.00,201.00,135.00,64.00,APPROVED
PA: PITTSBURGH,07/18/2015 14:36:00,,2405.00,1647.00,474.00,277.00,163.00,194.00,132.00,63.00,APPROVED
PA: PITTSBURGH,07/18/2015 15:36:00,,2326.00,1575.00,463.00,272.00,160.00,191.00,129.00,61.00,APPROVED
PA: PITTSBURGH,07/18/2015 16:36:00,,2232.00,1510.00,447.00,261.00,160.00,183.00,128.00,64.00,APPROVED
PA: PITTSBURGH,07/18/2015 17:36:00,,2199.00,1472.00,437.00,251.00,156.00,181.00,128.00,63.00,APPROVED
PA: PITTSBURGH,07/18/2015 18:37:00,,2148.00,1426.00,434.00,253.00,152.00,181.00,128.00,63.00,APPROVED
PA: PITTSBURGH,07/18/2015 19:37:00,,2123.00,1415.00,429.00,239.00,150.00,177.00,125.00,61.00,APPROVED
PA: PITTSBURGH,07/18/2015 20:37:00,,2131.00,1418.00,433.00,244.00,149.00,181.00,128.00,61.00,APPROVED
PA: PITTSBURGH,07/18/2015 21:37:00,,2141.00,1424.00,433.00,245.00,151.00,180.00,126.00,62.00,APPROVED
PA: PITTSBURGH,07/18/2015 22:37:00,,2144.00,1428.00,436.00,248.00,150.00,180.00,126.00,61.00,APPROVED
PA: PITTSBURGH,07/18/2015 23:38:00,,2162.00,1440.00,437.00,247.00,155.00,179.00,127.00,63.00,APPROVED
PA: PITTSBURGH,07/19/2015 00:38:00,,2218.00,1489.00,442.00,253.00,154.00,184.00,128.00,61.00,APPROVED
PA: PITTSBURGH,07/19/2015 01:38:00,,2279.00,1544.00,455.00,265.00,159.00,188.00,129.00,63.00,APPROVED
PA: PITTSBURGH,07/19/2015 02:38:00,,2338.00,1583.00,463.00,271.00,162.00,191.00,129.00,62.00,APPROVED
PA: PITTSBURGH,07/19/2015 03:38:00,,2370.00,1617.00,465.00,278.00,161.00,194.00,131.00,63.00,APPROVED
PA: PITTSBURGH,07/19/2015 04:39:00,,2397.00,1632.00,470.00,282.00,163.00,199.00,129.00,64.00,APPROVED
PA: PITTSBURGH,07/19/2015 05:39:00,,2441.00,1679.00,480.00,286.00,166.00,200.00,134.00,63.00,APPROVED
PA: PITTSBURGH,07/19/2015 06:39:00,,2477.00,1729.00,488.00,302.00,169.00,202.00,139.00,65.00,APPROVED
PA: PITTSBURGH,07/19/2015 07:39:00,,2573.00,1873.00,518.00,338.00,181.00,223.00,146.00,67.00,APPROVED
PA: PITTSBURGH,07/19/2015 08:39:00,,2656.00,1961.00,541.00,361.00,191.00,235.00,151.00,72.00,APPROVED
PA: PITTSBURGH,07/19/2015 09:40:00,,2671.00,1988.00,549.00,369.00,197.00,242.00,155.00,73.00,APPROVED
PA: PITTSBURGH,07/19/2015 10:40:00,,2641.00,1942.00,545.00,360.00,190.00,238.00,154.00,73.00,APPROVED
PA: PITTSBURGH,07/19/2015 11:40:00,,2646.00,1909.00,529.00,347.00,184.00,226.00,151.00,71.00,APPROVED
PA: PITTSBURGH,07/19/2015 12:40:00,,2620.00,1886.00,525.00,333.00,185.00,224.00,148.00,70.00,APPROVED
PA: PITTSBURGH,07/19/2015 13:40:00,,2574.00,1830.00,510.00,321.00,176.00,213.00,143.00,69.00,APPROVED
PA: PITTSBURGH,07/19/2015 14:41:00,,2443.00,1708.00,496.00,302.00,171.00,209.00,138.00,64.00,APPROVED
PA: PITTSBURGH,07/19/2015 15:41:00,,2361.00,1634.00,478.00,287.00,168.00,200.00,136.00,65.00,APPROVED
PA: PITTSBURGH,07/19/2015 16:41:00,,2251.00,1524.00,462.00,269.00,159.00,194.00,133.00,66.00,APPROVED
PA: PITTSBURGH,07/19/2015 17:41:00,,2199.00,1495.00,453.00,264.00,158.00,186.00,133.00,63.00,APPROVED
PA: PITTSBURGH,07/19/2015 18:41:00,,2178.00,1468.00,447.00,259.00,156.00,190.00,131.00,64.00,APPROVED
PA: PITTSBURGH,07/19/2015 19:42:00,,2176.00,1455.00,449.00,258.00,154.00,187.00,131.00,66.00,APPROVED
PA: PITTSBURGH,07/19/2015 20:42:00,,2183.00,1462.00,445.00,257.00,156.00,188.00,129.00,63.00,APPROVED
PA: PITTSBURGH,07/19/2015 21:42:00,,2166.00,1461.00,446.00,255.00,156.00,185.00,126.00,63.00,APPROVED
PA: PITTSBURGH,07/19/2015 22:42:00,,2205.00,1491.00,447.00,255.00,157.00,188.00,130.00,65.00,APPROVED
PA: PITTSBURGH,07/19/2015 23:43:00,,2267.00,1542.00,455.00,264.00,159.00,188.00,132.00,63.00,APPROVED
PA: PITTSBURGH,07/20/2015 00:43:00,,3083.00,2295.00,623.00,412.00,208.00,268.00,166.00,80.00,APPROVED
PA: PITTSBURGH,07/20/2015 01:43:00,,2654.00,1877.00,532.00,332.00,181.00,221.00,146.00,67.00,APPROVED
PA: PITTSBURGH,07/20/2015 02:43:00,,2453.00,1655.00,468.00,274.00,161.00,190.00,129.00,64.00,APPROVED
PA: PITTSBURGH,07/20/2015 03:43:00,,2390.00,1585.00,451.00,256.00,154.00,179.00,122.00,61.00,APPROVED
PA: PITTSBURGH,07/20/2015 04:44:00,,2401.00,1586.00,447.00,254.00,151.00,178.00,120.00,63.00,APPROVED
PA: PITTSBURGH,07/20/2015 05:44:00,,2404.00,1603.00,454.00,254.00,153.00,179.00,123.00,61.00,APPROVED
PA: PITTSBURGH,07/20/2015 06:44:00,,2421.00,1610.00,458.00,258.00,154.00,179.00,125.00,60.00,APPROVED
PA: PITTSBURGH,07/20/2015 07:44:00,,2443.00,1632.00,457.00,258.00,157.00,180.00,124.00,61.00,APPROVED
PA: PITTSBURGH,07/20/2015 08:44:00,,2475.00,1643.00,460.00,264.00,153.00,184.00,127.00,61.00,APPROVED
PA: PITTSBURGH,07/20/2015 09:45:00,,2481.00,1667.00,463.00,271.00,158.00,186.00,125.00,60.00,APPROVED
PA: PITTSBURGH,07/20/2015 10:45:00,,2512.00,1692.00,463.00,273.00,159.00,188.00,131.00,62.00,APPROVED
PA: PITTSBURGH,07/20/2015 11:45:00,,2530.00,1703.00,474.00,273.00,160.00,190.00,131.00,61.00,APPROVED
PA: PITTSBURGH,07/20/2015 12:45:00,,2533.00,1711.00,479.00,283.00,163.00,189.00,131.00,62.00,APPROVED
PA: PITTSBURGH,07/20/2015 13:45:00,,2488.00,1699.00,478.00,283.00,161.00,194.00,130.00,63.00,APPROVED
PA: PITTSBURGH,07/20/2015 14:29:00,,2449.00,1660.00,465.00,283.00,162.00,195.00,131.00,62.00,APPROVED
PA: PITTSBURGH,07/20/2015 15:38:00,,2325.00,1489.00,429.00,232.00,149.00,169.00,116.00,58.00,APPROVED
PA: PITTSBURGH,07/20/2015 16:39:00,,2242.00,1478.00,430.00,243.00,152.00,176.00,124.00,61.00,APPROVED
PA: PITTSBURGH,07/20/2015 17:39:00,,2169.00,1433.00,427.00,236.00,148.00,173.00,122.00,59.00,APPROVED
PA: PITTSBURGH,07/20/2015 18:39:00,,2133.00,1388.00,419.00,235.00,147.00,173.00,123.00,60.00,APPROVED
PA: PITTSBURGH,07/20/2015 19:39:00,,2092.00,1363.00,413.00,229.00,147.00,172.00,124.00,61.00,APPROVED
PA: PITTSBURGH,07/20/2015 20:39:00,,2112.00,1368.00,416.00,234.00,146.00,173.00,122.00,60.00,APPROVED
PA: PITTSBURGH,07/20/2015 21:40:00,,2159.00,1403.00,424.00,237.00,146.00,173.00,123.00,60.00,APPROVED
PA: PITTSBURGH,07/20/2015 22:40:00,,2154.00,1418.00,430.00,243.00,150.00,174.00,124.00,61.00,APPROVED
PA: PITTSBURGH,07/20/2015 23:40:00,,2181.00,1436.00,422.00,241.00,154.00,178.00,125.00,61.00,APPROVED
PA: PITTSBURGH,07/21/2015 00:40:00,,2217.00,1474.00,433.00,248.00,152.00,178.00,126.00,60.00,APPROVED
PA: PITTSBURGH,07/21/2015 01:40:00,,2272.00,1510.00,437.00,248.00,152.00,179.00,121.00,61.00,APPROVED
PA: PITTSBURGH,07/21/2015 02:41:00,,2351.00,1569.00,446.00,257.00,157.00,181.00,126.00,60.00,APPROVED
PA: PITTSBURGH,07/21/2015 03:41:00,,2393.00,1612.00,460.00,268.00,159.00,187.00,129.00,63.00,APPROVED
PA: PITTSBURGH,07/21/2015 04:41:00,,2430.00,1640.00,471.00,275.00,166.00,196.00,131.00,65.00,APPROVED
PA: PITTSBURGH,07/21/2015 05:41:00,,2519.00,1752.00,496.00,304.00,171.00,206.00,137.00,66.00,APPROVED
PA: PITTSBURGH,07/21/2015 06:41:00,,2549.00,1779.00,497.00,310.00,174.00,208.00,142.00,68.00,APPROVED
PA: PITTSBURGH,07/21/2015 07:42:00,,2547.00,1760.00,494.00,304.00,173.00,207.00,140.00,65.00,APPROVED
PA: PITTSBURGH,07/21/2015 08:42:00,,2507.00,1723.00,476.00,288.00,165.00,200.00,135.00,62.00,APPROVED
PA: PITTSBURGH,07/21/2015 09:42:00,,2521.00,1698.00,476.00,285.00,166.00,190.00,129.00,63.00,APPROVED
PA: PITTSBURGH,07/21/2015 10:42:00,,2533.00,1718.00,478.00,284.00,163.00,195.00,130.00,63.00,APPROVED
PA: PITTSBURGH,07/21/2015 11:42:00,,2530.00,1730.00,479.00,285.00,165.00,191.00,131.00,63.00,APPROVED
PA: PITTSBURGH,07/21/2015 12:43:00,,2517.00,1703.00,481.00,278.00,162.00,197.00,131.00,64.00,APPROVED
PA: PITTSBURGH,07/21/2015 13:43:00,,2480.00,1680.00,476.00,280.00,165.00,194.00,131.00,63.00,APPROVED
PA: PITTSBURGH,07/21/2015 14:43:00,,2446.00,1648.00,466.00,276.00,162.00,191.00,128.00,62.00,APPROVED
PA: PITTSBURGH,07/21/2015 15:43:00,,2363.00,1603.00,465.00,271.00,158.00,192.00,129.00,64.00,APPROVED
PA: PITTSBURGH,07/21/2015 16:44:00,,2260.00,1523.00,447.00,259.00,156.00,184.00,127.00,62.00,APPROVED
PA: PITTSBURGH,07/21/2015 17:44:00,,2213.00,1474.00,441.00,256.00,154.00,184.00,128.00,62.00,APPROVED
PA: PITTSBURGH,07/21/2015 18:44:00,,2207.00,1465.00,435.00,247.00,157.00,182.00,128.00,64.00,APPROVED
PA: PITTSBURGH,07/21/2015 19:44:00,,2381.00,1608.00,461.00,266.00,162.00,190.00,130.00,63.00,APPROVED
PA: PITTSBURGH,07/21/2015 20:44:00,,2484.00,1685.00,478.00,283.00,163.00,191.00,129.00,64.00,APPROVED
PA: PITTSBURGH,07/21/2015 21:45:00,,2400.00,1616.00,466.00,268.00,159.00,189.00,131.00,61.00,APPROVED
PA: PITTSBURGH,07/21/2015 22:45:00,,2234.00,1479.00,433.00,244.00,156.00,176.00,125.00,62.00,APPROVED
PA: PITTSBURGH,07/21/2015 23:45:00,,2231.00,1466.00,432.00,239.00,150.00,171.00,122.00,60.00,APPROVED
PA: PITTSBURGH,07/22/2015 00:45:00,,2319.00,1503.00,430.00,237.00,150.00,169.00,122.00,59.00,APPROVED
PA: PITTSBURGH,07/22/2015 01:45:00,,2373.00,1538.00,437.00,235.00,148.00,170.00,121.00,60.00,APPROVED
PA: PITTSBURGH,07/22/2015 02:46:00,,2413.00,1573.00,445.00,239.00,149.00,167.00,119.00,59.00,APPROVED
PA: PITTSBURGH,07/22/2015 03:46:00,,2282.00,1488.00,429.00,232.00,149.00,169.00,119.00,58.00,APPROVED
PA: PITTSBURGH,07/22/2015 04:46:00,,2228.00,1435.00,432.00,229.00,150.00,171.00,120.00,59.00,APPROVED
PA: PITTSBURGH,07/22/2015 05:46:00,,2253.00,1469.00,445.00,236.00,151.00,176.00,122.00,59.00,APPROVED
PA: PITTSBURGH,07/22/2015 06:46:00,,2297.00,1500.00,446.00,240.00,151.00,183.00,118.00,60.00,APPROVED
PA: PITTSBURGH,07/22/2015 07:47:00,,2323.00,1531.00,456.00,247.00,152.00,182.00,122.00,62.00,APPROVED
PA: PITTSBURGH,07/22/2015 08:47:00,,2368.00,1561.00,462.00,247.00,154.00,183.00,124.00,62.00,APPROVED
PA: PITTSBURGH,07/22/2015 09:47:00,,2405.00,1611.00,473.00,261.00,161.00,185.00,126.00,62.00,APPROVED
PA: PITTSBURGH,07/22/2015 10:47:00,,2415.00,1595.00,473.00,256.00,158.00,190.00,126.00,61.00,APPROVED
PA: PITTSBURGH,07/22/2015 11:47:00,,2404.00,1595.00,467.00,257.00,161.00,189.00,125.00,59.00,APPROVED
PA: PITTSBURGH,07/22/2015 12:48:00,,2358.00,1566.00,473.00,254.00,159.00,189.00,125.00,60.00,APPROVED
PA: PITTSBURGH,07/22/2015 13:48:00,,2268.00,1494.00,453.00,240.00,156.00,183.00,121.00,59.00,APPROVED
PA: PITTSBURGH,07/22/2015 14:48:00,,2167.00,1415.00,438.00,232.00,152.00,176.00,122.00,60.00,APPROVED
PA: PITTSBURGH,07/22/2015 15:48:00,,2102.00,1360.00,425.00,221.00,151.00,171.00,122.00,59.00,APPROVED
PA: PITTSBURGH,07/22/2015 16:48:00,,2243.00,1477.00,434.00,239.00,151.00,172.00,123.00,60.00,APPROVED
PA: PITTSBURGH,07/22/2015 17:49:00,,2276.00,1505.00,441.00,242.00,151.00,172.00,124.00,61.00,APPROVED
PA: PITTSBURGH,07/22/2015 18:49:00,,2257.00,1492.00,434.00,236.00,149.00,171.00,119.00,60.00,APPROVED
PA: PITTSBURGH,07/22/2015 19:49:00,,2233.00,1462.00,431.00,236.00,148.00,171.00,120.00,59.00,APPROVED
PA: PITTSBURGH,07/22/2015 20:49:00,,2246.00,1458.00,426.00,236.00,149.00,171.00,119.00,59.00,APPROVED
PA: PITTSBURGH,07/22/2015 21:49:00,,2218.00,1447.00,432.00,228.00,151.00,170.00,122.00,57.00,APPROVED
PA: PITTSBURGH,07/22/2015 22:50:00,,2191.00,1443.00,427.00,233.00,149.00,173.00,120.00,60.00,APPROVED
PA: PITTSBURGH,07/22/2015 23:50:00,,2273.00,1479.00,432.00,232.00,149.00,167.00,121.00,62.00,APPROVED
PA: PITTSBURGH,07/23/2015 00:50:00,,2348.00,1527.00,436.00,237.00,149.00,173.00,118.00,59.00,APPROVED
PA: PITTSBURGH,07/23/2015 01:50:00,,2412.00,1569.00,445.00,239.00,151.00,173.00,119.00,58.00,APPROVED
PA: PITTSBURGH,07/23/2015 02:50:00,,2476.00,1618.00,451.00,250.00,153.00,175.00,122.00,59.00,APPROVED
PA: PITTSBURGH,07/23/2015 03:51:00,,2391.00,1566.00,451.00,247.00,153.00,177.00,123.00,61.00,APPROVED
PA: PITTSBURGH,07/23/2015 04:51:00,,2264.00,1468.00,445.00,235.00,151.00,176.00,121.00,59.00,APPROVED
PA: PITTSBURGH,07/23/2015 05:51:00,,2264.00,1499.00,448.00,239.00,155.00,181.00,122.00,60.00,APPROVED
PA: PITTSBURGH,07/23/2015 06:51:00,,2314.00,1545.00,462.00,253.00,158.00,187.00,126.00,62.00,APPROVED
PA: PITTSBURGH,07/23/2015 07:51:00,,2353.00,1566.00,470.00,254.00,161.00,190.00,130.00,60.00,APPROVED
PA: PITTSBURGH,07/23/2015 08:52:00,,2416.00,1622.00,484.00,268.00,164.00,197.00,129.00,62.00,APPROVED
PA: PITTSBURGH,07/23/2015 09:52:00,,2452.00,1659.00,487.00,271.00,168.00,198.00,131.00,62.00,APPROVED
PA: PITTSBURGH,07/23/2015 10:52:00,,2535.00,1733.00,503.00,285.00,173.00,205.00,134.00,64.00,APPROVED
PA: PITTSBURGH,07/23/2015 11:52:00,,2589.00,1799.00,532.00,301.00,178.00,217.00,139.00,64.00,APPROVED
PA: PITTSBURGH,07/23/2015 12:52:00,,2530.00,1776.00,532.00,308.00,177.00,222.00,143.00,65.00,APPROVED
PA: PITTSBURGH,07/23/2015 13:51:00,,2395.00,1669.00,510.00,288.00,172.00,211.00,136.00,65.00,APPROVED
PA: PITTSBURGH,07/23/2015 14:58:00,,2170.00,1385.00,424.00,219.00,145.00,166.00,118.00,57.00,APPROVED
PA: PITTSBURGH,07/23/2015 15:59:00,,2216.00,1444.00,430.00,236.00,150.00,170.00,121.00,59.00,APPROVED
PA: PITTSBURGH,07/23/2015 16:59:00,,2217.00,1447.00,425.00,237.00,150.00,174.00,122.00,61.00,APPROVED
PA: PITTSBURGH,07/23/2015 17:59:00,,2211.00,1445.00,433.00,238.00,151.00,175.00,122.00,59.00,APPROVED
PA: PITTSBURGH,07/23/2015 18:59:00,,2186.00,1424.00,427.00,238.00,152.00,173.00,124.00,61.00,APPROVED
PA: PITTSBURGH,07/23/2015 19:59:00,,2136.00,1400.00,426.00,237.00,152.00,175.00,124.00,59.00,APPROVED
PA: PITTSBURGH,07/23/2015 21:00:00,,2180.00,1428.00,427.00,237.00,151.00,175.00,123.00,60.00,APPROVED
PA: PITTSBURGH,07/23/2015 22:00:00,,2179.00,1426.00,427.00,236.00,150.00,174.00,124.00,60.00,APPROVED
PA: PITTSBURGH,07/23/2015 23:00:00,,2182.00,1431.00,431.00,237.00,152.00,175.00,122.00,61.00,APPROVED
PA: PITTSBURGH,07/24/2015 00:00:00,,2216.00,1453.00,435.00,241.00,156.00,174.00,126.00,59.00,APPROVED
PA: PITTSBURGH,07/24/2015 01:00:00,,2274.00,1493.00,443.00,246.00,154.00,178.00,125.00,61.00,APPROVED
PA: PITTSBURGH,07/24/2015 02:01:00,,2356.00,1559.00,447.00,253.00,152.00,180.00,126.00,62.00,APPROVED
PA: PITTSBURGH,07/24/2015 03:01:00,,2407.00,1622.00,452.00,259.00,156.00,182.00,126.00,60.00,APPROVED
PA: PITTSBURGH,07/24/2015 04:01:00,,2515.00,1702.00,474.00,275.00,163.00,184.00,128.00,62.00,APPROVED
PA: PITTSBURGH,07/24/2015 05:01:00,,2605.00,1754.00,482.00,279.00,166.00,190.00,129.00,63.00,APPROVED
PA: PITTSBURGH,07/24/2015 06:01:00,,2627.00,1788.00,491.00,288.00,163.00,200.00,132.00,63.00,APPROVED
PA: PITTSBURGH,07/24/2015 07:02:00,,2401.00,1623.00,488.00,267.00,167.00,197.00,130.00,62.00,APPROVED
PA: PITTSBURGH,07/24/2015 08:02:00,,2361.00,1595.00,499.00,265.00,170.00,202.00,130.00,61.00,APPROVED
PA: PITTSBURGH,07/24/2015 09:02:00,,2398.00,1647.00,528.00,281.00,177.00,221.00,138.00,64.00,APPROVED
PA: PITTSBURGH,07/24/2015 10:02:00,,2478.00,1741.00,552.00,292.00,184.00,229.00,142.00,66.00,APPROVED
PA: PITTSBURGH,07/24/2015 11:02:00,,2528.00,1786.00,560.00,307.00,184.00,235.00,143.00,66.00,APPROVED
PA: PITTSBURGH,07/24/2015 12:03:00,,2573.00,1851.00,583.00,313.00,191.00,247.00,149.00,66.00,APPROVED
PA: PITTSBURGH,07/24/2015 13:03:00,,2527.00,1836.00,593.00,317.00,194.00,248.00,151.00,69.00,APPROVED
PA: PITTSBURGH,07/24/2015 14:03:00,,2671.00,1953.00,577.00,353.00,189.00,243.00,157.00,70.00,APPROVED
PA: PITTSBURGH,07/24/2015 15:03:00,,2574.00,1828.00,522.00,321.00,179.00,221.00,143.00,67.00,APPROVED
PA: PITTSBURGH,07/24/2015 16:03:00,,2338.00,1598.00,474.00,280.00,164.00,194.00,132.00,66.00,APPROVED
PA: PITTSBURGH,07/24/2015 17:04:00,,2267.00,1522.00,451.00,260.00,157.00,184.00,130.00,64.00,APPROVED
PA: PITTSBURGH,07/24/2015 18:04:00,,2221.00,1497.00,450.00,253.00,154.00,182.00,126.00,63.00,APPROVED
PA: PITTSBURGH,07/24/2015 19:04:00,,2198.00,1471.00,441.00,248.00,155.00,180.00,127.00,64.00,APPROVED
PA: PITTSBURGH,07/24/2015 20:04:00,,2193.00,1454.00,443.00,250.00,154.00,182.00,127.00,62.00,APPROVED
PA: PITTSBURGH,07/24/2015 21:04:00,,2189.00,1459.00,446.00,250.00,158.00,182.00,128.00,61.00,APPROVED
PA: PITTSBURGH,07/24/2015 22:05:00,,2175.00,1456.00,445.00,245.00,157.00,185.00,130.00,62.00,APPROVED
PA: PITTSBURGH,07/24/2015 23:05:00,,2194.00,1457.00,451.00,249.00,159.00,182.00,127.00,61.00,APPROVED
PA: PITTSBURGH,07/25/2015 00:05:00,,2239.00,1497.00,452.00,254.00,156.00,182.00,129.00,62.00,APPROVED
PA: PITTSBURGH,07/25/2015 01:05:00,,2271.00,1532.00,453.00,252.00,159.00,185.00,129.00,66.00,APPROVED
PA: PITTSBURGH,07/25/2015 02:05:00,,2326.00,1566.00,455.00,257.00,157.00,186.00,128.00,62.00,APPROVED
PA: PITTSBURGH,07/25/2015 03:06:00,,2416.00,1634.00,463.00,267.00,159.00,190.00,131.00,63.00,APPROVED
PA: PITTSBURGH,07/25/2015 04:06:00,,2510.00,1730.00,483.00,282.00,167.00,198.00,135.00,65.00,APPROVED
PA: PITTSBURGH,07/25/2015 05:06:00,,2586.00,1795.00,493.00,296.00,169.00,201.00,136.00,64.00,APPROVED
PA: PITTSBURGH,07/25/2015 06:06:00,,2687.00,1876.00,512.00,314.00,175.00,212.00,141.00,67.00,APPROVED
PA: PITTSBURGH,07/25/2015 07:06:00,,2752.00,1942.00,527.00,322.00,178.00,216.00,141.00,67.00,APPROVED
PA: PITTSBURGH,07/25/2015 08:07:00,,2811.00,2010.00,538.00,335.00,182.00,223.00,142.00,68.00,APPROVED
PA: PITTSBURGH,07/25/2015 09:07:00,,2871.00,2057.00,555.00,344.00,188.00,225.00,149.00,70.00,APPROVED
PA: PITTSBURGH,07/25/2015 10:07:00,,2841.00,2045.00,566.00,348.00,193.00,236.00,149.00,70.00,APPROVED
PA: PITTSBURGH,07/25/2015 11:07:00,,2641.00,1899.00,575.00,330.00,193.00,245.00,152.00,68.00,APPROVED
PA: PITTSBURGH,07/25/2015 12:07:00,,2656.00,1929.00,604.00,335.00,197.00,255.00,157.00,71.00,APPROVED
PA: PITTSBURGH,07/25/2015 13:08:00,,2622.00,1915.00,619.00,342.00,200.00,258.00,160.00,73.00,APPROVED
PA: PITTSBURGH,07/25/2015 14:08:00,,2723.00,2024.00,585.00,375.00,200.00,253.00,160.00,73.00,APPROVED
PA: PITTSBURGH,07/25/2015 15:08:00,,2624.00,1909.00,542.00,346.00,189.00,231.00,151.00,70.00,APPROVED
PA: PITTSBURGH,07/25/2015 16:08:00,,2431.00,1695.00,502.00,305.00,176.00,210.00,145.00,68.00,APPROVED
PA: PITTSBURGH,07/25/2015 17:08:00,,2300.00,1580.00,469.00,277.00,167.00,200.00,137.00,65.00,APPROVED
PA: PITTSBURGH,07/25/2015 18:09:00,,2229.00,1517.00,458.00,265.00,163.00,188.00,134.00,65.00,APPROVED
PA: PITTSBURGH,07/25/2015 19:09:00,,2167.00,1445.00,444.00,252.00,156.00,185.00,129.00,65.00,APPROVED
PA: PITTSBURGH,07/25/2015 20:09:00,,2110.00,1408.00,444.00,245.00,156.00,184.00,129.00,65.00,APPROVED
PA: PITTSBURGH,07/25/2015 21:09:00,,2106.00,1387.00,437.00,240.00,154.00,179.00,128.00,61.00,APPROVED
PA: PITTSBURGH,07/25/2015 22:09:00,,2114.00,1403.00,443.00,241.00,156.00,181.00,130.00,62.00,APPROVED
PA: PITTSBURGH,07/25/2015 23:10:00,,2159.00,1435.00,442.00,247.00,158.00,185.00,132.00,64.00,APPROVED
PA: PITTSBURGH,07/26/2015 00:10:00,,2231.00,1487.00,458.00,255.00,160.00,189.00,130.00,63.00,APPROVED
PA: PITTSBURGH,07/26/2015 01:10:00,,2302.00,1564.00,466.00,269.00,163.00,190.00,132.00,64.00,APPROVED
PA: PITTSBURGH,07/26/2015 02:10:00,,2379.00,1621.00,473.00,277.00,162.00,197.00,135.00,66.00,APPROVED
PA: PITTSBURGH,07/26/2015 03:10:00,,2441.00,1686.00,484.00,284.00,168.00,199.00,141.00,65.00,APPROVED
PA: PITTSBURGH,07/26/2015 04:11:00,,2483.00,1741.00,504.00,299.00,173.00,207.00,139.00,64.00,APPROVED
PA: PITTSBURGH,07/26/2015 05:11:00,,2606.00,1850.00,520.00,317.00,178.00,215.00,144.00,67.00,APPROVED
PA: PITTSBURGH,07/26/2015 06:11:00,,2736.00,1999.00,548.00,359.00,196.00,233.00,153.00,73.00,APPROVED
PA: PITTSBURGH,07/26/2015 07:11:00,,2811.00,2087.00,570.00,382.00,198.00,247.00,163.00,73.00,APPROVED
PA: PITTSBURGH,07/26/2015 08:11:00,,2913.00,2208.00,598.00,409.00,211.00,262.00,165.00,75.00,APPROVED
PA: PITTSBURGH,07/26/2015 09:12:00,,2983.00,2279.00,618.00,425.00,219.00,272.00,171.00,76.00,APPROVED
PA: PITTSBURGH,07/26/2015 10:12:00,,3128.00,2464.00,661.00,472.00,232.00,294.00,184.00,82.00,APPROVED
PA: PITTSBURGH,07/26/2015 11:12:00,,3168.00,2533.00,675.00,497.00,236.00,309.00,188.00,81.00,APPROVED
PA: PITTSBURGH,07/26/2015 12:12:00,,3157.00,2579.00,691.00,510.00,242.00,316.00,194.00,83.00,APPROVED
PA: PITTSBURGH,07/26/2015 13:12:00,,2983.00,2381.00,660.00,476.00,234.00,299.00,183.00,82.00,APPROVED
PA: PITTSBURGH,07/26/2015 14:13:00,,2702.00,2019.00,579.00,390.00,203.00,253.00,164.00,76.00,APPROVED
PA: PITTSBURGH,07/26/2015 15:13:00,,2542.00,1846.00,531.00,335.00,184.00,227.00,151.00,71.00,APPROVED
PA: PITTSBURGH,07/26/2015 16:13:00,,2397.00,1701.00,498.00,303.00,176.00,212.00,141.00,67.00,APPROVED
PA: PITTSBURGH,07/26/2015 17:13:00,,2325.00,1621.00,487.00,289.00,169.00,205.00,137.00,70.00,APPROVED
PA: PITTSBURGH,07/26/2015 18:13:00,,2299.00,1603.00,485.00,285.00,168.00,199.00,141.00,68.00,APPROVED
PA: PITTSBURGH,07/26/2015 19:14:00,,2287.00,1595.00,482.00,279.00,169.00,201.00,140.00,66.00,APPROVED
PA: PITTSBURGH,07/26/2015 20:14:00,,2327.00,1620.00,489.00,293.00,169.00,204.00,141.00,70.00,APPROVED
PA: PITTSBURGH,07/26/2015 21:14:00,,2380.00,1649.00,494.00,296.00,171.00,206.00,141.00,67.00,APPROVED
PA: PITTSBURGH,07/26/2015 22:14:00,,2384.00,1684.00,494.00,296.00,174.00,209.00,142.00,68.00,APPROVED
PA: PITTSBURGH,07/26/2015 23:15:00,,2402.00,1677.00,494.00,299.00,173.00,207.00,142.00,68.00,APPROVED
PA: PITTSBURGH,07/27/2015 00:15:00,,2428.00,1691.00,497.00,295.00,174.00,207.00,142.00,68.00,APPROVED
PA: PITTSBURGH,07/27/2015 01:15:00,,2466.00,1730.00,506.00,312.00,175.00,211.00,142.00,69.00,APPROVED
PA: PITTSBURGH,07/27/2015 02:15:00,,2512.00,1794.00,517.00,318.00,179.00,215.00,143.00,68.00,APPROVED
PA: PITTSBURGH,07/27/2015 03:15:00,,2612.00,1883.00,536.00,335.00,185.00,227.00,150.00,71.00,APPROVED
PA: PITTSBURGH,07/27/2015 04:15:00,,2708.00,1990.00,561.00,364.00,193.00,240.00,155.00,74.00,APPROVED
PA: PITTSBURGH,07/27/2015 05:16:00,,2821.00,2109.00,581.00,384.00,203.00,250.00,164.00,76.00,APPROVED
PA: PITTSBURGH,07/27/2015 06:16:00,,2902.00,2208.00,605.00,415.00,210.00,266.00,170.00,75.00,APPROVED
PA: PITTSBURGH,07/27/2015 07:16:00,,2987.00,2321.00,637.00,449.00,223.00,281.00,175.00,80.00,APPROVED
PA: PITTSBURGH,07/27/2015 08:16:00,,3032.00,2397.00,655.00,470.00,232.00,295.00,183.00,82.00,APPROVED
PA: PITTSBURGH,07/27/2015 09:16:00,,3031.00,2410.00,656.00,481.00,232.00,293.00,184.00,81.00,APPROVED
PA: PITTSBURGH,07/27/2015 10:17:00,,3037.00,2399.00,655.00,473.00,232.00,298.00,183.00,80.00,APPROVED
PA: PITTSBURGH,07/27/2015 11:17:00,,3106.00,2506.00,684.00,504.00,239.00,314.00,192.00,85.00,APPROVED
PA: PITTSBURGH,07/27/2015 12:17:00,,3075.00,2474.00,667.00,496.00,238.00,306.00,189.00,84.00,APPROVED
PA: PITTSBURGH,07/27/2015 13:17:00,,3042.00,2422.00,661.00,485.00,232.00,302.00,187.00,86.00,APPROVED
PA: PITTSBURGH,07/27/2015 14:18:00,,2970.00,2351.00,654.00,468.00,229.00,297.00,183.00,82.00,APPROVED
PA: PITTSBURGH,07/27/2015 15:18:00,,2765.00,2133.00,614.00,423.00,212.00,274.00,175.00,78.00,APPROVED
PA: PITTSBURGH,07/27/2015 16:18:00,,2508.00,1859.00,558.00,360.00,197.00,239.00,160.00,74.00,APPROVED
PA: PITTSBURGH,07/27/2015 17:18:00,,2383.00,1732.00,523.00,328.00,181.00,224.00,148.00,73.00,APPROVED
PA: PITTSBURGH,07/27/2015 18:18:00,,2301.00,1628.00,502.00,302.00,175.00,216.00,145.00,71.00,APPROVED
PA: PITTSBURGH,07/27/2015 19:19:00,,2242.00,1560.00,483.00,288.00,172.00,206.00,140.00,71.00,APPROVED
PA: PITTSBURGH,07/27/2015 20:19:00,,2222.00,1524.00,480.00,282.00,169.00,204.00,141.00,69.00,APPROVED
PA: PITTSBURGH,07/27/2015 21:19:00,,2196.00,1512.00,479.00,274.00,167.00,200.00,140.00,68.00,APPROVED
PA: PITTSBURGH,07/27/2015 22:19:00,,2206.00,1500.00,476.00,269.00,165.00,200.00,139.00,69.00,APPROVED
PA: PITTSBURGH,07/27/2015 23:19:00,,2202.00,1513.00,475.00,269.00,169.00,195.00,138.00,67.00,APPROVED
PA: PITTSBURGH,07/28/2015 00:20:00,,2271.00,1566.00,480.00,276.00,166.00,203.00,137.00,67.00,APPROVED
PA: PITTSBURGH,07/28/2015 01:20:00,,2327.00,1612.00,485.00,286.00,167.00,201.00,140.00,66.00,APPROVED
PA: PITTSBURGH,07/28/2015 02:20:00,,2421.00,1689.00,496.00,300.00,173.00,208.00,140.00,66.00,APPROVED
PA: PITTSBURGH,07/28/2015 03:20:00,,2539.00,1814.00,523.00,319.00,182.00,218.00,148.00,71.00,APPROVED
PA: PITTSBURGH,07/28/2015 04:20:00,,2677.00,1960.00,553.00,346.00,191.00,237.00,151.00,73.00,APPROVED
PA: PITTSBURGH,07/28/2015 05:21:00,,2781.00,2062.00,573.00,373.00,197.00,247.00,156.00,73.00,APPROVED
PA: PITTSBURGH,07/28/2015 06:21:00,,2880.00,2190.00,604.00,400.00,209.00,260.00,166.00,74.00,APPROVED
PA: PITTSBURGH,07/28/2015 07:21:00,,2960.00,2279.00,621.00,427.00,222.00,272.00,172.00,78.00,APPROVED
PA: PITTSBURGH,07/28/2015 08:21:00,,3027.00,2339.00,638.00,447.00,225.00,282.00,181.00,78.00,APPROVED
PA: PITTSBURGH,07/28/2015 09:21:00,,3082.00,2399.00,649.00,464.00,228.00,290.00,181.00,79.00,APPROVED
PA: PITTSBURGH,07/28/2015 10:22:00,,3103.00,2446.00,661.00,467.00,231.00,294.00,186.00,81.00,APPROVED
PA: PITTSBURGH,07/28/2015 11:22:00,,3134.00,2473.00,674.00,489.00,236.00,306.00,188.00,82.00,APPROVED
PA: PITTSBURGH,07/28/2015 12:22:00,,3138.00,2492.00,681.00,494.00,240.00,308.00,193.00,84.00,APPROVED
PA: PITTSBURGH,07/28/2015 13:22:00,,3051.00,2410.00,664.00,484.00,232.00,297.00,184.00,81.00,APPROVED
PA: PITTSBURGH,07/28/2015 14:22:00,,2880.00,2234.00,619.00,435.00,220.00,277.00,174.00,80.00,APPROVED
PA: PITTSBURGH,07/28/2015 15:23:00,,2676.00,2025.00,586.00,393.00,203.00,257.00,164.00,76.00,APPROVED
PA: PITTSBURGH,07/28/2015 16:23:00,,2503.00,1845.00,554.00,357.00,193.00,239.00,162.00,76.00,APPROVED
PA: PITTSBURGH,07/28/2015 17:23:00,,2386.00,1712.00,519.00,321.00,182.00,221.00,149.00,72.00,APPROVED
PA: PITTSBURGH,07/28/2015 18:23:00,,2305.00,1632.00,497.00,298.00,176.00,211.00,143.00,71.00,APPROVED
PA: PITTSBURGH,07/28/2015 19:23:00,,2253.00,1564.00,487.00,287.00,175.00,207.00,142.00,70.00,APPROVED
PA: PITTSBURGH,07/28/2015 20:24:00,,2220.00,1537.00,486.00,285.00,167.00,202.00,137.00,69.00,APPROVED
PA: PITTSBURGH,07/28/2015 21:24:00,,2200.00,1504.00,479.00,272.00,167.00,198.00,136.00,67.00,APPROVED
PA: PITTSBURGH,07/28/2015 22:24:00,,2209.00,1501.00,468.00,270.00,167.00,199.00,136.00,67.00,APPROVED
PA: PITTSBURGH,07/28/2015 23:24:00,,2221.00,1513.00,470.00,270.00,164.00,196.00,137.00,68.00,APPROVED
PA: PITTSBURGH,07/29/2015 00:24:00,,2283.00,1570.00,476.00,275.00,170.00,198.00,136.00,67.00,APPROVED
PA: PITTSBURGH,07/29/2015 01:25:00,,2351.00,1636.00,488.00,283.00,171.00,202.00,139.00,66.00,APPROVED
PA: PITTSBURGH,07/29/2015 02:25:00,,2426.00,1715.00,504.00,304.00,176.00,207.00,143.00,68.00,APPROVED
PA: PITTSBURGH,07/29/2015 03:25:00,,2488.00,1783.00,518.00,316.00,181.00,217.00,146.00,68.00,APPROVED
PA: PITTSBURGH,07/29/2015 04:25:00,,2531.00,1818.00,536.00,331.00,186.00,224.00,149.00,72.00,APPROVED
PA: PITTSBURGH,07/29/2015 05:25:00,,2618.00,1893.00,543.00,343.00,192.00,228.00,154.00,71.00,APPROVED
PA: PITTSBURGH,07/29/2015 06:26:00,,2765.00,2081.00,578.00,379.00,203.00,251.00,165.00,75.00,APPROVED
PA: PITTSBURGH,07/29/2015 07:26:00,,2892.00,2221.00,613.00,418.00,216.00,267.00,172.00,77.00,APPROVED
PA: PITTSBURGH,07/29/2015 08:26:00,,2961.00,2315.00,636.00,445.00,219.00,285.00,177.00,79.00,APPROVED
PA: PITTSBURGH,07/29/2015 09:26:00,,3058.00,2402.00,650.00,468.00,232.00,291.00,183.00,82.00,APPROVED
PA: PITTSBURGH,07/29/2015 10:26:00,,3063.00,2420.00,660.00,475.00,229.00,298.00,184.00,79.00,APPROVED
PA: PITTSBURGH,07/29/2015 11:27:00,,3071.00,2394.00,655.00,462.00,224.00,289.00,180.00,80.00,APPROVED
PA: PITTSBURGH,07/29/2015 12:27:00,,3049.00,2380.00,652.00,461.00,224.00,290.00,182.00,80.00,APPROVED
PA: PITTSBURGH,07/29/2015 13:27:00,,2964.00,2304.00,637.00,443.00,223.00,281.00,178.00,79.00,APPROVED
PA: PITTSBURGH,07/29/2015 14:27:00,,2803.00,2151.00,612.00,418.00,211.00,272.00,170.00,79.00,APPROVED
PA: PITTSBURGH,07/29/2015 15:27:00,,2591.00,1936.00,569.00,367.00,200.00,247.00,163.00,76.00,APPROVED
PA: PITTSBURGH,07/29/2015 16:28:00,,2381.00,1720.00,525.00,322.00,183.00,220.00,148.00,73.00,APPROVED
PA: PITTSBURGH,07/29/2015 17:28:00,,2323.00,1652.00,506.00,307.00,176.00,215.00,145.00,71.00,APPROVED
PA: PITTSBURGH,07/29/2015 18:28:00,,2304.00,1615.00,501.00,299.00,175.00,212.00,144.00,70.00,APPROVED
PA: PITTSBURGH,07/29/2015 19:28:00,,2279.00,1591.00,493.00,292.00,175.00,209.00,141.00,68.00,APPROVED
PA: PITTSBURGH,07/29/2015 20:28:00,,2216.00,1540.00,487.00,281.00,169.00,206.00,145.00,71.00,APPROVED
PA: PITTSBURGH,07/29/2015 21:29:00,,2220.00,1514.00,483.00,277.00,169.00,205.00,140.00,69.00,APPROVED
PA: PITTSBURGH,07/29/2015 22:29:00,,2213.00,1508.00,485.00,276.00,171.00,201.00,140.00,70.00,APPROVED
PA: PITTSBURGH,07/29/2015 23:29:00,,2263.00,1553.00,488.00,285.00,169.00,203.00,141.00,69.00,APPROVED
PA: PITTSBURGH,07/30/2015 00:29:00,,2309.00,1595.00,494.00,285.00,171.00,206.00,140.00,68.00,APPROVED
PA: PITTSBURGH,07/30/2015 01:29:00,,2370.00,1663.00,501.00,305.00,178.00,213.00,143.00,67.00,APPROVED
PA: PITTSBURGH,07/30/2015 02:30:00,,2460.00,1756.00,524.00,319.00,182.00,220.00,146.00,70.00,APPROVED
PA: PITTSBURGH,07/30/2015 03:30:00,,2539.00,1864.00,535.00,340.00,193.00,233.00,154.00,71.00,APPROVED
PA: PITTSBURGH,07/30/2015 04:30:00,,2641.00,1959.00,563.00,366.00,198.00,248.00,161.00,73.00,APPROVED
PA: PITTSBURGH,07/30/2015 05:30:00,,2741.00,2099.00,601.00,398.00,208.00,262.00,167.00,78.00,APPROVED
PA: PITTSBURGH,07/30/2015 06:30:00,,2823.00,2205.00,626.00,423.00,217.00,276.00,176.00,82.00,APPROVED
PA: PITTSBURGH,07/30/2015 07:31:00,,2792.00,2153.00,618.00,423.00,217.00,276.00,175.00,80.00,APPROVED
PA: PITTSBURGH,07/30/2015 08:31:00,,2788.00,2128.00,602.00,414.00,214.00,261.00,171.00,79.00,APPROVED
PA: PITTSBURGH,07/30/2015 09:31:00,,2792.00,2120.00,602.00,407.00,213.00,267.00,173.00,79.00,APPROVED
PA: PITTSBURGH,07/30/2015 10:31:00,,2704.00,2054.00,589.00,396.00,206.00,257.00,165.00,78.00,APPROVED
PA: PITTSBURGH,07/30/2015 11:31:00,,2571.00,1871.00,542.00,342.00,185.00,229.00,150.00,71.00,APPROVED
PA: PITTSBURGH,07/30/2015 12:32:00,,2488.00,1735.00,505.00,298.00,176.00,206.00,142.00,69.00,APPROVED
PA: PITTSBURGH,07/30/2015 13:32:00,,2453.00,1688.00,492.00,284.00,167.00,196.00,139.00,68.00,APPROVED
PA: PITTSBURGH,07/30/2015 14:32:00,,2391.00,1643.00,480.00,274.00,167.00,192.00,132.00,64.00,APPROVED
PA: PITTSBURGH,07/30/2015 15:32:00,,2325.00,1590.00,469.00,266.00,160.00,189.00,133.00,65.00,APPROVED
PA: PITTSBURGH,07/30/2015 16:32:00,,2257.00,1520.00,463.00,256.00,155.00,186.00,133.00,65.00,APPROVED
PA: PITTSBURGH,07/30/2015 17:33:00,,2211.00,1489.00,458.00,251.00,156.00,187.00,129.00,66.00,APPROVED
PA: PITTSBURGH,07/30/2015 18:33:00,,2166.00,1439.00,450.00,250.00,157.00,182.00,127.00,63.00,APPROVED
PA: PITTSBURGH,07/30/2015 19:33:00,,2138.00,1417.00,443.00,240.00,156.00,180.00,128.00,62.00,APPROVED
PA: PITTSBURGH,07/30/2015 20:33:00,,2142.00,1412.00,450.00,245.00,156.00,181.00,131.00,63.00,APPROVED
PA: PITTSBURGH,07/30/2015 21:33:00,,2162.00,1424.00,451.00,243.00,157.00,179.00,134.00,64.00,APPROVED
PA: PITTSBURGH,07/30/2015 22:34:00,,2178.00,1450.00,458.00,248.00,158.00,184.00,131.00,65.00,APPROVED
PA: PITTSBURGH,07/30/2015 23:34:00,,2226.00,1478.00,456.00,249.00,160.00,186.00,129.00,64.00,APPROVED
PA: PITTSBURGH,07/31/2015 00:44:00,,2303.00,1499.00,442.00,238.00,154.00,179.00,125.00,60.00,APPROVED
PA: PITTSBURGH,07/31/2015 01:44:00,,2388.00,1557.00,452.00,251.00,161.00,182.00,132.00,61.00,APPROVED
PA: PITTSBURGH,07/31/2015 02:45:00,,2424.00,1600.00,457.00,257.00,161.00,185.00,128.00,61.00,APPROVED
PA: PITTSBURGH,07/31/2015 03:45:00,,2482.00,1643.00,470.00,263.00,159.00,189.00,132.00,62.00,APPROVED
PA: PITTSBURGH,07/31/2015 04:45:00,,2527.00,1686.00,480.00,271.00,168.00,194.00,133.00,61.00,APPROVED
PA: PITTSBURGH,07/31/2015 05:45:00,,2575.00,1730.00,481.00,276.00,165.00,192.00,134.00,62.00,APPROVED
PA: PITTSBURGH,07/31/2015 06:45:00,,2605.00,1765.00,491.00,283.00,166.00,197.00,133.00,63.00,APPROVED
PA: PITTSBURGH,07/31/2015 07:46:00,,2657.00,1794.00,497.00,289.00,173.00,195.00,132.00,64.00,APPROVED
PA: PITTSBURGH,07/31/2015 08:46:00,,2670.00,1821.00,501.00,288.00,171.00,196.00,137.00,62.00,APPROVED
PA: PITTSBURGH,07/31/2015 09:46:00,,2733.00,1859.00,509.00,292.00,175.00,203.00,135.00,64.00,APPROVED
PA: PITTSBURGH,07/31/2015 10:46:00,,2746.00,1882.00,514.00,297.00,174.00,205.00,135.00,63.00,APPROVED
PA: PITTSBURGH,07/31/2015 11:46:00,,2538.00,1712.00,506.00,280.00,172.00,206.00,137.00,63.00,APPROVED
PA: PITTSBURGH,07/31/2015 12:47:00,,2402.00,1633.00,501.00,269.00,170.00,204.00,134.00,65.00,APPROVED
PA: PITTSBURGH,07/31/2015 13:47:00,,2371.00,1584.00,496.00,268.00,168.00,202.00,135.00,65.00,APPROVED
PA: PITTSBURGH,07/31/2015 14:47:00,,2486.00,1696.00,494.00,286.00,175.00,207.00,139.00,65.00,APPROVED
PA: PITTSBURGH,07/31/2015 15:47:00,,2444.00,1665.00,482.00,278.00,166.00,196.00,137.00,65.00,APPROVED
PA: PITTSBURGH,07/31/2015 16:47:00,,2335.00,1585.00,469.00,270.00,162.00,192.00,132.00,64.00,APPROVED
PA: PITTSBURGH,07/31/2015 17:48:00,,2271.00,1515.00,455.00,261.00,161.00,187.00,133.00,62.00,APPROVED
PA: PITTSBURGH,07/31/2015 18:48:00,,2241.00,1498.00,452.00,254.00,158.00,188.00,131.00,64.00,APPROVED
PA: PITTSBURGH,07/31/2015 19:48:00,,2253.00,1496.00,455.00,247.00,157.00,183.00,132.00,60.00,APPROVED
PA: PITTSBURGH,07/31/2015 20:48:00,,2244.00,1495.00,450.00,253.00,158.00,187.00,131.00,62.00,APPROVED
PA: PITTSBURGH,07/31/2015 21:48:00,,2327.00,1560.00,461.00,261.00,163.00,191.00,131.00,64.00,APPROVED
PA: PITTSBURGH,07/31/2015 22:49:00,,2368.00,1586.00,474.00,269.00,163.00,194.00,133.00,63.00,APPROVED
PA: PITTSBURGH,07/31/2015 23:49:00,,2347.00,1573.00,470.00,268.00,165.00,191.00,135.00,64.00,APPROVED
PA: PITTSBURGH,08/01/2015 00:49:00,,2379.00,1593.00,472.00,264.00,160.00,187.00,130.00,63.00,APPROVED
PA: PITTSBURGH,08/01/2015 01:49:00,,2428.00,1638.00,471.00,270.00,163.00,190.00,134.00,64.00,APPROVED
PA: PITTSBURGH,08/01/2015 02:49:00,,2504.00,1689.00,480.00,274.00,163.00,194.00,133.00,63.00,APPROVED
PA: PITTSBURGH,08/01/2015 03:50:00,,2543.00,1723.00,480.00,278.00,166.00,198.00,134.00,64.00,APPROVED
PA: PITTSBURGH,08/01/2015 04:50:00,,2586.00,1759.00,494.00,287.00,170.00,201.00,136.00,64.00,APPROVED
PA: PITTSBURGH,08/01/2015 05:50:00,,2608.00,1781.00,499.00,295.00,175.00,202.00,140.00,67.00,APPROVED
PA: PITTSBURGH,08/01/2015 06:50:00,,2631.00,1797.00,503.00,293.00,173.00,204.00,138.00,65.00,APPROVED
PA: PITTSBURGH,08/01/2015 07:50:00,,2662.00,1825.00,507.00,302.00,172.00,205.00,142.00,67.00,APPROVED
PA: PITTSBURGH,08/01/2015 08:51:00,,2699.00,1868.00,508.00,301.00,179.00,206.00,143.00,65.00,APPROVED
PA: PITTSBURGH,08/01/2015 09:51:00,,2756.00,1910.00,520.00,311.00,178.00,206.00,140.00,65.00,APPROVED
PA: PITTSBURGH,08/01/2015 10:51:00,,2799.00,1932.00,532.00,309.00,178.00,212.00,140.00,66.00,APPROVED
PA: PITTSBURGH,08/01/2015 11:51:00,,2825.00,1968.00,533.00,320.00,181.00,216.00,142.00,67.00,APPROVED
PA: PITTSBURGH,08/01/2015 12:52:00,,2808.00,1944.00,532.00,320.00,182.00,217.00,142.00,66.00,APPROVED
PA: PITTSBURGH,08/01/2015 13:52:00,,2736.00,1886.00,522.00,306.00,179.00,210.00,143.00,64.00,APPROVED
PA: PITTSBURGH,08/01/2015 14:52:00,,2617.00,1797.00,505.00,292.00,171.00,201.00,136.00,66.00,APPROVED
PA: PITTSBURGH,08/01/2015 15:52:00,,2487.00,1684.00,482.00,276.00,167.00,195.00,137.00,64.00,APPROVED
PA: PITTSBURGH,08/01/2015 16:52:00,,2388.00,1617.00,474.00,269.00,164.00,189.00,133.00,63.00,APPROVED
PA: PITTSBURGH,08/01/2015 17:53:00,,2344.00,1563.00,463.00,261.00,162.00,185.00,133.00,63.00,APPROVED
PA: PITTSBURGH,08/01/2015 18:53:00,,2305.00,1536.00,457.00,255.00,159.00,185.00,128.00,62.00,APPROVED
PA: PITTSBURGH,08/01/2015 19:53:00,,2272.00,1517.00,455.00,249.00,156.00,181.00,127.00,62.00,APPROVED
PA: PITTSBURGH,08/01/2015 20:53:00,,2236.00,1475.00,448.00,248.00,154.00,181.00,130.00,62.00,APPROVED
PA: PITTSBURGH,08/01/2015 21:53:00,,2234.00,1477.00,447.00,248.00,156.00,178.00,127.00,60.00,APPROVED
PA: PITTSBURGH,08/01/2015 22:54:00,,2309.00,1539.00,455.00,253.00,160.00,187.00,130.00,63.00,APPROVED
PA: PITTSBURGH,08/01/2015 23:54:00,,2383.00,1587.00,455.00,255.00,157.00,184.00,131.00,64.00,APPROVED
PA: PITTSBURGH,08/02/2015 00:54:00,,2423.00,1615.00,470.00,260.00,160.00,189.00,129.00,64.00,APPROVED
PA: PITTSBURGH,08/02/2015 01:54:00,,2494.00,1681.00,474.00,267.00,163.00,193.00,134.00,63.00,APPROVED
PA: PITTSBURGH,08/02/2015 02:54:00,,2555.00,1733.00,484.00,275.00,170.00,195.00,131.00,64.00,APPROVED
PA: PITTSBURGH,08/02/2015 03:55:00,,2609.00,1774.00,496.00,283.00,170.00,198.00,134.00,65.00,APPROVED
PA: PITTSBURGH,08/02/2015 04:55:00,,2671.00,1816.00,500.00,290.00,173.00,200.00,136.00,65.00,APPROVED
PA: PITTSBURGH,08/02/2015 05:55:00,,2766.00,1912.00,529.00,311.00,180.00,208.00,142.00,65.00,APPROVED
PA: PITTSBURGH,08/02/2015 06:55:00,,2855.00,2026.00,541.00,336.00,184.00,220.00,145.00,67.00,APPROVED
PA: PITTSBURGH,08/02/2015 07:55:00,,2725.00,1940.00,554.00,334.00,188.00,228.00,149.00,67.00,APPROVED
PA: PITTSBURGH,08/02/2015 08:56:00,,2627.00,1862.00,560.00,323.00,187.00,232.00,150.00,70.00,APPROVED
PA: PITTSBURGH,08/02/2015 09:56:00,,2554.00,1800.00,553.00,313.00,185.00,231.00,149.00,69.00,APPROVED
PA: PITTSBURGH,08/02/2015 10:56:00,,2520.00,1759.00,543.00,295.00,185.00,226.00,141.00,65.00,APPROVED
PA: PITTSBURGH,08/02/2015 11:56:00,,2490.00,1733.00,532.00,291.00,179.00,218.00,141.00,67.00,APPROVED
PA: PITTSBURGH,08/02/2015 12:56:00,,2458.00,1688.00,534.00,286.00,180.00,218.00,140.00,66.00,APPROVED
PA: PITTSBURGH,08/02/2015 13:57:00,,2474.00,1706.00,526.00,293.00,178.00,215.00,143.00,67.00,APPROVED
PA: PITTSBURGH,08/02/2015 14:57:00,,2649.00,1875.00,530.00,318.00,184.00,216.00,150.00,68.00,APPROVED
PA: PITTSBURGH,08/02/2015 15:57:00,,2614.00,1842.00,526.00,315.00,181.00,212.00,143.00,69.00,APPROVED
PA: PITTSBURGH,08/02/2015 16:57:00,,2524.00,1765.00,510.00,306.00,179.00,212.00,144.00,68.00,APPROVED
PA: PITTSBURGH,08/02/2015 17:57:00,,2480.00,1725.00,507.00,300.00,177.00,210.00,145.00,70.00,APPROVED
PA: PITTSBURGH,08/02/2015 18:58:00,,2407.00,1672.00,495.00,290.00,174.00,202.00,141.00,68.00,APPROVED
PA: PITTSBURGH,08/02/2015 19:58:00,,2365.00,1613.00,487.00,285.00,173.00,205.00,139.00,67.00,APPROVED
PA: PITTSBURGH,08/02/2015 20:58:00,,2350.00,1604.00,486.00,281.00,168.00,198.00,139.00,66.00,APPROVED
PA: PITTSBURGH,08/02/2015 21:58:00,,2347.00,1616.00,482.00,283.00,172.00,204.00,138.00,68.00,APPROVED
PA: PITTSBURGH,08/02/2015 22:58:00,,2346.00,1602.00,482.00,278.00,172.00,201.00,141.00,67.00,APPROVED
PA: PITTSBURGH,08/02/2015 23:59:00,,2391.00,1648.00,481.00,283.00,169.00,202.00,137.00,67.00,APPROVED
PA: PITTSBURGH,08/03/2015 00:59:00,,2478.00,1697.00,490.00,285.00,169.00,201.00,139.00,65.00,APPROVED
PA: PITTSBURGH,08/03/2015 01:59:00,,2519.00,1723.00,492.00,291.00,171.00,205.00,143.00,68.00,APPROVED
PA: PITTSBURGH,08/03/2015 02:59:00,,2552.00,1762.00,505.00,296.00,174.00,201.00,138.00,66.00,APPROVED
PA: PITTSBURGH,08/03/2015 03:59:00,,2583.00,1765.00,499.00,291.00,173.00,202.00,139.00,66.00,APPROVED
PA: PITTSBURGH,08/03/2015 05:00:00,,2598.00,1785.00,504.00,293.00,173.00,199.00,138.00,67.00,APPROVED
PA: PITTSBURGH,08/03/2015 06:00:00,,2625.00,1797.00,507.00,297.00,174.00,202.00,141.00,66.00,APPROVED
PA: PITTSBURGH,08/03/2015 07:00:00,,2647.00,1815.00,505.00,294.00,175.00,203.00,139.00,67.00,APPROVED
PA: PITTSBURGH,08/03/2015 08:00:00,,2667.00,1838.00,512.00,302.00,178.00,208.00,138.00,67.00,APPROVED
PA: PITTSBURGH,08/03/2015 09:00:00,,2738.00,1888.00,519.00,304.00,176.00,209.00,141.00,67.00,APPROVED
PA: PITTSBURGH,08/03/2015 10:01:00,,2778.00,1927.00,529.00,314.00,179.00,211.00,145.00,67.00,APPROVED
PA: PITTSBURGH,08/03/2015 11:01:00,,2807.00,1960.00,533.00,320.00,181.00,211.00,142.00,68.00,APPROVED
PA: PITTSBURGH,08/03/2015 12:01:00,,2817.00,1979.00,534.00,327.00,183.00,217.00,146.00,67.00,APPROVED
PA: PITTSBURGH,08/03/2015 13:01:00,,2778.00,1942.00,531.00,322.00,182.00,218.00,142.00,66.00,APPROVED
PA: PITTSBURGH,08/03/2015 14:01:00,,2725.00,1898.00,521.00,311.00,180.00,208.00,142.00,65.00,APPROVED
PA: PITTSBURGH,08/03/2015 15:02:00,,2646.00,1821.00,513.00,301.00,175.00,201.00,138.00,67.00,APPROVED
PA: PITTSBURGH,08/03/2015 16:02:00,,2554.00,1746.00,504.00,294.00,173.00,200.00,136.00,66.00,APPROVED
PA: PITTSBURGH,08/03/2015 17:02:00,,2470.00,1710.00,490.00,288.00,172.00,198.00,139.00,66.00,APPROVED
PA: PITTSBURGH,08/03/2015 18:02:00,,2411.00,1650.00,487.00,278.00,171.00,195.00,135.00,65.00,APPROVED
PA: PITTSBURGH,08/03/2015 19:02:00,,2312.00,1558.00,468.00,271.00,166.00,194.00,136.00,65.00,APPROVED
PA: PITTSBURGH,08/03/2015 20:03:00,,2322.00,1569.00,473.00,266.00,163.00,194.00,134.00,67.00,APPROVED
PA: PITTSBURGH,08/03/2015 21:03:00,,2433.00,1657.00,484.00,283.00,171.00,198.00,137.00,65.00,APPROVED
PA: PITTSBURGH,08/03/2015 22:03:00,,2576.00,1786.00,503.00,295.00,174.00,202.00,139.00,67.00,APPROVED
PA: PITTSBURGH,08/03/2015 23:03:00,,2728.00,1914.00,533.00,318.00,183.00,214.00,145.00,66.00,APPROVED
PA: PITTSBURGH,08/04/2015 00:03:00,,2777.00,1934.00,533.00,317.00,178.00,210.00,143.00,67.00,APPROVED
PA: PITTSBURGH,08/04/2015 01:04:00,,3233.00,2390.00,631.00,406.00,210.00,261.00,165.00,72.00,APPROVED
PA: PITTSBURGH,08/04/2015 02:04:00,,2698.00,1906.00,565.00,334.00,189.00,231.00,150.00,71.00,APPROVED
PA: PITTSBURGH,08/04/2015 03:04:00,,2577.00,1793.00,539.00,309.00,183.00,220.00,144.00,68.00,APPROVED
PA: PITTSBURGH,08/04/2015 04:04:00,,2645.00,1826.00,549.00,317.00,184.00,226.00,142.00,68.00,APPROVED
PA: PITTSBURGH,08/04/2015 05:04:00,,2396.00,1604.00,498.00,271.00,163.00,198.00,131.00,63.00,APPROVED
PA: PITTSBURGH,08/04/2015 06:05:00,,2319.00,1530.00,467.00,253.00,160.00,190.00,131.00,64.00,APPROVED
PA: PITTSBURGH,08/04/2015 07:05:00,,2320.00,1554.00,476.00,256.00,159.00,188.00,127.00,62.00,APPROVED
PA: PITTSBURGH,08/04/2015 08:05:00,,2366.00,1598.00,486.00,269.00,164.00,193.00,132.00,65.00,APPROVED
PA: PITTSBURGH,08/04/2015 09:05:00,,2411.00,1646.00,497.00,279.00,167.00,205.00,134.00,64.00,APPROVED
PA: PITTSBURGH,08/04/2015 10:05:00,,2443.00,1687.00,509.00,292.00,170.00,206.00,138.00,64.00,APPROVED
PA: PITTSBURGH,08/04/2015 11:06:00,,2456.00,1704.00,512.00,291.00,175.00,210.00,136.00,65.00,APPROVED
PA: PITTSBURGH,08/04/2015 12:06:00,,2444.00,1685.00,507.00,285.00,170.00,206.00,136.00,65.00,APPROVED
PA: PITTSBURGH,08/04/2015 13:06:00,,2381.00,1638.00,492.00,278.00,167.00,200.00,134.00,65.00,APPROVED
PA: PITTSBURGH,08/04/2015 14:06:00,,2294.00,1532.00,471.00,257.00,163.00,192.00,127.00,63.00,APPROVED
PA: PITTSBURGH,08/04/2015 15:06:00,,2194.00,1445.00,452.00,241.00,156.00,183.00,125.00,62.00,APPROVED
PA: PITTSBURGH,08/04/2015 16:28:00,,2271.00,1460.00,423.00,226.00,145.00,169.00,118.00,60.00,APPROVED
PA: PITTSBURGH,08/04/2015 17:28:00,,2268.00,1472.00,431.00,232.00,147.00,168.00,119.00,59.00,APPROVED
PA: PITTSBURGH,08/04/2015 18:28:00,,2210.00,1436.00,430.00,233.00,148.00,169.00,120.00,57.00,APPROVED
PA: PITTSBURGH,08/05/2015 00:29:00,,2327.00,1514.00,440.00,245.00,152.00,173.00,123.00,62.00,APPROVED
PA: PITTSBURGH,08/05/2015 01:29:00,,2409.00,1570.00,448.00,244.00,154.00,175.00,123.00,60.00,APPROVED
PA: PITTSBURGH,08/05/2015 02:30:00,,2487.00,1634.00,462.00,256.00,159.00,180.00,125.00,61.00,APPROVED
PA: PITTSBURGH,08/05/2015 03:30:00,,2554.00,1702.00,471.00,259.00,161.00,185.00,129.00,61.00,APPROVED
PA: PITTSBURGH,08/05/2015 04:30:00,,2645.00,1774.00,483.00,280.00,166.00,190.00,129.00,63.00,APPROVED
PA: PITTSBURGH,08/05/2015 05:30:00,,2541.00,1710.00,492.00,283.00,168.00,197.00,134.00,62.00,APPROVED
PA: PITTSBURGH,08/05/2015 06:30:00,,2453.00,1647.00,483.00,273.00,168.00,201.00,131.00,62.00,APPROVED
PA: PITTSBURGH,08/05/2015 07:31:00,,2440.00,1640.00,486.00,273.00,164.00,201.00,133.00,63.00,APPROVED
PA: PITTSBURGH,08/05/2015 08:31:00,,2502.00,1703.00,509.00,279.00,172.00,205.00,139.00,62.00,APPROVED
PA: PITTSBURGH,08/05/2015 09:31:00,,2547.00,1745.00,514.00,290.00,173.00,212.00,138.00,64.00,APPROVED
PA: PITTSBURGH,08/05/2015 10:31:00,,2580.00,1779.00,527.00,300.00,173.00,213.00,139.00,66.00,APPROVED
PA: PITTSBURGH,08/05/2015 11:31:00,,2573.00,1770.00,521.00,297.00,173.00,216.00,140.00,64.00,APPROVED
PA: PITTSBURGH,08/05/2015 12:32:00,,2522.00,1719.00,516.00,289.00,171.00,210.00,138.00,64.00,APPROVED
PA: PITTSBURGH,08/05/2015 13:32:00,,2420.00,1642.00,495.00,276.00,169.00,203.00,135.00,65.00,APPROVED
PA: PITTSBURGH,08/05/2015 14:32:00,,2288.00,1524.00,469.00,255.00,162.00,191.00,130.00,62.00,APPROVED
PA: PITTSBURGH,08/05/2015 15:32:00,,2235.00,1469.00,453.00,243.00,153.00,181.00,128.00,61.00,APPROVED
PA: PITTSBURGH,08/05/2015 16:32:00,,2347.00,1555.00,454.00,252.00,155.00,179.00,124.00,62.00,APPROVED
PA: PITTSBURGH,08/05/2015 17:33:00,,2349.00,1553.00,450.00,250.00,156.00,176.00,125.00,60.00,APPROVED
PA: PITTSBURGH,08/05/2015 18:33:00,,2268.00,1513.00,446.00,247.00,154.00,175.00,127.00,61.00,APPROVED
PA: PITTSBURGH,08/05/2015 19:33:00,,2290.00,1503.00,439.00,247.00,152.00,177.00,123.00,61.00,APPROVED
PA: PITTSBURGH,08/05/2015 20:33:00,,2275.00,1502.00,441.00,246.00,152.00,175.00,124.00,61.00,APPROVED
PA: PITTSBURGH,08/05/2015 21:33:00,,2234.00,1452.00,435.00,238.00,150.00,178.00,123.00,60.00,APPROVED
PA: PITTSBURGH,08/05/2015 22:34:00,,2222.00,1446.00,434.00,236.00,154.00,171.00,124.00,60.00,APPROVED
PA: PITTSBURGH,08/05/2015 23:34:00,,2261.00,1477.00,433.00,238.00,150.00,173.00,122.00,60.00,APPROVED
PA: PITTSBURGH,08/06/2015 00:34:00,,2353.00,1547.00,442.00,241.00,152.00,173.00,121.00,61.00,APPROVED
PA: PITTSBURGH,08/06/2015 01:34:00,,2425.00,1582.00,449.00,246.00,154.00,175.00,124.00,58.00,APPROVED
PA: PITTSBURGH,08/06/2015 02:34:00,,2479.00,1626.00,453.00,247.00,159.00,177.00,123.00,60.00,APPROVED
PA: PITTSBURGH,08/06/2015 03:35:00,,2532.00,1656.00,465.00,253.00,156.00,179.00,125.00,59.00,APPROVED
PA: PITTSBURGH,08/06/2015 04:35:00,,2393.00,1559.00,456.00,246.00,158.00,184.00,124.00,62.00,APPROVED
PA: PITTSBURGH,08/06/2015 05:35:00,,2345.00,1532.00,462.00,244.00,158.00,183.00,128.00,61.00,APPROVED
PA: PITTSBURGH,08/06/2015 06:35:00,,2327.00,1535.00,462.00,245.00,160.00,185.00,122.00,62.00,APPROVED
PA: PITTSBURGH,08/06/2015 07:35:00,,2378.00,1552.00,470.00,252.00,160.00,183.00,124.00,61.00,APPROVED
PA: PITTSBURGH,08/06/2015 08:36:00,,2406.00,1586.00,475.00,258.00,162.00,189.00,127.00,61.00,APPROVED
PA: PITTSBURGH,08/06/2015 09:36:00,,2456.00,1632.00,481.00,253.00,161.00,190.00,128.00,63.00,APPROVED
PA: PITTSBURGH,08/06/2015 10:36:00,,2517.00,1700.00,499.00,271.00,167.00,200.00,131.00,63.00,APPROVED
PA: PITTSBURGH,08/06/2015 11:36:00,,2557.00,1726.00,509.00,283.00,171.00,208.00,132.00,63.00,APPROVED
PA: PITTSBURGH,08/06/2015 12:36:00,,2555.00,1769.00,516.00,291.00,174.00,215.00,136.00,63.00,APPROVED
PA: PITTSBURGH,08/06/2015 13:37:00,,2495.00,1711.00,514.00,281.00,173.00,213.00,135.00,64.00,APPROVED
PA: PITTSBURGH,08/06/2015 14:37:00,,2373.00,1595.00,483.00,266.00,165.00,194.00,128.00,64.00,APPROVED
PA: PITTSBURGH,08/06/2015 15:37:00,,2289.00,1513.00,471.00,249.00,160.00,191.00,128.00,62.00,APPROVED
PA: PITTSBURGH,08/06/2015 16:37:00,,2220.00,1449.00,459.00,239.00,159.00,180.00,127.00,61.00,APPROVED
PA: PITTSBURGH,08/06/2015 17:37:00,,2202.00,1426.00,449.00,235.00,158.00,182.00,129.00,61.00,APPROVED
PA: PITTSBURGH,08/06/2015 18:38:00,,2184.00,1408.00,451.00,234.00,156.00,181.00,125.00,61.00,APPROVED
PA: PITTSBURGH,08/06/2015 19:38:00,,2179.00,1408.00,444.00,229.00,155.00,178.00,126.00,62.00,APPROVED
PA: PITTSBURGH,08/06/2015 20:38:00,,2190.00,1427.00,449.00,236.00,153.00,182.00,123.00,61.00,APPROVED
PA: PITTSBURGH,08/06/2015 21:38:00,,2183.00,1415.00,445.00,235.00,156.00,177.00,128.00,63.00,APPROVED
PA: PITTSBURGH,08/06/2015 22:38:00,,2177.00,1419.00,451.00,232.00,153.00,179.00,125.00,61.00,APPROVED
PA: PITTSBURGH,08/06/2015 23:39:00,,2185.00,1434.00,451.00,236.00,156.00,179.00,123.00,61.00,APPROVED
PA: PITTSBURGH,08/07/2015 00:39:00,,2216.00,1423.00,447.00,236.00,153.00,181.00,122.00,59.00,APPROVED
PA: PITTSBURGH,08/07/2015 01:39:00,,2253.00,1463.00,454.00,238.00,157.00,181.00,124.00,61.00,APPROVED
PA: PITTSBURGH,08/07/2015 02:39:00,,2290.00,1500.00,462.00,247.00,157.00,187.00,128.00,61.00,APPROVED
PA: PITTSBURGH,08/07/2015 03:39:00,,2371.00,1564.00,469.00,252.00,162.00,189.00,129.00,61.00,APPROVED
PA: PITTSBURGH,08/07/2015 04:40:00,,2396.00,1607.00,488.00,262.00,161.00,198.00,129.00,62.00,APPROVED
PA: PITTSBURGH,08/07/2015 05:40:00,,2426.00,1641.00,495.00,272.00,167.00,200.00,134.00,64.00,APPROVED
PA: PITTSBURGH,08/07/2015 06:40:00,,2449.00,1636.00,495.00,273.00,168.00,200.00,130.00,64.00,APPROVED
PA: PITTSBURGH,08/07/2015 07:40:00,,2471.00,1660.00,497.00,272.00,168.00,199.00,131.00,61.00,APPROVED
PA: PITTSBURGH,08/07/2015 08:40:00,,2509.00,1676.00,497.00,276.00,167.00,204.00,134.00,64.00,APPROVED
PA: PITTSBURGH,08/07/2015 09:41:00,,2515.00,1703.00,505.00,278.00,168.00,205.00,136.00,64.00,APPROVED
PA: PITTSBURGH,08/07/2015 10:41:00,,2539.00,1728.00,508.00,283.00,170.00,208.00,134.00,64.00,APPROVED
PA: PITTSBURGH,08/07/2015 11:41:00,,2587.00,1756.00,521.00,288.00,170.00,212.00,136.00,66.00,APPROVED
PA: PITTSBURGH,08/07/2015 12:41:00,,2534.00,1727.00,512.00,283.00,174.00,208.00,134.00,67.00,APPROVED
PA: PITTSBURGH,08/07/2015 13:41:00,,2460.00,1659.00,503.00,273.00,169.00,198.00,132.00,64.00,APPROVED
PA: PITTSBURGH,08/07/2015 14:42:00,,2371.00,1597.00,487.00,268.00,166.00,199.00,131.00,63.00,APPROVED
PA: PITTSBURGH,08/07/2015 15:42:00,,2348.00,1586.00,482.00,262.00,162.00,195.00,134.00,63.00,APPROVED
PA: PITTSBURGH,08/07/2015 16:42:00,,2477.00,1669.00,483.00,275.00,165.00,195.00,137.00,64.00,APPROVED
PA: PITTSBURGH,08/07/2015 17:42:00,,2430.00,1643.00,476.00,276.00,164.00,193.00,131.00,66.00,APPROVED
PA: PITTSBURGH,08/07/2015 18:42:00,,2424.00,1632.00,475.00,270.00,164.00,191.00,130.00,61.00,APPROVED
PA: PITTSBURGH,08/07/2015 19:43:00,,2421.00,1627.00,472.00,269.00,161.00,187.00,132.00,64.00,APPROVED
PA: PITTSBURGH,08/07/2015 20:43:00,,2458.00,1648.00,472.00,270.00,161.00,187.00,131.00,61.00,APPROVED
PA: PITTSBURGH,08/07/2015 21:43:00,,2468.00,1650.00,470.00,272.00,166.00,193.00,135.00,65.00,APPROVED
PA: PITTSBURGH,08/07/2015 22:43:00,,2444.00,1648.00,477.00,273.00,167.00,192.00,129.00,62.00,APPROVED
PA: PITTSBURGH,08/07/2015 23:43:00,,2473.00,1664.00,477.00,276.00,165.00,192.00,135.00,62.00,APPROVED
PA: PITTSBURGH,08/08/2015 00:44:00,,2501.00,1676.00,474.00,275.00,161.00,190.00,134.00,62.00,APPROVED
PA: PITTSBURGH,08/08/2015 01:44:00,,2532.00,1713.00,481.00,277.00,165.00,187.00,128.00,63.00,APPROVED
PA: PITTSBURGH,08/08/2015 02:44:00,,2593.00,1750.00,495.00,281.00,167.00,196.00,134.00,65.00,APPROVED
PA: PITTSBURGH,08/08/2015 03:44:00,,2704.00,1861.00,507.00,303.00,175.00,205.00,137.00,65.00,APPROVED
PA: PITTSBURGH,08/08/2015 04:44:00,,2785.00,1963.00,530.00,325.00,182.00,216.00,145.00,68.00,APPROVED
PA: PITTSBURGH,08/08/2015 05:45:00,,2654.00,1863.00,537.00,323.00,185.00,226.00,147.00,66.00,APPROVED
PA: PITTSBURGH,08/08/2015 06:45:00,,2605.00,1841.00,556.00,319.00,185.00,229.00,148.00,70.00,APPROVED
PA: PITTSBURGH,08/08/2015 07:45:00,,2631.00,1885.00,566.00,329.00,193.00,237.00,152.00,70.00,APPROVED
PA: PITTSBURGH,08/08/2015 08:45:00,,2682.00,1932.00,576.00,341.00,196.00,246.00,157.00,68.00,APPROVED
PA: PITTSBURGH,08/08/2015 09:45:00,,2708.00,1961.00,591.00,348.00,196.00,248.00,157.00,71.00,APPROVED
PA: PITTSBURGH,08/08/2015 10:46:00,,2739.00,1982.00,592.00,355.00,200.00,252.00,158.00,70.00,APPROVED
PA: PITTSBURGH,08/08/2015 11:46:00,,2729.00,1989.00,604.00,351.00,201.00,250.00,159.00,69.00,APPROVED
PA: PITTSBURGH,08/08/2015 12:46:00,,2742.00,2001.00,595.00,351.00,198.00,254.00,158.00,73.00,APPROVED
PA: PITTSBURGH,08/08/2015 13:46:00,,2653.00,1932.00,594.00,340.00,197.00,252.00,159.00,72.00,APPROVED
PA: PITTSBURGH,08/08/2015 14:46:00,,2476.00,1772.00,553.00,313.00,186.00,228.00,153.00,71.00,APPROVED
PA: PITTSBURGH,08/08/2015 15:47:00,,2502.00,1765.00,515.00,310.00,173.00,213.00,143.00,67.00,APPROVED
PA: PITTSBURGH,08/08/2015 16:47:00,,2481.00,1726.00,491.00,295.00,173.00,204.00,138.00,70.00,APPROVED
PA: PITTSBURGH,08/08/2015 17:47:00,,2433.00,1660.00,486.00,285.00,168.00,197.00,138.00,63.00,APPROVED
PA: PITTSBURGH,08/08/2015 18:47:00,,2362.00,1607.00,474.00,277.00,167.00,198.00,136.00,65.00,APPROVED
PA: PITTSBURGH,08/08/2015 19:47:00,,2282.00,1564.00,468.00,268.00,165.00,193.00,133.00,66.00,APPROVED
PA: PITTSBURGH,08/08/2015 20:48:00,,2323.00,1581.00,466.00,273.00,160.00,193.00,139.00,66.00,APPROVED
PA: PITTSBURGH,08/08/2015 21:48:00,,2368.00,1605.00,474.00,275.00,164.00,197.00,135.00,66.00,APPROVED
PA: PITTSBURGH,08/08/2015 22:48:00,,2380.00,1646.00,482.00,277.00,169.00,197.00,138.00,66.00,APPROVED
PA: PITTSBURGH,08/08/2015 23:48:00,,2424.00,1654.00,479.00,279.00,170.00,200.00,135.00,65.00,APPROVED
PA: PITTSBURGH,08/09/2015 00:48:00,,2471.00,1698.00,486.00,286.00,168.00,198.00,138.00,66.00,APPROVED
PA: PITTSBURGH,08/09/2015 01:49:00,,2566.00,1767.00,500.00,295.00,171.00,202.00,139.00,66.00,APPROVED
PA: PITTSBURGH,08/09/2015 02:49:00,,2641.00,1855.00,513.00,310.00,179.00,210.00,145.00,66.00,APPROVED
PA: PITTSBURGH,08/09/2015 03:49:00,,2723.00,1949.00,535.00,336.00,182.00,220.00,148.00,70.00,APPROVED
PA: PITTSBURGH,08/09/2015 04:49:00,,2822.00,2010.00,551.00,348.00,189.00,229.00,153.00,69.00,APPROVED
PA: PITTSBURGH,08/09/2015 05:49:00,,2880.00,2099.00,566.00,368.00,199.00,238.00,157.00,71.00,APPROVED
PA: PITTSBURGH,08/09/2015 06:50:00,,2957.00,2168.00,580.00,380.00,204.00,247.00,161.00,71.00,APPROVED
PA: PITTSBURGH,08/09/2015 07:50:00,,2987.00,2189.00,589.00,386.00,205.00,251.00,160.00,73.00,APPROVED
PA: PITTSBURGH,08/09/2015 08:50:00,,3007.00,2222.00,597.00,390.00,205.00,252.00,163.00,73.00,APPROVED
PA: PITTSBURGH,08/09/2015 09:50:00,,3006.00,2232.00,594.00,396.00,210.00,254.00,164.00,73.00,APPROVED
PA: PITTSBURGH,08/09/2015 10:50:00,,3057.00,2271.00,598.00,399.00,209.00,259.00,164.00,73.00,APPROVED
PA: PITTSBURGH,08/09/2015 11:51:00,,2872.00,2111.00,599.00,383.00,203.00,257.00,162.00,71.00,APPROVED
PA: PITTSBURGH,08/09/2015 12:51:00,,2736.00,1990.00,596.00,367.00,202.00,258.00,159.00,73.00,APPROVED
PA: PITTSBURGH,08/09/2015 13:51:00,,2620.00,1901.00,594.00,342.00,199.00,246.00,160.00,74.00,APPROVED
PA: PITTSBURGH,08/09/2015 14:51:00,,2607.00,1879.00,557.00,341.00,190.00,236.00,156.00,72.00,APPROVED
PA: PITTSBURGH,08/09/2015 15:51:00,,2567.00,1847.00,528.00,332.00,182.00,226.00,150.00,71.00,APPROVED
PA: PITTSBURGH,08/09/2015 16:52:00,,2481.00,1737.00,512.00,313.00,178.00,212.00,144.00,69.00,APPROVED
PA: PITTSBURGH,08/09/2015 17:52:00,,2416.00,1675.00,497.00,297.00,175.00,207.00,141.00,68.00,APPROVED
PA: PITTSBURGH,08/09/2015 18:52:00,,2342.00,1604.00,482.00,281.00,168.00,201.00,140.00,67.00,APPROVED
PA: PITTSBURGH,08/09/2015 19:52:00,,2290.00,1562.00,478.00,274.00,166.00,194.00,139.00,67.00,APPROVED
PA: PITTSBURGH,08/09/2015 20:52:00,,2304.00,1573.00,480.00,278.00,167.00,198.00,137.00,68.00,APPROVED
PA: PITTSBURGH,08/09/2015 21:53:00,,2306.00,1573.00,474.00,276.00,169.00,197.00,138.00,66.00,APPROVED
PA: PITTSBURGH,08/09/2015 22:53:00,,2329.00,1607.00,477.00,273.00,168.00,198.00,137.00,64.00,APPROVED
PA: PITTSBURGH,08/09/2015 23:53:00,,2377.00,1634.00,481.00,284.00,166.00,200.00,138.00,67.00,APPROVED
PA: PITTSBURGH,08/10/2015 00:53:00,,2446.00,1673.00,487.00,286.00,172.00,203.00,136.00,66.00,APPROVED
PA: PITTSBURGH,08/10/2015 01:53:00,,2514.00,1727.00,498.00,292.00,170.00,207.00,138.00,66.00,APPROVED
PA: PITTSBURGH,08/10/2015 02:54:00,,2632.00,1840.00,514.00,314.00,178.00,211.00,143.00,67.00,APPROVED
PA: PITTSBURGH,08/10/2015 03:54:00,,2749.00,1964.00,537.00,339.00,186.00,228.00,152.00,68.00,APPROVED
PA: PITTSBURGH,08/10/2015 04:54:00,,2883.00,2105.00,573.00,379.00,199.00,242.00,160.00,71.00,APPROVED
PA: PITTSBURGH,08/10/2015 05:54:00,,2981.00,2218.00,600.00,401.00,209.00,258.00,163.00,76.00,APPROVED
PA: PITTSBURGH,08/10/2015 06:54:00,,3051.00,2276.00,610.00,413.00,212.00,268.00,169.00,76.00,APPROVED
PA: PITTSBURGH,08/10/2015 07:55:00,,3150.00,2378.00,639.00,435.00,219.00,275.00,176.00,77.00,APPROVED
PA: PITTSBURGH,08/10/2015 08:55:00,,3307.00,2566.00,673.00,471.00,234.00,295.00,183.00,80.00,APPROVED
PA: PITTSBURGH,08/10/2015 09:55:00,,3412.00,2706.00,711.00,517.00,248.00,316.00,195.00,83.00,APPROVED
PA: PITTSBURGH,08/10/2015 10:55:00,,3289.00,2614.00,723.00,511.00,251.00,324.00,196.00,85.00,APPROVED
PA: PITTSBURGH,08/10/2015 11:55:00,,3108.00,2472.00,733.00,480.00,245.00,324.00,195.00,83.00,APPROVED
PA: PITTSBURGH,08/10/2015 12:56:00,,3032.00,2402.00,735.00,459.00,246.00,323.00,197.00,84.00,APPROVED
PA: PITTSBURGH,08/10/2015 13:56:00,,2910.00,2278.00,699.00,434.00,232.00,308.00,191.00,82.00,APPROVED
PA: PITTSBURGH,08/10/2015 14:56:00,,2810.00,2158.00,620.00,424.00,220.00,272.00,174.00,80.00,APPROVED
PA: PITTSBURGH,08/10/2015 15:56:00,,2587.00,1899.00,554.00,364.00,193.00,241.00,161.00,76.00,APPROVED
PA: PITTSBURGH,08/10/2015 16:56:00,,2499.00,1802.00,526.00,333.00,188.00,228.00,154.00,73.00,APPROVED
PA: PITTSBURGH,08/10/2015 17:57:00,,2498.00,1784.00,521.00,321.00,181.00,221.00,147.00,71.00,APPROVED
PA: PITTSBURGH,08/10/2015 18:57:00,,2486.00,1779.00,522.00,320.00,182.00,218.00,149.00,73.00,APPROVED
PA: PITTSBURGH,08/10/2015 19:57:00,,2480.00,1777.00,514.00,318.00,178.00,219.00,147.00,68.00,APPROVED
PA: PITTSBURGH,08/10/2015 20:57:00,,2468.00,1739.00,507.00,300.00,174.00,211.00,141.00,68.00,APPROVED
PA: PITTSBURGH,08/10/2015 21:57:00,,2481.00,1749.00,513.00,309.00,180.00,212.00,145.00,70.00,APPROVED
PA: PITTSBURGH,08/10/2015 22:58:00,,2530.00,1788.00,519.00,318.00,182.00,219.00,146.00,71.00,APPROVED
PA: PITTSBURGH,08/10/2015 23:58:00,,2599.00,1891.00,542.00,341.00,189.00,228.00,154.00,72.00,APPROVED
PA: PITTSBURGH,08/11/2015 00:58:00,,2652.00,1945.00,556.00,357.00,194.00,236.00,158.00,74.00,APPROVED
PA: PITTSBURGH,08/11/2015 01:58:00,,2677.00,1941.00,539.00,347.00,193.00,230.00,153.00,70.00,APPROVED
PA: PITTSBURGH,08/11/2015 02:58:00,,2693.00,1923.00,536.00,339.00,186.00,225.00,151.00,69.00,APPROVED
PA: PITTSBURGH,08/11/2015 03:59:00,,2714.00,1911.00,534.00,327.00,186.00,223.00,147.00,70.00,APPROVED
PA: PITTSBURGH,08/11/2015 04:59:00,,2730.00,1939.00,535.00,331.00,184.00,223.00,145.00,69.00,APPROVED
PA: PITTSBURGH,08/11/2015 05:59:00,,2747.00,1955.00,539.00,332.00,183.00,221.00,147.00,68.00,APPROVED
PA: PITTSBURGH,08/11/2015 06:59:00,,2774.00,1978.00,539.00,334.00,184.00,222.00,149.00,69.00,APPROVED
PA: PITTSBURGH,08/11/2015 07:59:00,,2964.00,2168.00,589.00,378.00,201.00,244.00,157.00,72.00,APPROVED
PA: PITTSBURGH,08/11/2015 09:00:00,,2877.00,2072.00,562.00,359.00,194.00,232.00,151.00,72.00,APPROVED
PA: PITTSBURGH,08/11/2015 10:00:00,,2836.00,2026.00,551.00,343.00,193.00,225.00,150.00,70.00,APPROVED
PA: PITTSBURGH,08/11/2015 11:00:00,,2844.00,2033.00,552.00,347.00,191.00,226.00,148.00,70.00,APPROVED
PA: PITTSBURGH,08/11/2015 12:00:00,,2821.00,2025.00,549.00,353.00,189.00,229.00,153.00,69.00,APPROVED
PA: PITTSBURGH,08/11/2015 13:00:00,,2751.00,1954.00,542.00,330.00,183.00,223.00,148.00,70.00,APPROVED
PA: PITTSBURGH,08/11/2015 14:01:00,,2676.00,1880.00,522.00,320.00,181.00,216.00,145.00,66.00,APPROVED
PA: PITTSBURGH,08/11/2015 15:01:00,,2633.00,1845.00,521.00,309.00,178.00,209.00,142.00,68.00,APPROVED
PA: PITTSBURGH,08/11/2015 16:01:00,,2553.00,1756.00,499.00,295.00,169.00,203.00,136.00,66.00,APPROVED
PA: PITTSBURGH,08/11/2015 17:01:00,,2473.00,1683.00,486.00,279.00,171.00,198.00,135.00,64.00,APPROVED
PA: PITTSBURGH,08/11/2015 18:01:00,,2421.00,1643.00,479.00,278.00,168.00,196.00,136.00,65.00,APPROVED
PA: PITTSBURGH,08/11/2015 19:02:00,,2378.00,1631.00,468.00,271.00,164.00,192.00,134.00,65.00,APPROVED
PA: PITTSBURGH,08/11/2015 20:02:00,,2367.00,1604.00,472.00,267.00,167.00,189.00,133.00,65.00,APPROVED
PA: PITTSBURGH,08/11/2015 21:02:00,,2331.00,1573.00,463.00,263.00,161.00,189.00,134.00,62.00,APPROVED
PA: PITTSBURGH,08/11/2015 22:02:00,,2311.00,1551.00,462.00,262.00,161.00,186.00,132.00,63.00,APPROVED
PA: PITTSBURGH,08/11/2015 23:02:00,,2336.00,1577.00,468.00,263.00,161.00,188.00,129.00,64.00,APPROVED
PA: PITTSBURGH,08/12/2015 00:03:00,,2444.00,1645.00,468.00,267.00,166.00,188.00,131.00,62.00,APPROVED
PA: PITTSBURGH,08/12/2015 01:03:00,,2504.00,1680.00,475.00,267.00,165.00,187.00,132.00,63.00,APPROVED
PA: PITTSBURGH,08/12/2015 02:03:00,,2556.00,1715.00,481.00,271.00,162.00,186.00,131.00,65.00,APPROVED
PA: PITTSBURGH,08/12/2015 03:03:00,,2608.00,1749.00,485.00,274.00,164.00,191.00,135.00,64.00,APPROVED
PA: PITTSBURGH,08/12/2015 04:03:00,,2654.00,1805.00,491.00,282.00,168.00,194.00,133.00,63.00,APPROVED
PA: PITTSBURGH,08/12/2015 05:04:00,,2562.00,1719.00,485.00,273.00,168.00,191.00,133.00,61.00,APPROVED
PA: PITTSBURGH,08/12/2015 06:04:00,,2392.00,1588.00,478.00,256.00,165.00,190.00,130.00,62.00,APPROVED
PA: PITTSBURGH,08/12/2015 07:04:00,,2435.00,1629.00,490.00,267.00,166.00,193.00,132.00,62.00,APPROVED
PA: PITTSBURGH,08/12/2015 08:04:00,,2464.00,1676.00,501.00,276.00,172.00,205.00,134.00,63.00,APPROVED
PA: PITTSBURGH,08/12/2015 09:04:00,,2424.00,1650.00,503.00,275.00,172.00,202.00,135.00,66.00,APPROVED
PA: PITTSBURGH,08/12/2015 10:05:00,,2434.00,1632.00,491.00,271.00,170.00,196.00,133.00,63.00,APPROVED
PA: PITTSBURGH,08/12/2015 11:05:00,,2441.00,1642.00,486.00,273.00,168.00,193.00,131.00,62.00,APPROVED
PA: PITTSBURGH,08/12/2015 12:39:00,,2436.00,1562.00,458.00,239.00,156.00,180.00,123.00,59.00,APPROVED
PA: PITTSBURGH,08/12/2015 13:40:00,,2365.00,1548.00,462.00,242.00,158.00,182.00,123.00,61.00,APPROVED
PA: PITTSBURGH,08/12/2015 14:40:00,,2270.00,1483.00,447.00,239.00,157.00,182.00,125.00,59.00,APPROVED
PA: PITTSBURGH,08/12/2015 15:40:00,,2219.00,1428.00,441.00,232.00,156.00,177.00,121.00,60.00,APPROVED
PA: PITTSBURGH,08/12/2015 16:40:00,,2170.00,1388.00,436.00,228.00,154.00,175.00,124.00,60.00,APPROVED
PA: PITTSBURGH,08/12/2015 17:40:00,,2191.00,1424.00,439.00,235.00,151.00,178.00,124.00,60.00,APPROVED
PA: PITTSBURGH,08/12/2015 18:41:00,,2342.00,1535.00,453.00,245.00,156.00,178.00,125.00,60.00,APPROVED
PA: PITTSBURGH,08/12/2015 19:41:00,,2396.00,1574.00,448.00,252.00,159.00,180.00,127.00,62.00,APPROVED
PA: PITTSBURGH,08/12/2015 20:41:00,,2370.00,1567.00,447.00,247.00,157.00,184.00,127.00,61.00,APPROVED
PA: PITTSBURGH,08/12/2015 21:41:00,,2382.00,1567.00,446.00,246.00,158.00,181.00,125.00,60.00,APPROVED
PA: PITTSBURGH,08/12/2015 22:41:00,,2392.00,1566.00,455.00,248.00,157.00,180.00,128.00,60.00,APPROVED
PA: PITTSBURGH,08/12/2015 23:42:00,,2440.00,1597.00,459.00,248.00,158.00,179.00,126.00,61.00,APPROVED
PA: PITTSBURGH,08/13/2015 00:42:00,,2514.00,1649.00,460.00,258.00,159.00,186.00,125.00,60.00,APPROVED
PA: PITTSBURGH,08/13/2015 01:42:00,,2546.00,1674.00,464.00,252.00,157.00,181.00,125.00,60.00,APPROVED
PA: PITTSBURGH,08/13/2015 02:42:00,,2378.00,1544.00,448.00,237.00,155.00,175.00,122.00,60.00,APPROVED
PA: PITTSBURGH,08/13/2015 03:42:00,,2327.00,1503.00,446.00,234.00,156.00,177.00,120.00,59.00,APPROVED
PA: PITTSBURGH,08/13/2015 04:43:00,,2338.00,1517.00,456.00,239.00,157.00,177.00,123.00,59.00,APPROVED
PA: PITTSBURGH,08/13/2015 05:43:00,,2398.00,1562.00,464.00,243.00,156.00,182.00,122.00,61.00,APPROVED
PA: PITTSBURGH,08/13/2015 06:43:00,,2460.00,1606.00,469.00,248.00,161.00,182.00,124.00,59.00,APPROVED
PA: PITTSBURGH,08/13/2015 07:43:00,,2538.00,1663.00,479.00,258.00,163.00,187.00,126.00,61.00,APPROVED
PA: PITTSBURGH,08/13/2015 08:43:00,,2613.00,1735.00,493.00,273.00,164.00,196.00,130.00,62.00,APPROVED
PA: PITTSBURGH,08/13/2015 09:44:00,,2675.00,1799.00,513.00,283.00,172.00,202.00,131.00,64.00,APPROVED
PA: PITTSBURGH,08/13/2015 10:44:00,,2732.00,1863.00,523.00,299.00,175.00,208.00,135.00,62.00,APPROVED
PA: PITTSBURGH,08/13/2015 11:44:00,,2795.00,1919.00,540.00,305.00,181.00,220.00,136.00,64.00,APPROVED
PA: PITTSBURGH,08/13/2015 12:44:00,,2688.00,1847.00,528.00,302.00,180.00,217.00,139.00,65.00,APPROVED
PA: PITTSBURGH,08/13/2015 13:44:00,,2518.00,1699.00,505.00,276.00,170.00,202.00,131.00,63.00,APPROVED
PA: PITTSBURGH,08/13/2015 14:45:00,,2399.00,1600.00,480.00,261.00,162.00,191.00,126.00,62.00,APPROVED
PA: PITTSBURGH,08/13/2015 15:45:00,,2263.00,1480.00,459.00,237.00,156.00,181.00,129.00,61.00,APPROVED
PA: PITTSBURGH,08/13/2015 16:45:00,,2287.00,1478.00,451.00,243.00,158.00,177.00,125.00,61.00,APPROVED
PA: PITTSBURGH,08/13/2015 17:45:00,,2374.00,1567.00,457.00,248.00,158.00,180.00,128.00,62.00,APPROVED
PA: PITTSBURGH,08/13/2015 18:45:00,,2381.00,1568.00,456.00,249.00,156.00,180.00,129.00,62.00,APPROVED
PA: PITTSBURGH,08/13/2015 19:46:00,,2389.00,1573.00,459.00,252.00,158.00,180.00,126.00,62.00,APPROVED
PA: PITTSBURGH,08/13/2015 20:46:00,,2356.00,1563.00,450.00,252.00,157.00,180.00,126.00,62.00,APPROVED
PA: PITTSBURGH,08/13/2015 21:46:00,,2310.00,1519.00,449.00,251.00,156.00,183.00,128.00,61.00,APPROVED
PA: PITTSBURGH,08/13/2015 22:46:00,,2346.00,1546.00,454.00,249.00,157.00,181.00,127.00,61.00,APPROVED
PA: PITTSBURGH,08/13/2015 23:46:00,,2422.00,1599.00,460.00,255.00,160.00,183.00,126.00,61.00,APPROVED
PA: PITTSBURGH,08/14/2015 00:47:00,,2490.00,1638.00,466.00,256.00,158.00,183.00,130.00,60.00,APPROVED
PA: PITTSBURGH,08/14/2015 01:47:00,,2536.00,1687.00,470.00,261.00,162.00,188.00,128.00,63.00,APPROVED
PA: PITTSBURGH,08/14/2015 02:47:00,,2615.00,1747.00,477.00,269.00,162.00,190.00,133.00,63.00,APPROVED
PA: PITTSBURGH,08/14/2015 03:47:00,,2642.00,1778.00,494.00,276.00,168.00,194.00,135.00,61.00,APPROVED
PA: PITTSBURGH,08/14/2015 04:47:00,,2521.00,1696.00,490.00,274.00,169.00,196.00,135.00,66.00,APPROVED
PA: PITTSBURGH,08/14/2015 05:48:00,,2529.00,1712.00,510.00,286.00,174.00,205.00,137.00,64.00,APPROVED
PA: PITTSBURGH,08/14/2015 06:48:00,,2595.00,1793.00,533.00,298.00,176.00,217.00,141.00,67.00,APPROVED
PA: PITTSBURGH,08/14/2015 07:48:00,,2659.00,1851.00,548.00,312.00,185.00,224.00,144.00,67.00,APPROVED
PA: PITTSBURGH,08/14/2015 08:48:00,,2716.00,1917.00,565.00,323.00,191.00,232.00,150.00,66.00,APPROVED
PA: PITTSBURGH,08/14/2015 09:48:00,,2763.00,1976.00,579.00,337.00,192.00,241.00,152.00,69.00,APPROVED
PA: PITTSBURGH,08/14/2015 10:49:00,,2824.00,2028.00,594.00,351.00,197.00,250.00,157.00,71.00,APPROVED
PA: PITTSBURGH,08/14/2015 11:49:00,,2863.00,2086.00,608.00,364.00,203.00,252.00,160.00,69.00,APPROVED
PA: PITTSBURGH,08/14/2015 12:49:00,,2707.00,1953.00,580.00,341.00,195.00,244.00,154.00,72.00,APPROVED
PA: PITTSBURGH,08/14/2015 13:49:00,,2518.00,1755.00,536.00,299.00,184.00,221.00,144.00,67.00,APPROVED
PA: PITTSBURGH,08/14/2015 14:49:00,,2369.00,1610.00,502.00,271.00,172.00,203.00,138.00,64.00,APPROVED
PA: PITTSBURGH,08/14/2015 15:50:00,,2457.00,1680.00,493.00,281.00,171.00,201.00,138.00,66.00,APPROVED
PA: PITTSBURGH,08/14/2015 16:50:00,,2427.00,1677.00,489.00,282.00,166.00,197.00,137.00,66.00,APPROVED
PA: PITTSBURGH,08/14/2015 17:50:00,,2353.00,1598.00,476.00,270.00,162.00,192.00,135.00,65.00,APPROVED
PA: PITTSBURGH,08/14/2015 18:50:00,,2287.00,1519.00,467.00,264.00,162.00,193.00,135.00,63.00,APPROVED
PA: PITTSBURGH,08/14/2015 19:50:00,,2231.00,1503.00,461.00,256.00,162.00,188.00,134.00,65.00,APPROVED
PA: PITTSBURGH,08/14/2015 20:51:00,,2235.00,1506.00,461.00,259.00,162.00,191.00,134.00,65.00,APPROVED
PA: PITTSBURGH,08/14/2015 21:51:00,,2271.00,1518.00,461.00,260.00,163.00,190.00,134.00,63.00,APPROVED
PA: PITTSBURGH,08/14/2015 22:51:00,,2279.00,1532.00,460.00,260.00,162.00,189.00,135.00,64.00,APPROVED
PA: PITTSBURGH,08/14/2015 23:51:00,,2363.00,1593.00,468.00,265.00,166.00,192.00,134.00,65.00,APPROVED
PA: PITTSBURGH,08/15/2015 00:51:00,,2439.00,1655.00,483.00,276.00,166.00,195.00,133.00,63.00,APPROVED
PA: PITTSBURGH,08/15/2015 01:52:00,,2550.00,1753.00,494.00,289.00,172.00,202.00,137.00,66.00,APPROVED
PA: PITTSBURGH,08/15/2015 02:52:00,,2701.00,1864.00,519.00,310.00,180.00,213.00,142.00,70.00,APPROVED
PA: PITTSBURGH,08/15/2015 03:52:00,,2789.00,1978.00,546.00,337.00,186.00,224.00,150.00,69.00,APPROVED
PA: PITTSBURGH,08/15/2015 04:52:00,,2851.00,2045.00,563.00,346.00,197.00,232.00,152.00,70.00,APPROVED
PA: PITTSBURGH,08/15/2015 05:52:00,,2958.00,2160.00,581.00,376.00,202.00,244.00,159.00,72.00,APPROVED
PA: PITTSBURGH,08/15/2015 06:53:00,,3071.00,2259.00,606.00,399.00,209.00,254.00,167.00,74.00,APPROVED
PA: PITTSBURGH,08/15/2015 07:53:00,,3109.00,2303.00,618.00,404.00,210.00,260.00,165.00,74.00,APPROVED
PA: PITTSBURGH,08/15/2015 08:53:00,,3194.00,2398.00,631.00,428.00,220.00,273.00,170.00,78.00,APPROVED
PA: PITTSBURGH,08/15/2015 09:53:00,,3070.00,2320.00,643.00,427.00,221.00,279.00,176.00,76.00,APPROVED
PA: PITTSBURGH,08/15/2015 10:53:00,,2880.00,2184.00,653.00,399.00,219.00,282.00,174.00,78.00,APPROVED
PA: PITTSBURGH,08/15/2015 11:54:00,,2857.00,2122.00,640.00,383.00,217.00,277.00,173.00,77.00,APPROVED
PA: PITTSBURGH,08/15/2015 12:54:00,,2769.00,2058.00,633.00,368.00,210.00,265.00,169.00,75.00,APPROVED
PA: PITTSBURGH,08/15/2015 13:54:00,,2659.00,1932.00,592.00,350.00,201.00,248.00,160.00,74.00,APPROVED
PA: PITTSBURGH,08/15/2015 14:54:00,,2753.00,1997.00,567.00,354.00,197.00,236.00,157.00,73.00,APPROVED
PA: PITTSBURGH,08/15/2015 15:55:00,,2620.00,1863.00,534.00,329.00,186.00,221.00,150.00,71.00,APPROVED
PA: PITTSBURGH,08/15/2015 16:55:00,,2541.00,1790.00,520.00,313.00,180.00,215.00,145.00,71.00,APPROVED
PA: PITTSBURGH,08/15/2015 17:55:00,,2458.00,1716.00,508.00,306.00,180.00,212.00,142.00,69.00,APPROVED
PA: PITTSBURGH,08/15/2015 18:55:00,,2371.00,1645.00,492.00,290.00,174.00,206.00,142.00,71.00,APPROVED
PA: PITTSBURGH,08/15/2015 19:55:00,,2289.00,1561.00,482.00,279.00,170.00,201.00,141.00,67.00,APPROVED
PA: PITTSBURGH,08/15/2015 20:56:00,,2272.00,1558.00,481.00,274.00,168.00,199.00,137.00,68.00,APPROVED
PA: PITTSBURGH,08/15/2015 21:56:00,,2289.00,1560.00,478.00,276.00,168.00,199.00,136.00,67.00,APPROVED
PA: PITTSBURGH,08/15/2015 22:56:00,,2278.00,1545.00,476.00,270.00,168.00,198.00,138.00,65.00,APPROVED
PA: PITTSBURGH,08/15/2015 23:56:00,,2343.00,1608.00,480.00,277.00,169.00,198.00,137.00,67.00,APPROVED
PA: PITTSBURGH,08/16/2015 00:56:00,,2459.00,1708.00,495.00,291.00,175.00,199.00,142.00,67.00,APPROVED
PA: PITTSBURGH,08/16/2015 01:57:00,,2640.00,1851.00,524.00,317.00,187.00,218.00,144.00,69.00,APPROVED
PA: PITTSBURGH,08/16/2015 02:57:00,,2757.00,1994.00,558.00,347.00,192.00,233.00,154.00,72.00,APPROVED
PA: PITTSBURGH,08/16/2015 03:57:00,,2854.00,2104.00,578.00,376.00,202.00,248.00,158.00,72.00,APPROVED
PA: PITTSBURGH,08/16/2015 04:57:00,,3011.00,2254.00,611.00,411.00,213.00,267.00,169.00,76.00,APPROVED
PA: PITTSBURGH,08/16/2015 05:57:00,,3134.00,2394.00,642.00,438.00,221.00,276.00,177.00,79.00,APPROVED
PA: PITTSBURGH,08/16/2015 06:58:00,,3300.00,2561.00,680.00,477.00,237.00,296.00,188.00,81.00,APPROVED
PA: PITTSBURGH,08/16/2015 07:58:00,,3373.00,2672.00,702.00,516.00,245.00,314.00,191.00,83.00,APPROVED
PA: PITTSBURGH,08/16/2015 08:58:00,,3451.00,2763.00,725.00,537.00,252.00,330.00,204.00,86.00,APPROVED
PA: PITTSBURGH,08/16/2015 09:58:00,,3611.00,2960.00,772.00,585.00,268.00,351.00,213.00,90.00,APPROVED
PA: PITTSBURGH,08/16/2015 10:58:00,,3454.00,2855.00,786.00,571.00,274.00,359.00,215.00,89.00,APPROVED
PA: PITTSBURGH,08/16/2015 11:59:00,,3362.00,2771.00,825.00,551.00,273.00,370.00,216.00,92.00,APPROVED
PA: PITTSBURGH,08/16/2015 12:59:00,,3256.00,2668.00,820.00,524.00,270.00,370.00,216.00,89.00,APPROVED
PA: PITTSBURGH,08/16/2015 13:59:00,,3110.00,2473.00,764.00,485.00,256.00,337.00,204.00,87.00,APPROVED
PA: PITTSBURGH,08/16/2015 14:59:00,,3036.00,2409.00,689.00,485.00,237.00,311.00,190.00,86.00,APPROVED
PA: PITTSBURGH,08/16/2015 15:59:00,,2748.00,2101.00,606.00,411.00,211.00,265.00,174.00,80.00,APPROVED
PA: PITTSBURGH,08/16/2015 17:00:00,,2588.00,1908.00,564.00,360.00,196.00,236.00,158.00,76.00,APPROVED
PA: PITTSBURGH,08/16/2015 18:00:00,,2480.00,1799.00,530.00,325.00,184.00,223.00,154.00,74.00,APPROVED
PA: PITTSBURGH,08/16/2015 19:00:00,,2381.00,1688.00,525.00,308.00,181.00,215.00,148.00,72.00,APPROVED
PA: PITTSBURGH,08/16/2015 20:00:00,,2320.00,1616.00,507.00,294.00,175.00,212.00,149.00,73.00,APPROVED
PA: PITTSBURGH,08/16/2015 21:00:00,,2331.00,1624.00,499.00,296.00,174.00,212.00,145.00,72.00,APPROVED
PA: PITTSBURGH,08/16/2015 22:01:00,,2341.00,1643.00,504.00,296.00,174.00,211.00,148.00,71.00,APPROVED
PA: PITTSBURGH,08/16/2015 23:01:00,,2359.00,1682.00,510.00,311.00,182.00,219.00,147.00,71.00,APPROVED
PA: PITTSBURGH,08/17/2015 00:01:00,,2419.00,1710.00,509.00,308.00,182.00,218.00,148.00,70.00,APPROVED
PA: PITTSBURGH,08/17/2015 01:01:00,,2471.00,1769.00,516.00,314.00,182.00,215.00,147.00,69.00,APPROVED
PA: PITTSBURGH,08/17/2015 02:01:00,,2550.00,1842.00,526.00,327.00,187.00,220.00,150.00,71.00,APPROVED
PA: PITTSBURGH,08/17/2015 03:02:00,,2711.00,1992.00,555.00,354.00,196.00,239.00,157.00,74.00,APPROVED
PA: PITTSBURGH,08/17/2015 04:02:00,,2852.00,2160.00,593.00,394.00,209.00,256.00,165.00,76.00,APPROVED
PA: PITTSBURGH,08/17/2015 05:02:00,,2936.00,2230.00,613.00,417.00,216.00,266.00,169.00,79.00,APPROVED
PA: PITTSBURGH,08/17/2015 06:02:00,,3073.00,2412.00,652.00,454.00,228.00,286.00,181.00,81.00,APPROVED
PA: PITTSBURGH,08/17/2015 07:02:00,,3246.00,2620.00,695.00,506.00,248.00,316.00,193.00,85.00,APPROVED
PA: PITTSBURGH,08/17/2015 08:03:00,,3404.00,2768.00,736.00,549.00,257.00,334.00,207.00,89.00,APPROVED
PA: PITTSBURGH,08/17/2015 09:03:00,,3485.00,2875.00,757.00,573.00,267.00,347.00,215.00,92.00,APPROVED
PA: PITTSBURGH,08/17/2015 10:03:00,,3575.00,2981.00,780.00,603.00,277.00,353.00,219.00,93.00,APPROVED
PA: PITTSBURGH,08/17/2015 11:03:00,,3661.00,3082.00,812.00,626.00,291.00,377.00,222.00,96.00,APPROVED
PA: PITTSBURGH,08/17/2015 12:03:00,,3647.00,3131.00,819.00,642.00,290.00,384.00,227.00,97.00,APPROVED
PA: PITTSBURGH,08/17/2015 13:04:00,,3489.00,2930.00,785.00,605.00,277.00,364.00,223.00,95.00,APPROVED
PA: PITTSBURGH,08/17/2015 14:04:00,,3144.00,2552.00,702.00,516.00,244.00,315.00,199.00,87.00,APPROVED
PA: PITTSBURGH,08/17/2015 15:04:00,,2850.00,2217.00,635.00,429.00,218.00,276.00,179.00,85.00,APPROVED
PA: PITTSBURGH,08/17/2015 15:52:00,,2648.00,1985.00,580.00,375.00,203.00,243.00,161.00,79.00,APPROVED
PA: PITTSBURGH,08/17/2015 16:59:00,,2354.00,1553.00,465.00,255.00,160.00,186.00,130.00,62.00,APPROVED
PA: PITTSBURGH,08/17/2015 17:59:00,,2302.00,1542.00,463.00,261.00,167.00,193.00,134.00,63.00,APPROVED
PA: PITTSBURGH,08/17/2015 19:00:00,,2240.00,1493.00,454.00,264.00,163.00,192.00,137.00,63.00,APPROVED
PA: PITTSBURGH,08/17/2015 20:00:00,,2186.00,1448.00,450.00,253.00,164.00,194.00,132.00,62.00,APPROVED
PA: PITTSBURGH,08/17/2015 21:00:00,,2177.00,1433.00,451.00,254.00,160.00,187.00,135.00,63.00,APPROVED
PA: PITTSBURGH,08/17/2015 22:00:00,,2223.00,1467.00,456.00,262.00,163.00,190.00,135.00,64.00,APPROVED
PA: PITTSBURGH,08/17/2015 23:01:00,,2290.00,1514.00,467.00,267.00,165.00,195.00,134.00,64.00,APPROVED
PA: PITTSBURGH,08/18/2015 00:01:00,,2341.00,1570.00,473.00,275.00,169.00,201.00,138.00,65.00,APPROVED
PA: PITTSBURGH,08/18/2015 01:01:00,,2410.00,1626.00,486.00,274.00,170.00,198.00,136.00,65.00,APPROVED
PA: PITTSBURGH,08/18/2015 02:01:00,,2539.00,1733.00,499.00,296.00,174.00,207.00,139.00,67.00,APPROVED
PA: PITTSBURGH,08/18/2015 03:01:00,,2646.00,1867.00,522.00,322.00,185.00,216.00,148.00,69.00,APPROVED
PA: PITTSBURGH,08/18/2015 04:02:00,,2719.00,1905.00,535.00,333.00,187.00,223.00,149.00,68.00,APPROVED
PA: PITTSBURGH,08/18/2015 05:02:00,,2774.00,1978.00,547.00,341.00,195.00,232.00,152.00,69.00,APPROVED
PA: PITTSBURGH,08/18/2015 06:02:00,,2866.00,2099.00,573.00,370.00,203.00,249.00,158.00,72.00,APPROVED
PA: PITTSBURGH,08/18/2015 07:02:00,,2980.00,2228.00,607.00,412.00,213.00,262.00,168.00,76.00,APPROVED
PA: PITTSBURGH,08/18/2015 08:02:00,,3046.00,2309.00,635.00,430.00,222.00,276.00,177.00,76.00,APPROVED
PA: PITTSBURGH,08/18/2015 09:03:00,,3251.00,2524.00,678.00,481.00,235.00,302.00,185.00,82.00,APPROVED
PA: PITTSBURGH,08/18/2015 10:03:00,,5062.00,4288.00,1047.00,785.00,349.00,466.00,264.00,106.00,APPROVED
PA: PITTSBURGH,08/18/2015 11:03:00,,4976.00,4143.00,1123.00,779.00,356.00,487.00,272.00,106.00,APPROVED
PA: PITTSBURGH,08/18/2015 12:03:00,,3488.00,2668.00,822.00,515.00,258.00,343.00,199.00,85.00,APPROVED
PA: PITTSBURGH,08/18/2015 13:03:00,,2590.00,1828.00,569.00,331.00,189.00,239.00,151.00,68.00,APPROVED
PA: PITTSBURGH,08/18/2015 14:04:00,,2292.00,1570.00,482.00,269.00,162.00,201.00,130.00,64.00,APPROVED
PA: PITTSBURGH,08/18/2015 15:04:00,,2259.00,1517.00,469.00,259.00,158.00,188.00,128.00,61.00,APPROVED
PA: PITTSBURGH,08/18/2015 16:04:00,,2437.00,1645.00,472.00,276.00,160.00,190.00,130.00,65.00,APPROVED
PA: PITTSBURGH,08/18/2015 17:04:00,,2449.00,1669.00,467.00,281.00,163.00,191.00,132.00,65.00,APPROVED
PA: PITTSBURGH,08/18/2015 18:04:00,,2476.00,1670.00,475.00,274.00,160.00,192.00,129.00,63.00,APPROVED
PA: PITTSBURGH,08/18/2015 19:05:00,,2351.00,1589.00,457.00,261.00,158.00,181.00,129.00,63.00,APPROVED
PA: PITTSBURGH,08/18/2015 20:05:00,,2280.00,1531.00,451.00,256.00,157.00,184.00,127.00,63.00,APPROVED
PA: PITTSBURGH,08/18/2015 21:05:00,,2329.00,1554.00,447.00,255.00,157.00,181.00,125.00,63.00,APPROVED
PA: PITTSBURGH,08/18/2015 22:05:00,,2368.00,1582.00,452.00,259.00,157.00,184.00,127.00,63.00,APPROVED
PA: PITTSBURGH,08/18/2015 23:05:00,,2385.00,1597.00,454.00,262.00,157.00,184.00,129.00,64.00,APPROVED
PA: PITTSBURGH,08/19/2015 00:06:00,,2413.00,1618.00,458.00,261.00,160.00,188.00,130.00,60.00,APPROVED
PA: PITTSBURGH,08/19/2015 01:06:00,,2449.00,1656.00,467.00,278.00,160.00,188.00,129.00,62.00,APPROVED
PA: PITTSBURGH,08/19/2015 02:06:00,,2502.00,1683.00,471.00,272.00,162.00,189.00,129.00,63.00,APPROVED
PA: PITTSBURGH,08/19/2015 03:06:00,,2559.00,1713.00,473.00,279.00,161.00,190.00,130.00,61.00,APPROVED
PA: PITTSBURGH,08/19/2015 04:06:00,,2598.00,1743.00,482.00,285.00,167.00,195.00,130.00,64.00,APPROVED
PA: PITTSBURGH,08/19/2015 05:07:00,,2672.00,1829.00,498.00,298.00,172.00,201.00,138.00,64.00,APPROVED
PA: PITTSBURGH,08/19/2015 06:07:00,,2748.00,1909.00,521.00,319.00,177.00,215.00,138.00,65.00,APPROVED
PA: PITTSBURGH,08/19/2015 07:07:00,,2816.00,1992.00,538.00,337.00,185.00,221.00,145.00,70.00,APPROVED
PA: PITTSBURGH,08/19/2015 08:07:00,,2886.00,2091.00,557.00,364.00,190.00,232.00,150.00,68.00,APPROVED
PA: PITTSBURGH,08/19/2015 09:07:00,,2958.00,2215.00,586.00,394.00,205.00,254.00,164.00,71.00,APPROVED
PA: PITTSBURGH,08/19/2015 10:08:00,,3108.00,2423.00,637.00,457.00,221.00,286.00,177.00,76.00,APPROVED
PA: PITTSBURGH,08/19/2015 11:08:00,,2962.00,2360.00,656.00,463.00,231.00,297.00,182.00,78.00,APPROVED
PA: PITTSBURGH,08/19/2015 12:08:00,,2805.00,2188.00,649.00,435.00,223.00,298.00,178.00,77.00,APPROVED
PA: PITTSBURGH,08/19/2015 13:08:00,,2669.00,2021.00,625.00,391.00,207.00,273.00,171.00,76.00,APPROVED
PA: PITTSBURGH,08/19/2015 14:08:00,,2482.00,1813.00,568.00,336.00,193.00,247.00,155.00,72.00,APPROVED
PA: PITTSBURGH,08/19/2015 15:09:00,,2473.00,1736.00,506.00,314.00,173.00,211.00,143.00,67.00,APPROVED
PA: PITTSBURGH,08/19/2015 16:09:00,,2381.00,1640.00,479.00,287.00,165.00,196.00,134.00,64.00,APPROVED
PA: PITTSBURGH,08/19/2015 17:09:00,,2305.00,1574.00,465.00,271.00,162.00,193.00,131.00,65.00,APPROVED
PA: PITTSBURGH,08/19/2015 18:09:00,,2240.00,1530.00,461.00,265.00,157.00,190.00,132.00,65.00,APPROVED
PA: PITTSBURGH,08/19/2015 19:09:00,,2209.00,1508.00,450.00,266.00,160.00,187.00,132.00,63.00,APPROVED
PA: PITTSBURGH,08/19/2015 20:10:00,,2149.00,1436.00,440.00,249.00,154.00,183.00,129.00,63.00,APPROVED
PA: PITTSBURGH,08/19/2015 21:10:00,,2158.00,1436.00,439.00,250.00,156.00,182.00,128.00,64.00,APPROVED
PA: PITTSBURGH,08/19/2015 22:10:00,,2158.00,1437.00,439.00,250.00,155.00,183.00,127.00,64.00,APPROVED
PA: PITTSBURGH,08/19/2015 23:10:00,,2195.00,1452.00,448.00,257.00,157.00,184.00,132.00,65.00,APPROVED
PA: PITTSBURGH,08/20/2015 00:10:00,,2262.00,1506.00,452.00,256.00,158.00,186.00,130.00,62.00,APPROVED
PA: PITTSBURGH,08/20/2015 01:11:00,,2309.00,1558.00,447.00,262.00,158.00,186.00,127.00,64.00,APPROVED
PA: PITTSBURGH,08/20/2015 02:11:00,,2347.00,1592.00,463.00,266.00,160.00,188.00,129.00,63.00,APPROVED
PA: PITTSBURGH,08/20/2015 03:11:00,,2388.00,1592.00,466.00,264.00,159.00,185.00,130.00,61.00,APPROVED
PA: PITTSBURGH,08/20/2015 04:11:00,,2415.00,1613.00,466.00,263.00,158.00,187.00,128.00,63.00,APPROVED
PA: PITTSBURGH,08/20/2015 05:11:00,,2438.00,1639.00,467.00,265.00,158.00,187.00,128.00,62.00,APPROVED
PA: PITTSBURGH,08/20/2015 06:12:00,,2459.00,1656.00,470.00,274.00,161.00,189.00,127.00,62.00,APPROVED
PA: PITTSBURGH,08/20/2015 07:12:00,,2475.00,1671.00,473.00,276.00,164.00,189.00,131.00,64.00,APPROVED
PA: PITTSBURGH,08/20/2015 08:12:00,,2494.00,1681.00,475.00,277.00,163.00,189.00,131.00,65.00,APPROVED
PA: PITTSBURGH,08/20/2015 09:12:00,,2546.00,1732.00,484.00,282.00,165.00,197.00,135.00,63.00,APPROVED
PA: PITTSBURGH,08/20/2015 10:12:00,,2578.00,1772.00,494.00,296.00,175.00,205.00,135.00,65.00,APPROVED
PA: PITTSBURGH,08/20/2015 11:13:00,,2601.00,1796.00,504.00,303.00,172.00,203.00,141.00,66.00,APPROVED
PA: PITTSBURGH,08/20/2015 12:13:00,,2567.00,1782.00,501.00,301.00,170.00,206.00,138.00,65.00,APPROVED
PA: PITTSBURGH,08/20/2015 13:13:00,,2525.00,1737.00,492.00,294.00,168.00,204.00,139.00,65.00,APPROVED
PA: PITTSBURGH,08/20/2015 14:13:00,,2504.00,1717.00,489.00,288.00,166.00,199.00,134.00,65.00,APPROVED
PA: PITTSBURGH,08/20/2015 15:13:00,,2474.00,1702.00,476.00,285.00,171.00,196.00,134.00,64.00,APPROVED
PA: PITTSBURGH,08/20/2015 16:14:00,,2430.00,1659.00,477.00,281.00,165.00,195.00,135.00,63.00,APPROVED
PA: PITTSBURGH,08/20/2015 17:14:00,,2492.00,1697.00,479.00,286.00,168.00,198.00,132.00,63.00,APPROVED
PA: PITTSBURGH,08/20/2015 18:14:00,,2411.00,1642.00,469.00,272.00,162.00,191.00,130.00,63.00,APPROVED
PA: PITTSBURGH,08/20/2015 19:14:00,,2370.00,1609.00,464.00,270.00,159.00,188.00,130.00,63.00,APPROVED
PA: PITTSBURGH,08/20/2015 20:14:00,,2312.00,1565.00,457.00,265.00,160.00,189.00,131.00,63.00,APPROVED
PA: PITTSBURGH,08/20/2015 21:15:00,,2291.00,1549.00,459.00,262.00,159.00,190.00,132.00,64.00,APPROVED
PA: PITTSBURGH,08/20/2015 22:15:00,,2271.00,1524.00,446.00,259.00,159.00,184.00,131.00,61.00,APPROVED
PA: PITTSBURGH,08/20/2015 23:15:00,,2303.00,1532.00,449.00,257.00,158.00,182.00,125.00,62.00,APPROVED
PA: PITTSBURGH,08/21/2015 00:15:00,,2394.00,1593.00,457.00,255.00,158.00,182.00,126.00,62.00,APPROVED
PA: PITTSBURGH,08/21/2015 01:15:00,,2458.00,1636.00,460.00,256.00,161.00,183.00,129.00,61.00,APPROVED
PA: PITTSBURGH,08/21/2015 02:16:00,,2493.00,1663.00,468.00,262.00,161.00,183.00,127.00,61.00,APPROVED
PA: PITTSBURGH,08/21/2015 03:16:00,,2538.00,1688.00,470.00,264.00,159.00,184.00,126.00,60.00,APPROVED
PA: PITTSBURGH,08/21/2015 04:16:00,,2533.00,1682.00,470.00,266.00,158.00,187.00,125.00,61.00,APPROVED
PA: PITTSBURGH,08/21/2015 05:16:00,,2355.00,1557.00,457.00,248.00,156.00,182.00,125.00,58.00,APPROVED
PA: PITTSBURGH,08/21/2015 06:16:00,,2332.00,1525.00,455.00,249.00,157.00,187.00,126.00,61.00,APPROVED
PA: PITTSBURGH,08/21/2015 07:17:00,,2339.00,1541.00,471.00,251.00,158.00,187.00,125.00,60.00,APPROVED
PA: PITTSBURGH,08/21/2015 08:17:00,,2389.00,1588.00,468.00,259.00,160.00,189.00,126.00,61.00,APPROVED
PA: PITTSBURGH,08/21/2015 09:17:00,,2444.00,1637.00,485.00,266.00,165.00,196.00,128.00,62.00,APPROVED
PA: PITTSBURGH,08/21/2015 10:17:00,,2516.00,1702.00,492.00,276.00,167.00,203.00,129.00,64.00,APPROVED
PA: PITTSBURGH,08/21/2015 11:17:00,,2596.00,1778.00,513.00,290.00,173.00,206.00,135.00,64.00,APPROVED
PA: PITTSBURGH,08/21/2015 12:18:00,,2638.00,1837.00,527.00,303.00,176.00,216.00,139.00,66.00,APPROVED
PA: PITTSBURGH,08/21/2015 13:18:00,,2515.00,1734.00,515.00,292.00,172.00,216.00,135.00,64.00,APPROVED
PA: PITTSBURGH,08/21/2015 14:18:00,,2367.00,1602.00,489.00,269.00,165.00,193.00,130.00,62.00,APPROVED
PA: PITTSBURGH,08/21/2015 15:18:00,,2198.00,1441.00,449.00,242.00,157.00,182.00,124.00,62.00,APPROVED
PA: PITTSBURGH,08/21/2015 16:18:00,,2224.00,1445.00,438.00,237.00,152.00,175.00,125.00,60.00,APPROVED
PA: PITTSBURGH,08/21/2015 17:19:00,,2370.00,1559.00,444.00,246.00,155.00,179.00,122.00,62.00,APPROVED
PA: PITTSBURGH,08/21/2015 18:19:00,,2306.00,1511.00,439.00,248.00,152.00,173.00,126.00,60.00,APPROVED
PA: PITTSBURGH,08/21/2015 19:19:00,,2234.00,1479.00,435.00,238.00,152.00,174.00,126.00,61.00,APPROVED
PA: PITTSBURGH,08/21/2015 20:19:00,,2188.00,1450.00,435.00,245.00,150.00,180.00,125.00,61.00,APPROVED
PA: PITTSBURGH,08/21/2015 21:19:00,,2222.00,1438.00,431.00,237.00,149.00,175.00,124.00,61.00,APPROVED
PA: PITTSBURGH,08/21/2015 22:20:00,,2259.00,1463.00,436.00,238.00,153.00,176.00,126.00,61.00,APPROVED
PA: PITTSBURGH,08/21/2015 23:20:00,,2282.00,1497.00,445.00,243.00,153.00,178.00,124.00,59.00,APPROVED
PA: PITTSBURGH,08/22/2015 00:20:00,,2373.00,1576.00,449.00,246.00,155.00,177.00,125.00,59.00,APPROVED
PA: PITTSBURGH,08/22/2015 01:20:00,,2456.00,1619.00,459.00,254.00,153.00,179.00,124.00,61.00,APPROVED
PA: PITTSBURGH,08/22/2015 02:20:00,,2543.00,1691.00,467.00,264.00,159.00,184.00,128.00,63.00,APPROVED
PA: PITTSBURGH,08/22/2015 03:21:00,,2405.00,1584.00,463.00,254.00,161.00,185.00,127.00,62.00,APPROVED
PA: PITTSBURGH,08/22/2015 04:21:00,,2324.00,1522.00,461.00,247.00,156.00,185.00,126.00,60.00,APPROVED
PA: PITTSBURGH,08/22/2015 05:21:00,,2322.00,1529.00,461.00,244.00,155.00,184.00,124.00,60.00,APPROVED
PA: PITTSBURGH,08/22/2015 06:21:00,,2341.00,1539.00,457.00,247.00,158.00,181.00,123.00,62.00,APPROVED
PA: PITTSBURGH,08/22/2015 07:21:00,,2415.00,1587.00,467.00,256.00,158.00,189.00,123.00,61.00,APPROVED
PA: PITTSBURGH,08/22/2015 08:22:00,,2486.00,1664.00,484.00,263.00,161.00,195.00,126.00,62.00,APPROVED
PA: PITTSBURGH,08/22/2015 09:22:00,,2554.00,1719.00,497.00,274.00,165.00,196.00,128.00,63.00,APPROVED
PA: PITTSBURGH,08/22/2015 10:22:00,,2608.00,1760.00,510.00,284.00,169.00,205.00,134.00,62.00,APPROVED
PA: PITTSBURGH,08/22/2015 11:22:00,,2633.00,1804.00,518.00,289.00,169.00,210.00,135.00,62.00,APPROVED
PA: PITTSBURGH,08/22/2015 12:22:00,,2649.00,1833.00,522.00,293.00,177.00,214.00,135.00,65.00,APPROVED
PA: PITTSBURGH,08/22/2015 13:23:00,,2595.00,1783.00,518.00,293.00,171.00,211.00,136.00,63.00,APPROVED
PA: PITTSBURGH,08/22/2015 14:23:00,,2463.00,1667.00,499.00,275.00,171.00,203.00,132.00,63.00,APPROVED
PA: PITTSBURGH,08/22/2015 15:23:00,,2278.00,1515.00,463.00,252.00,161.00,188.00,126.00,62.00,APPROVED
PA: PITTSBURGH,08/22/2015 16:23:00,,2239.00,1471.00,447.00,238.00,153.00,181.00,124.00,60.00,APPROVED
PA: PITTSBURGH,08/22/2015 17:23:00,,2390.00,1578.00,454.00,249.00,158.00,181.00,123.00,63.00,APPROVED
PA: PITTSBURGH,08/22/2015 18:24:00,,2295.00,1519.00,444.00,245.00,154.00,174.00,124.00,62.00,APPROVED
PA: PITTSBURGH,08/22/2015 19:24:00,,2223.00,1463.00,440.00,241.00,150.00,176.00,125.00,61.00,APPROVED
PA: PITTSBURGH,08/22/2015 20:24:00,,2197.00,1442.00,437.00,239.00,153.00,177.00,125.00,60.00,APPROVED
PA: PITTSBURGH,08/22/2015 21:24:00,,2194.00,1451.00,433.00,244.00,154.00,174.00,122.00,60.00,APPROVED
PA: PITTSBURGH,08/22/2015 22:24:00,,2224.00,1454.00,436.00,240.00,155.00,177.00,123.00,61.00,APPROVED
PA: PITTSBURGH,08/22/2015 23:25:00,,2282.00,1503.00,443.00,245.00,153.00,178.00,124.00,60.00,APPROVED
PA: PITTSBURGH,08/23/2015 00:25:00,,2407.00,1585.00,454.00,249.00,158.00,182.00,126.00,59.00,APPROVED
PA: PITTSBURGH,08/23/2015 01:25:00,,2476.00,1649.00,463.00,257.00,155.00,183.00,127.00,61.00,APPROVED
PA: PITTSBURGH,08/23/2015 02:25:00,,2557.00,1705.00,472.00,263.00,160.00,186.00,128.00,61.00,APPROVED
PA: PITTSBURGH,08/23/2015 03:25:00,,2458.00,1646.00,477.00,264.00,163.00,193.00,128.00,63.00,APPROVED
PA: PITTSBURGH,08/23/2015 04:26:00,,2428.00,1635.00,483.00,269.00,164.00,197.00,129.00,61.00,APPROVED
PA: PITTSBURGH,08/23/2015 05:26:00,,2488.00,1694.00,502.00,281.00,171.00,205.00,135.00,64.00,APPROVED
PA: PITTSBURGH,08/23/2015 06:26:00,,2569.00,1772.00,525.00,297.00,176.00,214.00,139.00,64.00,APPROVED
PA: PITTSBURGH,08/23/2015 07:26:00,,2642.00,1855.00,538.00,313.00,179.00,224.00,144.00,66.00,APPROVED
PA: PITTSBURGH,08/23/2015 08:26:00,,2712.00,1919.00,559.00,327.00,188.00,232.00,148.00,66.00,APPROVED
PA: PITTSBURGH,08/23/2015 09:27:00,,2768.00,1977.00,577.00,343.00,193.00,242.00,150.00,70.00,APPROVED
PA: PITTSBURGH,08/23/2015 10:27:00,,2809.00,2022.00,587.00,349.00,196.00,244.00,154.00,69.00,APPROVED
PA: PITTSBURGH,08/23/2015 11:27:00,,2869.00,2079.00,603.00,357.00,193.00,253.00,154.00,70.00,APPROVED
PA: PITTSBURGH,08/23/2015 12:27:00,,2914.00,2130.00,619.00,368.00,201.00,256.00,157.00,72.00,APPROVED
PA: PITTSBURGH,08/23/2015 13:27:00,,2870.00,2102.00,620.00,372.00,202.00,261.00,158.00,72.00,APPROVED
PA: PITTSBURGH,08/23/2015 14:28:00,,2776.00,2020.00,607.00,356.00,201.00,259.00,159.00,71.00,APPROVED
PA: PITTSBURGH,08/23/2015 15:28:00,,2617.00,1893.00,589.00,336.00,194.00,248.00,155.00,72.00,APPROVED
PA: PITTSBURGH,08/23/2015 16:28:00,,2586.00,1863.00,545.00,336.00,185.00,233.00,152.00,73.00,APPROVED
PA: PITTSBURGH,08/23/2015 17:28:00,,2559.00,1806.00,522.00,317.00,181.00,221.00,146.00,70.00,APPROVED
PA: PITTSBURGH,08/23/2015 18:28:00,,2370.00,1646.00,484.00,289.00,167.00,203.00,136.00,64.00,APPROVED
PA: PITTSBURGH,08/23/2015 19:29:00,,2307.00,1578.00,472.00,278.00,165.00,198.00,135.00,67.00,APPROVED
PA: PITTSBURGH,08/23/2015 20:29:00,,2287.00,1581.00,476.00,277.00,166.00,197.00,136.00,67.00,APPROVED
PA: PITTSBURGH,08/23/2015 21:29:00,,2313.00,1600.00,485.00,284.00,168.00,204.00,138.00,66.00,APPROVED
PA: PITTSBURGH,08/23/2015 22:29:00,,2334.00,1625.00,484.00,286.00,171.00,207.00,134.00,68.00,APPROVED
PA: PITTSBURGH,08/23/2015 23:29:00,,2388.00,1650.00,486.00,287.00,168.00,202.00,140.00,68.00,APPROVED
PA: PITTSBURGH,08/24/2015 00:30:00,,2486.00,1725.00,498.00,293.00,169.00,203.00,136.00,65.00,APPROVED
PA: PITTSBURGH,08/24/2015 01:30:00,,2542.00,1765.00,505.00,295.00,176.00,209.00,140.00,67.00,APPROVED
PA: PITTSBURGH,08/24/2015 02:30:00,,2613.00,1818.00,507.00,307.00,176.00,209.00,141.00,67.00,APPROVED
PA: PITTSBURGH,08/24/2015 03:30:00,,2646.00,1851.00,519.00,316.00,178.00,213.00,141.00,66.00,APPROVED
PA: PITTSBURGH,08/24/2015 04:30:00,,2690.00,1903.00,529.00,326.00,177.00,218.00,142.00,68.00,APPROVED
PA: PITTSBURGH,08/24/2015 05:31:00,,2770.00,1990.00,543.00,341.00,190.00,229.00,151.00,68.00,APPROVED
PA: PITTSBURGH,08/24/2015 06:31:00,,2884.00,2117.00,574.00,372.00,198.00,245.00,159.00,72.00,APPROVED
PA: PITTSBURGH,08/24/2015 07:31:00,,2987.00,2218.00,596.00,398.00,204.00,256.00,164.00,73.00,APPROVED
PA: PITTSBURGH,08/24/2015 08:31:00,,2985.00,2249.00,606.00,410.00,209.00,257.00,165.00,75.00,APPROVED
PA: PITTSBURGH,08/24/2015 09:31:00,,2982.00,2203.00,602.00,401.00,204.00,261.00,163.00,74.00,APPROVED
PA: PITTSBURGH,08/24/2015 10:32:00,,3030.00,2261.00,596.00,407.00,205.00,261.00,163.00,74.00,APPROVED
PA: PITTSBURGH,08/24/2015 11:32:00,,3054.00,2248.00,603.00,403.00,208.00,259.00,166.00,75.00,APPROVED
PA: PITTSBURGH,08/24/2015 12:32:00,,2896.00,2131.00,582.00,384.00,204.00,246.00,161.00,75.00,APPROVED
PA: PITTSBURGH,08/24/2015 13:32:00,,2758.00,1974.00,546.00,340.00,182.00,223.00,147.00,69.00,APPROVED
PA: PITTSBURGH,08/24/2015 14:32:00,,2664.00,1871.00,516.00,309.00,179.00,210.00,140.00,64.00,APPROVED
PA: PITTSBURGH,08/24/2015 15:33:00,,2564.00,1765.00,493.00,288.00,165.00,198.00,135.00,67.00,APPROVED
PA: PITTSBURGH,08/24/2015 16:33:00,,2485.00,1691.00,479.00,275.00,163.00,190.00,131.00,66.00,APPROVED
PA: PITTSBURGH,08/24/2015 17:33:00,,2433.00,1636.00,466.00,267.00,159.00,185.00,129.00,63.00,APPROVED
PA: PITTSBURGH,08/24/2015 18:53:00,,2289.00,1490.00,438.00,239.00,152.00,174.00,124.00,59.00,APPROVED
PA: PITTSBURGH,08/24/2015 19:53:00,,2275.00,1479.00,437.00,239.00,155.00,177.00,126.00,61.00,APPROVED
PA: PITTSBURGH,08/24/2015 20:53:00,,2284.00,1501.00,446.00,243.00,155.00,176.00,127.00,60.00,APPROVED
PA: PITTSBURGH,08/24/2015 21:53:00,,2304.00,1513.00,445.00,247.00,156.00,176.00,124.00,61.00,APPROVED
PA: PITTSBURGH,08/24/2015 22:53:00,,2357.00,1547.00,450.00,250.00,158.00,180.00,126.00,61.00,APPROVED
PA: PITTSBURGH,08/24/2015 23:54:00,,2466.00,1619.00,459.00,258.00,157.00,183.00,127.00,60.00,APPROVED
PA: PITTSBURGH,08/25/2015 00:54:00,,2528.00,1672.00,471.00,262.00,160.00,184.00,127.00,61.00,APPROVED
PA: PITTSBURGH,08/25/2015 01:54:00,,2559.00,1702.00,477.00,264.00,162.00,188.00,129.00,62.00,APPROVED
PA: PITTSBURGH,08/25/2015 02:54:00,,2611.00,1742.00,480.00,267.00,166.00,189.00,129.00,62.00,APPROVED
PA: PITTSBURGH,08/25/2015 03:54:00,,2518.00,1663.00,469.00,260.00,161.00,187.00,129.00,61.00,APPROVED
PA: PITTSBURGH,08/25/2015 04:55:00,,2411.00,1573.00,465.00,254.00,164.00,186.00,128.00,61.00,APPROVED
PA: PITTSBURGH,08/25/2015 05:55:00,,2428.00,1600.00,469.00,256.00,160.00,187.00,129.00,60.00,APPROVED
PA: PITTSBURGH,08/25/2015 06:55:00,,2481.00,1634.00,480.00,259.00,163.00,191.00,129.00,61.00,APPROVED
PA: PITTSBURGH,08/25/2015 07:55:00,,2512.00,1672.00,489.00,268.00,167.00,196.00,130.00,61.00,APPROVED
PA: PITTSBURGH,08/25/2015 08:55:00,,2558.00,1694.00,489.00,268.00,168.00,197.00,133.00,62.00,APPROVED
PA: PITTSBURGH,08/25/2015 09:56:00,,2600.00,1729.00,501.00,271.00,168.00,199.00,131.00,63.00,APPROVED
PA: PITTSBURGH,08/25/2015 10:56:00,,2632.00,1760.00,499.00,275.00,170.00,199.00,130.00,61.00,APPROVED
PA: PITTSBURGH,08/25/2015 11:56:00,,2663.00,1803.00,509.00,281.00,169.00,205.00,132.00,66.00,APPROVED
PA: PITTSBURGH,08/25/2015 12:56:00,,2668.00,1782.00,510.00,286.00,173.00,205.00,135.00,65.00,APPROVED
PA: PITTSBURGH,08/25/2015 13:56:00,,2617.00,1760.00,507.00,286.00,176.00,205.00,133.00,65.00,APPROVED
PA: PITTSBURGH,08/25/2015 14:57:00,,2489.00,1679.00,497.00,274.00,169.00,201.00,134.00,64.00,APPROVED
PA: PITTSBURGH,08/25/2015 15:57:00,,2366.00,1575.00,478.00,256.00,164.00,192.00,132.00,61.00,APPROVED
PA: PITTSBURGH,08/25/2015 16:57:00,,2337.00,1553.00,471.00,254.00,161.00,192.00,129.00,61.00,APPROVED
PA: PITTSBURGH,08/25/2015 17:57:00,,2295.00,1510.00,460.00,249.00,161.00,186.00,128.00,62.00,APPROVED
PA: PITTSBURGH,08/25/2015 18:57:00,,2273.00,1477.00,459.00,242.00,157.00,184.00,126.00,60.00,APPROVED
PA: PITTSBURGH,08/25/2015 19:58:00,,2261.00,1476.00,453.00,243.00,156.00,183.00,124.00,61.00,APPROVED
PA: PITTSBURGH,08/25/2015 20:58:00,,2260.00,1474.00,458.00,239.00,154.00,182.00,128.00,60.00,APPROVED
PA: PITTSBURGH,08/25/2015 21:58:00,,2299.00,1513.00,456.00,243.00,157.00,180.00,128.00,60.00,APPROVED
PA: PITTSBURGH,08/25/2015 22:58:00,,2336.00,1516.00,458.00,247.00,159.00,184.00,127.00,62.00,APPROVED
PA: PITTSBURGH,08/25/2015 23:58:00,,2358.00,1545.00,460.00,246.00,161.00,184.00,130.00,60.00,APPROVED
PA: PITTSBURGH,08/26/2015 00:59:00,,2387.00,1564.00,462.00,252.00,160.00,184.00,127.00,61.00,APPROVED
PA: PITTSBURGH,08/26/2015 01:59:00,,2380.00,1564.00,469.00,252.00,159.00,186.00,129.00,60.00,APPROVED
PA: PITTSBURGH,08/26/2015 02:59:00,,2399.00,1570.00,471.00,251.00,162.00,187.00,129.00,60.00,APPROVED
PA: PITTSBURGH,08/26/2015 03:59:00,,2402.00,1575.00,463.00,253.00,160.00,187.00,124.00,60.00,APPROVED
PA: PITTSBURGH,08/26/2015 04:59:00,,2427.00,1599.00,469.00,250.00,161.00,187.00,129.00,61.00,APPROVED
PA: PITTSBURGH,08/26/2015 06:00:00,,2461.00,1619.00,474.00,257.00,162.00,186.00,127.00,60.00,APPROVED
PA: PITTSBURGH,08/26/2015 07:00:00,,2523.00,1659.00,480.00,260.00,167.00,190.00,128.00,62.00,APPROVED
PA: PITTSBURGH,08/26/2015 08:00:00,,2567.00,1697.00,488.00,268.00,166.00,194.00,131.00,60.00,APPROVED
PA: PITTSBURGH,08/26/2015 09:00:00,,2597.00,1743.00,498.00,273.00,168.00,194.00,132.00,62.00,APPROVED
PA: PITTSBURGH,08/26/2015 10:00:00,,2646.00,1759.00,505.00,280.00,170.00,202.00,134.00,61.00,APPROVED
PA: PITTSBURGH,08/26/2015 11:01:00,,2669.00,1813.00,513.00,292.00,172.00,202.00,134.00,66.00,APPROVED
PA: PITTSBURGH,08/26/2015 12:01:00,,2703.00,1840.00,517.00,292.00,173.00,208.00,135.00,64.00,APPROVED
PA: PITTSBURGH,08/26/2015 13:01:00,,2667.00,1818.00,517.00,297.00,175.00,209.00,135.00,66.00,APPROVED
PA: PITTSBURGH,08/26/2015 14:01:00,,2595.00,1757.00,514.00,287.00,170.00,208.00,134.00,64.00,APPROVED
PA: PITTSBURGH,08/26/2015 15:02:00,,2460.00,1653.00,484.00,269.00,166.00,198.00,133.00,63.00,APPROVED
PA: PITTSBURGH,08/26/2015 16:02:00,,2338.00,1556.00,471.00,249.00,158.00,187.00,128.00,62.00,APPROVED
PA: PITTSBURGH,08/26/2015 17:02:00,,2293.00,1499.00,461.00,245.00,157.00,181.00,125.00,60.00,APPROVED
PA: PITTSBURGH,08/26/2015 18:02:00,,2265.00,1486.00,458.00,242.00,158.00,181.00,127.00,61.00,APPROVED
PA: PITTSBURGH,08/26/2015 19:02:00,,2248.00,1466.00,454.00,241.00,157.00,181.00,125.00,61.00,APPROVED
PA: PITTSBURGH,08/26/2015 20:03:00,,2236.00,1452.00,450.00,238.00,158.00,182.00,123.00,60.00,APPROVED
PA: PITTSBURGH,08/26/2015 21:03:00,,2241.00,1477.00,454.00,243.00,157.00,180.00,126.00,62.00,APPROVED
PA: PITTSBURGH,08/26/2015 22:03:00,,2287.00,1489.00,453.00,245.00,155.00,182.00,127.00,60.00,APPROVED
PA: PITTSBURGH,08/26/2015 23:03:00,,2297.00,1505.00,460.00,248.00,157.00,181.00,129.00,60.00,APPROVED
PA: PITTSBURGH,08/27/2015 00:03:00,,2353.00,1546.00,468.00,247.00,165.00,183.00,128.00,62.00,APPROVED
PA: PITTSBURGH,08/27/2015 01:04:00,,2419.00,1595.00,476.00,257.00,164.00,188.00,130.00,62.00,APPROVED
PA: PITTSBURGH,08/27/2015 02:04:00,,2378.00,1575.00,467.00,255.00,164.00,192.00,131.00,61.00,APPROVED
PA: PITTSBURGH,08/27/2015 03:04:00,,2410.00,1573.00,469.00,254.00,159.00,186.00,128.00,60.00,APPROVED
PA: PITTSBURGH,08/27/2015 04:04:00,,2406.00,1587.00,465.00,255.00,161.00,185.00,127.00,60.00,APPROVED
PA: PITTSBURGH,08/27/2015 05:04:00,,2422.00,1595.00,468.00,254.00,159.00,185.00,125.00,62.00,APPROVED
PA: PITTSBURGH,08/27/2015 06:05:00,,2433.00,1610.00,477.00,255.00,161.00,187.00,127.00,61.00,APPROVED
PA: PITTSBURGH,08/27/2015 07:05:00,,2476.00,1638.00,480.00,259.00,165.00,191.00,127.00,61.00,APPROVED
PA: PITTSBURGH,08/27/2015 08:05:00,,2515.00,1685.00,487.00,270.00,166.00,197.00,130.00,63.00,APPROVED
PA: PITTSBURGH,08/27/2015 09:05:00,,2546.00,1703.00,494.00,275.00,171.00,199.00,134.00,64.00,APPROVED
PA: PITTSBURGH,08/27/2015 10:05:00,,2557.00,1748.00,507.00,283.00,170.00,205.00,136.00,63.00,APPROVED
PA: PITTSBURGH,08/27/2015 11:06:00,,2623.00,1775.00,515.00,297.00,176.00,210.00,137.00,66.00,APPROVED
PA: PITTSBURGH,08/27/2015 12:06:00,,2641.00,1824.00,530.00,303.00,177.00,218.00,139.00,66.00,APPROVED
PA: PITTSBURGH,08/27/2015 13:06:00,,2615.00,1797.00,529.00,305.00,177.00,213.00,141.00,67.00,APPROVED
PA: PITTSBURGH,08/27/2015 14:06:00,,2555.00,1753.00,514.00,294.00,177.00,210.00,137.00,66.00,APPROVED
PA: PITTSBURGH,08/27/2015 15:06:00,,2462.00,1675.00,501.00,278.00,169.00,206.00,137.00,66.00,APPROVED
PA: PITTSBURGH,08/27/2015 16:07:00,,2332.00,1554.00,481.00,259.00,164.00,193.00,132.00,65.00,APPROVED
PA: PITTSBURGH,08/27/2015 17:07:00,,2280.00,1511.00,460.00,247.00,160.00,183.00,127.00,60.00,APPROVED
PA: PITTSBURGH,08/27/2015 18:07:00,,2261.00,1499.00,458.00,244.00,158.00,183.00,129.00,62.00,APPROVED
PA: PITTSBURGH,08/27/2015 19:07:00,,2263.00,1475.00,458.00,243.00,157.00,183.00,125.00,61.00,APPROVED
PA: PITTSBURGH,08/27/2015 20:07:00,,2279.00,1505.00,462.00,247.00,158.00,180.00,128.00,61.00,APPROVED
PA: PITTSBURGH,08/27/2015 21:08:00,,2266.00,1489.00,462.00,244.00,160.00,183.00,129.00,61.00,APPROVED
PA: PITTSBURGH,08/27/2015 22:08:00,,2255.00,1458.00,453.00,243.00,160.00,180.00,129.00,61.00,APPROVED
PA: PITTSBURGH,08/27/2015 23:08:00,,2266.00,1473.00,455.00,243.00,159.00,184.00,128.00,61.00,APPROVED
PA: PITTSBURGH,08/28/2015 00:08:00,,2322.00,1527.00,466.00,250.00,161.00,183.00,130.00,62.00,APPROVED
PA: PITTSBURGH,08/28/2015 01:08:00,,2353.00,1568.00,468.00,252.00,162.00,187.00,130.00,62.00,APPROVED
PA: PITTSBURGH,08/28/2015 02:09:00,,2396.00,1598.00,479.00,260.00,164.00,191.00,129.00,62.00,APPROVED
PA: PITTSBURGH,08/28/2015 03:09:00,,2474.00,1676.00,490.00,271.00,169.00,198.00,135.00,64.00,APPROVED
PA: PITTSBURGH,08/28/2015 04:09:00,,2599.00,1770.00,512.00,288.00,171.00,208.00,136.00,62.00,APPROVED
PA: PITTSBURGH,08/28/2015 05:09:00,,2666.00,1858.00,527.00,306.00,179.00,218.00,141.00,66.00,APPROVED
PA: PITTSBURGH,08/28/2015 06:09:00,,2740.00,1921.00,546.00,323.00,184.00,224.00,144.00,65.00,APPROVED
PA: PITTSBURGH,08/28/2015 07:10:00,,2795.00,1971.00,556.00,333.00,191.00,234.00,147.00,67.00,APPROVED
PA: PITTSBURGH,08/28/2015 08:10:00,,2827.00,2010.00,561.00,333.00,189.00,234.00,149.00,68.00,APPROVED
PA: PITTSBURGH,08/28/2015 09:10:00,,2887.00,2059.00,575.00,340.00,189.00,239.00,150.00,67.00,APPROVED
PA: PITTSBURGH,08/28/2015 10:10:00,,2973.00,2124.00,589.00,355.00,194.00,245.00,151.00,70.00,APPROVED
PA: PITTSBURGH,08/28/2015 11:10:00,,3012.00,2187.00,600.00,368.00,202.00,249.00,155.00,71.00,APPROVED
PA: PITTSBURGH,08/28/2015 12:11:00,,3097.00,2275.00,623.00,389.00,207.00,264.00,161.00,71.00,APPROVED
PA: PITTSBURGH,08/28/2015 13:11:00,,3102.00,2313.00,643.00,406.00,214.00,277.00,168.00,73.00,APPROVED
PA: PITTSBURGH,08/28/2015 14:11:00,,2944.00,2165.00,618.00,386.00,206.00,263.00,163.00,73.00,APPROVED
PA: PITTSBURGH,08/28/2015 15:11:00,,2699.00,1950.00,572.00,345.00,192.00,239.00,154.00,70.00,APPROVED
PA: PITTSBURGH,08/28/2015 16:11:00,,2386.00,1657.00,503.00,286.00,172.00,208.00,138.00,66.00,APPROVED
PA: PITTSBURGH,08/28/2015 17:12:00,,2261.00,1508.00,470.00,256.00,162.00,189.00,130.00,64.00,APPROVED
PA: PITTSBURGH,08/28/2015 18:12:00,,2346.00,1572.00,465.00,256.00,161.00,188.00,129.00,62.00,APPROVED
PA: PITTSBURGH,08/28/2015 19:12:00,,2337.00,1560.00,462.00,262.00,161.00,187.00,129.00,66.00,APPROVED
PA: PITTSBURGH,08/28/2015 20:12:00,,2300.00,1538.00,458.00,258.00,161.00,185.00,129.00,65.00,APPROVED
PA: PITTSBURGH,08/28/2015 21:12:00,,2323.00,1560.00,459.00,258.00,160.00,189.00,130.00,62.00,APPROVED
PA: PITTSBURGH,08/28/2015 22:13:00,,2337.00,1553.00,455.00,257.00,160.00,184.00,129.00,64.00,APPROVED
PA: PITTSBURGH,08/28/2015 23:13:00,,2367.00,1579.00,466.00,257.00,161.00,188.00,129.00,63.00,APPROVED
PA: PITTSBURGH,08/29/2015 00:13:00,,2488.00,1670.00,478.00,267.00,164.00,188.00,131.00,63.00,APPROVED
PA: PITTSBURGH,08/29/2015 01:13:00,,2612.00,1760.00,493.00,277.00,166.00,191.00,133.00,63.00,APPROVED
PA: PITTSBURGH,08/29/2015 02:13:00,,2573.00,1751.00,499.00,285.00,170.00,199.00,135.00,65.00,APPROVED
PA: PITTSBURGH,08/29/2015 03:14:00,,2558.00,1749.00,502.00,288.00,173.00,207.00,139.00,65.00,APPROVED
PA: PITTSBURGH,08/29/2015 04:14:00,,2625.00,1806.00,526.00,301.00,179.00,213.00,142.00,65.00,APPROVED
PA: PITTSBURGH,08/29/2015 05:14:00,,2711.00,1882.00,541.00,314.00,185.00,221.00,146.00,70.00,APPROVED
PA: PITTSBURGH,08/29/2015 06:14:00,,2784.00,1968.00,558.00,329.00,189.00,234.00,148.00,67.00,APPROVED
PA: PITTSBURGH,08/29/2015 07:14:00,,2907.00,2066.00,581.00,351.00,195.00,242.00,153.00,70.00,APPROVED
PA: PITTSBURGH,08/29/2015 08:15:00,,3007.00,2175.00,605.00,369.00,204.00,254.00,160.00,70.00,APPROVED
PA: PITTSBURGH,08/29/2015 09:15:00,,3093.00,2269.00,630.00,389.00,207.00,269.00,166.00,73.00,APPROVED
PA: PITTSBURGH,08/29/2015 10:15:00,,3184.00,2368.00,661.00,419.00,218.00,281.00,170.00,74.00,APPROVED
PA: PITTSBURGH,08/29/2015 11:15:00,,3256.00,2457.00,675.00,437.00,223.00,288.00,177.00,75.00,APPROVED
PA: PITTSBURGH,08/29/2015 12:15:00,,3321.00,2548.00,704.00,454.00,236.00,306.00,181.00,81.00,APPROVED
PA: PITTSBURGH,08/29/2015 13:16:00,,3313.00,2552.00,713.00,471.00,238.00,314.00,186.00,80.00,APPROVED
PA: PITTSBURGH,08/29/2015 14:16:00,,3096.00,2356.00,679.00,433.00,225.00,296.00,180.00,79.00,APPROVED
PA: PITTSBURGH,08/29/2015 15:16:00,,2771.00,2041.00,616.00,369.00,207.00,261.00,165.00,75.00,APPROVED
PA: PITTSBURGH,08/29/2015 16:16:00,,2656.00,1914.00,560.00,347.00,192.00,233.00,157.00,74.00,APPROVED
PA: PITTSBURGH,08/29/2015 17:16:00,,2619.00,1873.00,528.00,329.00,184.00,218.00,150.00,69.00,APPROVED
PA: PITTSBURGH,08/29/2015 18:17:00,,2475.00,1731.00,508.00,301.00,179.00,210.00,144.00,70.00,APPROVED
PA: PITTSBURGH,08/29/2015 19:17:00,,2413.00,1665.00,493.00,289.00,169.00,203.00,140.00,70.00,APPROVED
PA: PITTSBURGH,08/29/2015 20:17:00,,2403.00,1663.00,492.00,288.00,169.00,203.00,139.00,68.00,APPROVED
PA: PITTSBURGH,08/29/2015 21:17:00,,2429.00,1671.00,490.00,288.00,173.00,201.00,137.00,66.00,APPROVED
PA: PITTSBURGH,08/29/2015 22:17:00,,2395.00,1655.00,485.00,287.00,170.00,202.00,138.00,69.00,APPROVED
PA: PITTSBURGH,08/29/2015 23:18:00,,2419.00,1665.00,493.00,289.00,172.00,203.00,140.00,67.00,APPROVED
PA: PITTSBURGH,08/30/2015 00:18:00,,2510.00,1723.00,492.00,293.00,174.00,203.00,140.00,66.00,APPROVED
PA: PITTSBURGH,08/30/2015 01:18:00,,2595.00,1808.00,503.00,301.00,175.00,210.00,143.00,66.00,APPROVED
PA: PITTSBURGH,08/30/2015 02:18:00,,2725.00,1912.00,531.00,320.00,184.00,215.00,145.00,69.00,APPROVED
PA: PITTSBURGH,08/30/2015 03:18:00,,2831.00,2039.00,553.00,349.00,190.00,232.00,154.00,71.00,APPROVED
PA: PITTSBURGH,08/30/2015 04:19:00,,2947.00,2138.00,577.00,373.00,198.00,244.00,160.00,74.00,APPROVED
PA: PITTSBURGH,08/30/2015 05:19:00,,3073.00,2272.00,599.00,401.00,206.00,258.00,165.00,74.00,APPROVED
PA: PITTSBURGH,08/30/2015 06:19:00,,3057.00,2291.00,616.00,413.00,216.00,269.00,171.00,77.00,APPROVED
PA: PITTSBURGH,08/30/2015 07:19:00,,2947.00,2246.00,645.00,414.00,217.00,277.00,176.00,76.00,APPROVED
PA: PITTSBURGH,08/30/2015 08:19:00,,2925.00,2212.00,652.00,409.00,220.00,285.00,175.00,79.00,APPROVED
PA: PITTSBURGH,08/30/2015 09:20:00,,2942.00,2224.00,660.00,415.00,222.00,286.00,180.00,77.00,APPROVED
PA: PITTSBURGH,08/30/2015 10:20:00,,3025.00,2353.00,675.00,432.00,225.00,290.00,179.00,79.00,APPROVED
PA: PITTSBURGH,08/30/2015 11:20:00,,3187.00,2413.00,700.00,439.00,234.00,299.00,179.00,80.00,APPROVED
PA: PITTSBURGH,08/30/2015 12:20:00,,2826.00,2063.00,614.00,374.00,204.00,253.00,165.00,74.00,APPROVED
PA: PITTSBURGH,08/30/2015 13:20:00,,2587.00,1832.00,552.00,323.00,186.00,227.00,149.00,70.00,APPROVED
PA: PITTSBURGH,08/30/2015 14:21:00,,2522.00,1771.00,534.00,307.00,179.00,218.00,145.00,69.00,APPROVED
PA: PITTSBURGH,08/30/2015 15:21:00,,2505.00,1734.00,525.00,300.00,177.00,215.00,141.00,67.00,APPROVED
PA: PITTSBURGH,08/30/2015 16:21:00,,2426.00,1688.00,519.00,292.00,174.00,211.00,141.00,68.00,APPROVED
PA: PITTSBURGH,08/30/2015 17:21:00,,2540.00,1760.00,509.00,305.00,177.00,209.00,139.00,68.00,APPROVED
PA: PITTSBURGH,08/30/2015 18:21:00,,2422.00,1669.00,491.00,290.00,171.00,205.00,141.00,69.00,APPROVED
PA: PITTSBURGH,08/30/2015 19:22:00,,2366.00,1617.00,482.00,281.00,166.00,197.00,133.00,67.00,APPROVED
PA: PITTSBURGH,08/30/2015 20:22:00,,2353.00,1591.00,476.00,279.00,168.00,197.00,139.00,65.00,APPROVED
PA: PITTSBURGH,08/30/2015 21:22:00,,2328.00,1599.00,473.00,276.00,165.00,195.00,132.00,65.00,APPROVED
PA: PITTSBURGH,08/30/2015 22:22:00,,2387.00,1618.00,472.00,278.00,167.00,197.00,137.00,67.00,APPROVED
PA: PITTSBURGH,08/30/2015 23:22:00,,2480.00,1712.00,492.00,292.00,169.00,203.00,135.00,68.00,APPROVED
PA: PITTSBURGH,08/31/2015 00:23:00,,2549.00,1748.00,503.00,300.00,173.00,206.00,140.00,66.00,APPROVED
PA: PITTSBURGH,08/31/2015 01:23:00,,2556.00,1776.00,497.00,300.00,173.00,202.00,142.00,66.00,APPROVED
PA: PITTSBURGH,08/31/2015 02:23:00,,2606.00,1793.00,505.00,295.00,171.00,204.00,139.00,66.00,APPROVED
PA: PITTSBURGH,08/31/2015 03:23:00,,2641.00,1811.00,506.00,301.00,172.00,205.00,138.00,67.00,APPROVED
PA: PITTSBURGH,08/31/2015 04:23:00,,2692.00,1859.00,514.00,303.00,179.00,208.00,139.00,67.00,APPROVED
PA: PITTSBURGH,08/31/2015 05:24:00,,2764.00,1912.00,529.00,322.00,181.00,217.00,143.00,68.00,APPROVED
PA: PITTSBURGH,08/31/2015 06:24:00,,2808.00,1985.00,532.00,327.00,183.00,220.00,145.00,70.00,APPROVED
PA: PITTSBURGH,08/31/2015 07:24:00,,2842.00,2008.00,547.00,340.00,187.00,224.00,147.00,68.00,APPROVED
PA: PITTSBURGH,08/31/2015 08:24:00,,2686.00,1900.00,543.00,327.00,187.00,225.00,149.00,68.00,APPROVED
PA: PITTSBURGH,08/31/2015 09:24:00,,2616.00,1849.00,544.00,321.00,187.00,226.00,149.00,69.00,APPROVED
PA: PITTSBURGH,08/31/2015 10:25:00,,2680.00,1918.00,563.00,334.00,191.00,234.00,151.00,70.00,APPROVED
PA: PITTSBURGH,08/31/2015 11:25:00,,2748.00,1997.00,583.00,361.00,201.00,252.00,159.00,72.00,APPROVED
PA: PITTSBURGH,08/31/2015 12:25:00,,2782.00,2059.00,609.00,375.00,201.00,257.00,164.00,74.00,APPROVED
PA: PITTSBURGH,08/31/2015 13:25:00,,2752.00,2052.00,607.00,380.00,206.00,266.00,168.00,75.00,APPROVED
PA: PITTSBURGH,08/31/2015 14:25:00,,2587.00,1872.00,571.00,344.00,195.00,242.00,158.00,72.00,APPROVED
PA: PITTSBURGH,08/31/2015 15:26:00,,2507.00,1776.00,539.00,315.00,184.00,224.00,149.00,69.00,APPROVED
PA: PITTSBURGH,08/31/2015 16:26:00,,2558.00,1809.00,525.00,316.00,179.00,218.00,146.00,67.00,APPROVED
PA: PITTSBURGH,08/31/2015 17:22:00,,2471.00,1719.00,499.00,303.00,175.00,210.00,142.00,66.00,APPROVED
PA: PITTSBURGH,08/31/2015 18:34:00,,2186.00,1297.00,431.00,201.00,146.00,194.00,82.00,70.00,APPROVED
PA: PITTSBURGH,08/31/2015 19:34:00,,2137.00,1239.00,434.00,200.00,148.00,195.00,81.00,70.00,APPROVED
PA: PITTSBURGH,08/31/2015 20:34:00,,2123.00,1210.00,426.00,208.00,146.00,193.00,81.00,73.00,APPROVED
PA: PITTSBURGH,08/31/2015 21:35:00,,2145.00,1228.00,437.00,211.00,149.00,196.00,82.00,70.00,APPROVED
PA: PITTSBURGH,08/31/2015 22:35:00,,2181.00,1266.00,438.00,210.00,149.00,201.00,82.00,71.00,APPROVED
PA: PITTSBURGH,08/31/2015 23:35:00,,2265.00,1354.00,454.00,214.00,154.00,208.00,84.00,70.00,APPROVED
PA: PITTSBURGH,09/01/2015 00:35:00,,2369.00,1458.00,476.00,221.00,157.00,208.00,91.00,70.00,APPROVED
PA: PITTSBURGH,09/01/2015 01:35:00,,2501.00,1584.00,504.00,235.00,165.00,221.00,100.00,66.00,APPROVED
PA: PITTSBURGH,09/01/2015 02:36:00,,2636.00,1734.00,535.00,256.00,174.00,230.00,113.00,69.00,APPROVED
PA: PITTSBURGH,09/01/2015 03:36:00,,2767.00,1849.00,563.00,284.00,180.00,238.00,121.00,68.00,APPROVED
PA: PITTSBURGH,09/01/2015 04:36:00,,2871.00,1976.00,583.00,313.00,188.00,245.00,137.00,70.00,APPROVED
PA: PITTSBURGH,09/01/2015 05:36:00,,3031.00,2231.00,598.00,397.00,208.00,258.00,165.00,73.00,APPROVED
PA: PITTSBURGH,09/01/2015 06:36:00,,3118.00,2337.00,627.00,426.00,220.00,273.00,175.00,77.00,APPROVED
PA: PITTSBURGH,09/01/2015 07:37:00,,3183.00,2426.00,644.00,448.00,222.00,282.00,178.00,76.00,APPROVED
PA: PITTSBURGH,09/01/2015 08:37:00,,3119.00,2403.00,659.00,454.00,229.00,294.00,182.00,79.00,APPROVED
PA: PITTSBURGH,09/01/2015 09:37:00,,3054.00,2363.00,680.00,448.00,230.00,301.00,185.00,80.00,APPROVED
PA: PITTSBURGH,09/01/2015 10:37:00,,3096.00,2404.00,699.00,462.00,235.00,309.00,188.00,80.00,APPROVED
PA: PITTSBURGH,09/01/2015 11:37:00,,3181.00,2470.00,719.00,471.00,244.00,321.00,197.00,84.00,APPROVED
PA: PITTSBURGH,09/01/2015 12:38:00,,3239.00,2534.00,741.00,484.00,246.00,331.00,197.00,83.00,APPROVED
PA: PITTSBURGH,09/01/2015 13:38:00,,3137.00,2438.00,721.00,469.00,243.00,321.00,194.00,82.00,APPROVED
PA: PITTSBURGH,09/01/2015 14:38:00,,2908.00,2217.00,671.00,425.00,229.00,298.00,183.00,82.00,APPROVED
PA: PITTSBURGH,09/01/2015 15:38:00,,2739.00,2036.00,597.00,386.00,203.00,253.00,164.00,76.00,APPROVED
PA: PITTSBURGH,09/01/2015 16:38:00,,2584.00,1843.00,542.00,342.00,188.00,231.00,152.00,72.00,APPROVED
PA: PITTSBURGH,09/01/2015 17:39:00,,2463.00,1728.00,510.00,312.00,181.00,210.00,145.00,70.00,APPROVED
PA: PITTSBURGH,09/01/2015 18:39:00,,2389.00,1657.00,498.00,296.00,173.00,212.00,144.00,69.00,APPROVED
PA: PITTSBURGH,09/01/2015 19:39:00,,2337.00,1622.00,494.00,291.00,171.00,208.00,140.00,67.00,APPROVED
PA: PITTSBURGH,09/01/2015 20:39:00,,2308.00,1599.00,489.00,288.00,174.00,206.00,140.00,69.00,APPROVED
PA: PITTSBURGH,09/01/2015 21:39:00,,2318.00,1615.00,488.00,290.00,174.00,205.00,142.00,69.00,APPROVED
PA: PITTSBURGH,09/01/2015 22:39:00,,2368.00,1644.00,502.00,296.00,175.00,208.00,141.00,68.00,APPROVED
PA: PITTSBURGH,09/01/2015 23:40:00,,2432.00,1693.00,496.00,304.00,176.00,214.00,142.00,71.00,APPROVED
PA: PITTSBURGH,09/02/2015 00:40:00,,2517.00,1749.00,511.00,308.00,180.00,213.00,148.00,68.00,APPROVED
PA: PITTSBURGH,09/02/2015 01:40:00,,2588.00,1827.00,518.00,320.00,184.00,215.00,151.00,69.00,APPROVED
PA: PITTSBURGH,09/02/2015 02:40:00,,2663.00,1881.00,531.00,331.00,188.00,221.00,148.00,70.00,APPROVED
PA: PITTSBURGH,09/02/2015 03:41:00,,2825.00,2078.00,574.00,376.00,201.00,246.00,157.00,75.00,APPROVED
PA: PITTSBURGH,09/02/2015 04:41:00,,2959.00,2207.00,599.00,404.00,212.00,259.00,166.00,76.00,APPROVED
PA: PITTSBURGH,09/02/2015 05:41:00,,3033.00,2293.00,621.00,424.00,219.00,271.00,173.00,75.00,APPROVED
PA: PITTSBURGH,09/02/2015 06:41:00,,3119.00,2365.00,641.00,445.00,225.00,277.00,176.00,80.00,APPROVED
PA: PITTSBURGH,09/02/2015 07:41:00,,3179.00,2455.00,659.00,461.00,230.00,291.00,181.00,80.00,APPROVED
PA: PITTSBURGH,09/02/2015 08:42:00,,3240.00,2508.00,672.00,474.00,233.00,296.00,182.00,81.00,APPROVED
PA: PITTSBURGH,09/02/2015 09:42:00,,3288.00,2573.00,683.00,488.00,234.00,305.00,190.00,84.00,APPROVED
PA: PITTSBURGH,09/02/2015 10:42:00,,3318.00,2620.00,690.00,495.00,241.00,310.00,187.00,81.00,APPROVED
PA: PITTSBURGH,09/02/2015 11:42:00,,3438.00,2752.00,720.00,530.00,250.00,324.00,196.00,86.00,APPROVED
PA: PITTSBURGH,09/02/2015 12:42:00,,3433.00,2784.00,731.00,553.00,254.00,332.00,202.00,87.00,APPROVED
PA: PITTSBURGH,09/02/2015 13:43:00,,3284.00,2640.00,713.00,526.00,256.00,325.00,201.00,85.00,APPROVED
PA: PITTSBURGH,09/02/2015 14:43:00,,2989.00,2289.00,638.00,444.00,222.00,279.00,179.00,82.00,APPROVED
PA: PITTSBURGH,09/02/2015 15:43:00,,2734.00,2023.00,585.00,385.00,203.00,253.00,166.00,77.00,APPROVED
PA: PITTSBURGH,09/02/2015 16:43:00,,2568.00,1875.00,538.00,343.00,190.00,230.00,154.00,73.00,APPROVED
PA: PITTSBURGH,09/02/2015 17:43:00,,2453.00,1744.00,515.00,314.00,179.00,213.00,149.00,72.00,APPROVED
PA: PITTSBURGH,09/02/2015 18:44:00,,2361.00,1659.00,500.00,297.00,175.00,214.00,142.00,70.00,APPROVED
PA: PITTSBURGH,09/02/2015 19:44:00,,2335.00,1621.00,499.00,293.00,172.00,207.00,140.00,68.00,APPROVED
PA: PITTSBURGH,09/02/2015 20:44:00,,2307.00,1609.00,488.00,284.00,173.00,203.00,141.00,70.00,APPROVED
PA: PITTSBURGH,09/02/2015 21:44:00,,2301.00,1588.00,486.00,278.00,172.00,202.00,141.00,67.00,APPROVED
PA: PITTSBURGH,09/02/2015 22:44:00,,2319.00,1594.00,486.00,282.00,169.00,203.00,139.00,67.00,APPROVED
PA: PITTSBURGH,09/02/2015 23:45:00,,2378.00,1654.00,491.00,293.00,174.00,206.00,141.00,69.00,APPROVED
PA: PITTSBURGH,09/03/2015 00:45:00,,2467.00,1713.00,503.00,302.00,176.00,209.00,143.00,68.00,APPROVED
PA: PITTSBURGH,09/03/2015 01:45:00,,2545.00,1792.00,517.00,312.00,180.00,214.00,144.00,68.00,APPROVED
PA: PITTSBURGH,09/03/2015 02:45:00,,2588.00,1820.00,518.00,316.00,182.00,213.00,145.00,69.00,APPROVED
PA: PITTSBURGH,09/03/2015 03:45:00,,2638.00,1862.00,529.00,320.00,185.00,222.00,146.00,69.00,APPROVED
PA: PITTSBURGH,09/03/2015 04:46:00,,2700.00,1903.00,535.00,328.00,184.00,221.00,150.00,68.00,APPROVED
PA: PITTSBURGH,09/03/2015 05:46:00,,2756.00,1966.00,545.00,340.00,187.00,224.00,152.00,72.00,APPROVED
PA: PITTSBURGH,09/03/2015 06:46:00,,2788.00,2010.00,559.00,350.00,192.00,233.00,155.00,70.00,APPROVED
PA: PITTSBURGH,09/03/2015 07:46:00,,2861.00,2087.00,575.00,368.00,198.00,240.00,158.00,72.00,APPROVED
PA: PITTSBURGH,09/03/2015 08:46:00,,2929.00,2159.00,581.00,382.00,202.00,248.00,161.00,74.00,APPROVED
PA: PITTSBURGH,09/03/2015 09:47:00,,2965.00,2191.00,595.00,394.00,205.00,256.00,166.00,75.00,APPROVED
PA: PITTSBURGH,09/03/2015 10:47:00,,3009.00,2251.00,607.00,409.00,209.00,260.00,167.00,78.00,APPROVED
PA: PITTSBURGH,09/03/2015 11:47:00,,3115.00,2351.00,632.00,430.00,217.00,274.00,170.00,77.00,APPROVED
PA: PITTSBURGH,09/03/2015 12:47:00,,3109.00,2374.00,637.00,433.00,226.00,279.00,176.00,78.00,APPROVED
PA: PITTSBURGH,09/03/2015 13:47:00,,2969.00,2233.00,611.00,407.00,212.00,264.00,171.00,78.00,APPROVED
PA: PITTSBURGH,09/03/2015 14:48:00,,2883.00,2124.00,590.00,392.00,208.00,254.00,160.00,75.00,APPROVED
PA: PITTSBURGH,09/03/2015 15:48:00,,2769.00,2028.00,576.00,367.00,203.00,248.00,159.00,75.00,APPROVED
PA: PITTSBURGH,09/03/2015 16:48:00,,2625.00,1893.00,541.00,348.00,191.00,233.00,155.00,73.00,APPROVED
PA: PITTSBURGH,09/03/2015 17:48:00,,2512.00,1793.00,527.00,323.00,185.00,224.00,152.00,75.00,APPROVED
PA: PITTSBURGH,09/03/2015 18:48:00,,2430.00,1729.00,514.00,316.00,182.00,221.00,148.00,71.00,APPROVED
PA: PITTSBURGH,09/03/2015 19:49:00,,2400.00,1687.00,505.00,313.00,180.00,217.00,147.00,71.00,APPROVED
PA: PITTSBURGH,09/03/2015 20:49:00,,2387.00,1675.00,505.00,301.00,178.00,211.00,145.00,71.00,APPROVED
PA: PITTSBURGH,09/03/2015 21:49:00,,2393.00,1672.00,504.00,301.00,176.00,215.00,145.00,71.00,APPROVED
PA: PITTSBURGH,09/03/2015 22:49:00,,2460.00,1716.00,508.00,307.00,179.00,211.00,144.00,69.00,APPROVED
PA: PITTSBURGH,09/03/2015 23:49:00,,2504.00,1772.00,512.00,308.00,179.00,212.00,145.00,67.00,APPROVED
PA: PITTSBURGH,09/04/2015 00:50:00,,2554.00,1787.00,506.00,308.00,177.00,211.00,145.00,68.00,APPROVED
PA: PITTSBURGH,09/04/2015 01:50:00,,2604.00,1802.00,513.00,304.00,180.00,213.00,144.00,67.00,APPROVED
PA: PITTSBURGH,09/04/2015 02:50:00,,2665.00,1853.00,519.00,313.00,178.00,212.00,143.00,68.00,APPROVED
PA: PITTSBURGH,09/04/2015 03:50:00,,2703.00,1903.00,534.00,325.00,186.00,219.00,147.00,71.00,APPROVED
PA: PITTSBURGH,09/04/2015 04:50:00,,2740.00,1953.00,544.00,336.00,188.00,225.00,150.00,71.00,APPROVED
PA: PITTSBURGH,09/04/2015 05:51:00,,2805.00,2032.00,558.00,357.00,194.00,236.00,153.00,72.00,APPROVED
PA: PITTSBURGH,09/04/2015 06:51:00,,2918.00,2151.00,589.00,384.00,203.00,247.00,163.00,74.00,APPROVED
PA: PITTSBURGH,09/04/2015 07:51:00,,2983.00,2235.00,609.00,406.00,213.00,261.00,167.00,75.00,APPROVED
PA: PITTSBURGH,09/04/2015 08:51:00,,2985.00,2257.00,604.00,410.00,213.00,263.00,168.00,76.00,APPROVED
PA: PITTSBURGH,09/04/2015 09:51:00,,2988.00,2253.00,611.00,410.00,209.00,258.00,168.00,76.00,APPROVED
PA: PITTSBURGH,09/04/2015 10:52:00,,3022.00,2291.00,615.00,418.00,213.00,269.00,168.00,78.00,APPROVED
PA: PITTSBURGH,09/04/2015 11:52:00,,3105.00,2357.00,634.00,432.00,217.00,276.00,175.00,79.00,APPROVED
PA: PITTSBURGH,09/04/2015 12:52:00,,3062.00,2319.00,622.00,418.00,216.00,269.00,172.00,76.00,APPROVED
PA: PITTSBURGH,09/04/2015 13:52:00,,3001.00,2259.00,614.00,412.00,213.00,263.00,169.00,76.00,APPROVED
PA: PITTSBURGH,09/04/2015 14:52:00,,2863.00,2132.00,589.00,388.00,203.00,254.00,166.00,74.00,APPROVED
PA: PITTSBURGH,09/04/2015 15:53:00,,2643.00,1905.00,540.00,338.00,189.00,224.00,148.00,72.00,APPROVED
PA: PITTSBURGH,09/04/2015 16:53:00,,2503.00,1742.00,507.00,304.00,176.00,208.00,144.00,70.00,APPROVED
PA: PITTSBURGH,09/04/2015 17:53:00,,2391.00,1631.00,487.00,284.00,173.00,200.00,140.00,68.00,APPROVED
PA: PITTSBURGH,09/04/2015 18:53:00,,2297.00,1562.00,479.00,274.00,167.00,197.00,140.00,69.00,APPROVED
PA: PITTSBURGH,09/04/2015 19:53:00,,2324.00,1578.00,488.00,282.00,171.00,200.00,138.00,70.00,APPROVED
PA: PITTSBURGH,09/04/2015 20:54:00,,2293.00,1564.00,479.00,277.00,167.00,196.00,136.00,66.00,APPROVED
PA: PITTSBURGH,09/04/2015 21:54:00,,2295.00,1552.00,473.00,268.00,164.00,197.00,135.00,67.00,APPROVED
PA: PITTSBURGH,09/04/2015 22:54:00,,2288.00,1527.00,469.00,264.00,163.00,188.00,134.00,64.00,APPROVED
PA: PITTSBURGH,09/04/2015 23:54:00,,2544.00,1783.00,522.00,308.00,178.00,215.00,141.00,69.00,APPROVED
PA: PITTSBURGH,09/05/2015 00:54:00,,2699.00,1907.00,533.00,324.00,181.00,214.00,145.00,70.00,APPROVED
PA: PITTSBURGH,09/05/2015 01:55:00,,2692.00,1914.00,527.00,321.00,179.00,215.00,142.00,67.00,APPROVED
PA: PITTSBURGH,09/05/2015 02:55:00,,2776.00,1975.00,540.00,330.00,181.00,222.00,151.00,71.00,APPROVED
PA: PITTSBURGH,09/05/2015 03:55:00,,2820.00,2040.00,554.00,350.00,191.00,233.00,153.00,69.00,APPROVED
PA: PITTSBURGH,09/05/2015 04:55:00,,2892.00,2115.00,575.00,369.00,198.00,241.00,156.00,70.00,APPROVED
PA: PITTSBURGH,09/05/2015 05:55:00,,2940.00,2168.00,588.00,383.00,203.00,248.00,161.00,73.00,APPROVED
PA: PITTSBURGH,09/05/2015 06:56:00,,2999.00,2225.00,602.00,401.00,209.00,260.00,166.00,73.00,APPROVED
PA: PITTSBURGH,09/05/2015 07:56:00,,3045.00,2302.00,624.00,415.00,216.00,269.00,175.00,76.00,APPROVED
PA: PITTSBURGH,09/05/2015 08:56:00,,2997.00,2286.00,632.00,424.00,220.00,276.00,176.00,79.00,APPROVED
PA: PITTSBURGH,09/05/2015 09:56:00,,2855.00,2191.00,652.00,412.00,221.00,288.00,175.00,79.00,APPROVED
PA: PITTSBURGH,09/05/2015 10:56:00,,2829.00,2179.00,661.00,408.00,221.00,287.00,180.00,78.00,APPROVED
PA: PITTSBURGH,09/05/2015 11:57:00,,2793.00,2146.00,664.00,401.00,219.00,288.00,177.00,79.00,APPROVED
PA: PITTSBURGH,09/05/2015 12:57:00,,2751.00,2116.00,667.00,396.00,219.00,290.00,177.00,78.00,APPROVED
PA: PITTSBURGH,09/05/2015 13:57:00,,2646.00,1997.00,613.00,377.00,210.00,268.00,171.00,76.00,APPROVED
PA: PITTSBURGH,09/05/2015 14:57:00,,2677.00,1955.00,563.00,364.00,199.00,241.00,157.00,74.00,APPROVED
PA: PITTSBURGH,09/05/2015 15:57:00,,2580.00,1853.00,533.00,335.00,189.00,226.00,152.00,72.00,APPROVED
PA: PITTSBURGH,09/05/2015 16:58:00,,2519.00,1798.00,527.00,321.00,185.00,224.00,147.00,73.00,APPROVED
PA: PITTSBURGH,09/05/2015 17:58:00,,2463.00,1752.00,525.00,315.00,182.00,220.00,148.00,72.00,APPROVED
PA: PITTSBURGH,09/05/2015 18:58:00,,2424.00,1721.00,518.00,315.00,181.00,220.00,147.00,72.00,APPROVED
PA: PITTSBURGH,09/05/2015 19:58:00,,2362.00,1679.00,505.00,306.00,175.00,214.00,144.00,72.00,APPROVED
PA: PITTSBURGH,09/05/2015 20:58:00,,2371.00,1660.00,494.00,292.00,177.00,211.00,144.00,68.00,APPROVED
PA: PITTSBURGH,09/08/2015 14:12:00,,2491.00,1678.00,488.00,276.00,169.00,197.00,132.00,62.00,APPROVED
PA: PITTSBURGH,09/08/2015 15:12:00,,2438.00,1707.00,492.00,303.00,172.00,211.00,143.00,66.00,APPROVED
PA: PITTSBURGH,09/08/2015 16:13:00,,2399.00,1669.00,489.00,303.00,168.00,207.00,143.00,66.00,APPROVED
PA: PITTSBURGH,09/08/2015 17:13:00,,2318.00,1588.00,466.00,280.00,164.00,199.00,135.00,65.00,APPROVED
PA: PITTSBURGH,09/08/2015 18:13:00,,2222.00,1507.00,457.00,269.00,162.00,192.00,132.00,62.00,APPROVED
PA: PITTSBURGH,09/08/2015 19:13:00,,2156.00,1456.00,438.00,260.00,156.00,185.00,126.00,63.00,APPROVED
PA: PITTSBURGH,09/08/2015 20:13:00,,2112.00,1412.00,439.00,251.00,156.00,186.00,129.00,64.00,APPROVED
PA: PITTSBURGH,09/08/2015 21:14:00,,2150.00,1439.00,438.00,252.00,155.00,184.00,128.00,64.00,APPROVED
PA: PITTSBURGH,09/08/2015 22:14:00,,2149.00,1438.00,439.00,254.00,156.00,185.00,129.00,63.00,APPROVED
PA: PITTSBURGH,09/08/2015 23:14:00,,2174.00,1453.00,440.00,257.00,158.00,188.00,126.00,65.00,APPROVED
PA: PITTSBURGH,09/09/2015 00:14:00,,2230.00,1509.00,448.00,260.00,159.00,185.00,128.00,62.00,APPROVED
PA: PITTSBURGH,09/09/2015 01:14:00,,2322.00,1583.00,457.00,267.00,163.00,190.00,131.00,65.00,APPROVED
PA: PITTSBURGH,09/09/2015 02:15:00,,2457.00,1683.00,478.00,289.00,166.00,196.00,134.00,65.00,APPROVED
PA: PITTSBURGH,09/09/2015 03:15:00,,2597.00,1812.00,504.00,312.00,177.00,212.00,144.00,66.00,APPROVED
PA: PITTSBURGH,09/09/2015 04:15:00,,2719.00,1964.00,537.00,344.00,183.00,226.00,146.00,67.00,APPROVED
PA: PITTSBURGH,09/09/2015 05:15:00,,2857.00,2093.00,567.00,374.00,193.00,246.00,155.00,72.00,APPROVED
PA: PITTSBURGH,09/09/2015 06:15:00,,2947.00,2205.00,593.00,401.00,205.00,257.00,163.00,73.00,APPROVED
PA: PITTSBURGH,09/09/2015 07:16:00,,3018.00,2279.00,602.00,419.00,212.00,266.00,170.00,72.00,APPROVED
PA: PITTSBURGH,09/09/2015 08:16:00,,3126.00,2377.00,630.00,442.00,220.00,279.00,176.00,77.00,APPROVED
PA: PITTSBURGH,09/09/2015 09:16:00,,2971.00,2281.00,630.00,436.00,219.00,284.00,174.00,75.00,APPROVED
PA: PITTSBURGH,09/09/2015 10:16:00,,2814.00,2126.00,624.00,393.00,210.00,274.00,174.00,76.00,APPROVED
PA: PITTSBURGH,09/09/2015 11:16:00,,2741.00,2057.00,614.00,379.00,206.00,266.00,169.00,75.00,APPROVED
PA: PITTSBURGH,09/09/2015 12:17:00,,2697.00,2010.00,605.00,376.00,205.00,260.00,162.00,74.00,APPROVED
PA: PITTSBURGH,09/09/2015 13:17:00,,2529.00,1856.00,575.00,343.00,193.00,246.00,157.00,72.00,APPROVED
PA: PITTSBURGH,09/09/2015 14:17:00,,2468.00,1769.00,533.00,327.00,184.00,225.00,148.00,68.00,APPROVED
PA: PITTSBURGH,09/09/2015 15:17:00,,2570.00,1838.00,518.00,325.00,182.00,219.00,145.00,69.00,APPROVED
PA: PITTSBURGH,09/09/2015 16:17:00,,2465.00,1748.00,505.00,313.00,177.00,213.00,141.00,69.00,APPROVED
PA: PITTSBURGH,09/09/2015 17:18:00,,2335.00,1614.00,478.00,281.00,166.00,202.00,136.00,68.00,APPROVED
PA: PITTSBURGH,09/09/2015 18:18:00,,2226.00,1512.00,451.00,263.00,158.00,189.00,131.00,66.00,APPROVED
PA: PITTSBURGH,09/09/2015 19:18:00,,2226.00,1512.00,456.00,262.00,160.00,189.00,130.00,66.00,APPROVED
PA: PITTSBURGH,09/09/2015 20:18:00,,2379.00,1646.00,484.00,291.00,167.00,199.00,136.00,66.00,APPROVED
PA: PITTSBURGH,09/09/2015 21:18:00,,4156.00,3383.00,874.00,634.00,289.00,376.00,219.00,102.00,APPROVED
PA: PITTSBURGH,09/09/2015 22:19:00,,3894.00,3113.00,834.00,587.00,272.00,357.00,206.00,92.00,APPROVED
PA: PITTSBURGH,09/09/2015 23:19:00,,2939.00,2169.00,642.00,402.00,211.00,269.00,167.00,75.00,APPROVED
PA: PITTSBURGH,09/10/2015 00:19:00,,2485.00,1751.00,535.00,310.00,177.00,222.00,143.00,68.00,APPROVED
PA: PITTSBURGH,09/10/2015 01:19:00,,2301.00,1570.00,490.00,270.00,164.00,202.00,130.00,64.00,APPROVED
PA: PITTSBURGH,09/10/2015 02:19:00,,2241.00,1512.00,464.00,260.00,157.00,193.00,128.00,63.00,APPROVED
PA: PITTSBURGH,09/10/2015 03:20:00,,2254.00,1517.00,462.00,261.00,157.00,190.00,129.00,64.00,APPROVED
PA: PITTSBURGH,09/10/2015 04:20:00,,2253.00,1531.00,468.00,262.00,158.00,191.00,128.00,65.00,APPROVED
PA: PITTSBURGH,09/10/2015 05:20:00,,2262.00,1545.00,476.00,263.00,160.00,194.00,132.00,63.00,APPROVED
PA: PITTSBURGH,09/10/2015 06:20:00,,2262.00,1539.00,470.00,263.00,157.00,195.00,127.00,63.00,APPROVED
PA: PITTSBURGH,09/10/2015 07:20:00,,2256.00,1520.00,464.00,255.00,155.00,188.00,129.00,62.00,APPROVED
PA: PITTSBURGH,09/10/2015 08:21:00,,2258.00,1511.00,461.00,253.00,156.00,187.00,125.00,63.00,APPROVED
PA: PITTSBURGH,09/10/2015 09:21:00,,2358.00,1605.00,484.00,267.00,162.00,197.00,133.00,66.00,APPROVED
PA: PITTSBURGH,09/10/2015 10:21:00,,2614.00,1823.00,540.00,314.00,176.00,223.00,143.00,67.00,APPROVED
PA: PITTSBURGH,09/10/2015 11:21:00,,2906.00,2113.00,617.00,380.00,201.00,253.00,162.00,72.00,APPROVED
PA: PITTSBURGH,09/10/2015 12:21:00,,2971.00,2193.00,643.00,389.00,207.00,269.00,161.00,72.00,APPROVED
PA: PITTSBURGH,09/10/2015 13:22:00,,2767.00,1984.00,590.00,354.00,195.00,245.00,154.00,71.00,APPROVED
PA: PITTSBURGH,09/10/2015 14:22:00,,2572.00,1795.00,536.00,313.00,180.00,222.00,142.00,67.00,APPROVED
PA: PITTSBURGH,09/10/2015 15:22:00,,2357.00,1616.00,487.00,269.00,164.00,197.00,131.00,64.00,APPROVED
PA: PITTSBURGH,09/10/2015 16:22:00,,2397.00,1637.00,492.00,279.00,164.00,203.00,130.00,64.00,APPROVED
PA: PITTSBURGH,09/10/2015 17:22:00,,2529.00,1755.00,527.00,305.00,177.00,213.00,141.00,64.00,APPROVED
PA: PITTSBURGH,09/10/2015 18:23:00,,2310.00,1556.00,476.00,263.00,158.00,190.00,127.00,62.00,APPROVED
PA: PITTSBURGH,09/10/2015 19:23:00,,2192.00,1447.00,441.00,241.00,149.00,179.00,121.00,59.00,APPROVED
PA: PITTSBURGH,09/10/2015 20:23:00,,2116.00,1365.00,425.00,231.00,148.00,173.00,120.00,59.00,APPROVED
PA: PITTSBURGH,09/10/2015 21:23:00,,2080.00,1351.00,425.00,221.00,146.00,171.00,119.00,59.00,APPROVED
PA: PITTSBURGH,09/10/2015 22:23:00,,2073.00,1332.00,420.00,223.00,144.00,169.00,116.00,58.00,APPROVED
PA: PITTSBURGH,09/10/2015 23:24:00,,2073.00,1338.00,421.00,222.00,144.00,171.00,119.00,59.00,APPROVED
PA: PITTSBURGH,09/11/2015 00:24:00,,2120.00,1368.00,428.00,223.00,142.00,170.00,119.00,59.00,APPROVED
PA: PITTSBURGH,09/11/2015 01:24:00,,2171.00,1420.00,435.00,234.00,150.00,173.00,118.00,58.00,APPROVED
PA: PITTSBURGH,09/11/2015 02:24:00,,2235.00,1477.00,445.00,242.00,153.00,183.00,122.00,60.00,APPROVED
PA: PITTSBURGH,09/11/2015 03:24:00,,2284.00,1527.00,457.00,251.00,153.00,185.00,121.00,62.00,APPROVED
PA: PITTSBURGH,09/11/2015 04:25:00,,2348.00,1573.00,471.00,262.00,157.00,194.00,127.00,61.00,APPROVED
PA: PITTSBURGH,09/11/2015 05:25:00,,2405.00,1632.00,483.00,274.00,161.00,195.00,128.00,61.00,APPROVED
PA: PITTSBURGH,09/11/2015 06:25:00,,2468.00,1697.00,496.00,285.00,167.00,207.00,134.00,62.00,APPROVED
PA: PITTSBURGH,09/11/2015 07:25:00,,2543.00,1819.00,530.00,314.00,181.00,226.00,145.00,67.00,APPROVED
PA: PITTSBURGH,09/11/2015 08:25:00,,2583.00,1903.00,555.00,342.00,188.00,242.00,149.00,68.00,APPROVED
PA: PITTSBURGH,09/11/2015 09:26:00,,2592.00,1884.00,548.00,344.00,185.00,240.00,153.00,68.00,APPROVED
PA: PITTSBURGH,09/11/2015 10:26:00,,2575.00,1872.00,541.00,332.00,187.00,237.00,149.00,68.00,APPROVED
PA: PITTSBURGH,09/11/2015 11:26:00,,2587.00,1894.00,552.00,343.00,190.00,241.00,151.00,69.00,APPROVED
PA: PITTSBURGH,09/11/2015 12:26:00,,2660.00,1956.00,570.00,358.00,197.00,246.00,154.00,70.00,APPROVED
PA: PITTSBURGH,09/11/2015 13:26:00,,2668.00,1993.00,580.00,364.00,196.00,254.00,157.00,69.00,APPROVED
PA: PITTSBURGH,09/11/2015 14:27:00,,2597.00,1917.00,567.00,356.00,195.00,251.00,152.00,70.00,APPROVED
PA: PITTSBURGH,09/11/2015 15:27:00,,2437.00,1750.00,534.00,317.00,180.00,225.00,146.00,67.00,APPROVED
PA: PITTSBURGH,09/11/2015 16:27:00,,2321.00,1588.00,490.00,279.00,165.00,206.00,134.00,65.00,APPROVED
PA: PITTSBURGH,09/11/2015 17:27:00,,2270.00,1551.00,475.00,266.00,162.00,198.00,132.00,63.00,APPROVED
PA: PITTSBURGH,09/11/2015 18:27:00,,2347.00,1589.00,469.00,276.00,162.00,193.00,134.00,65.00,APPROVED
PA: PITTSBURGH,09/11/2015 19:28:00,,2331.00,1588.00,463.00,274.00,161.00,188.00,129.00,66.00,APPROVED
PA: PITTSBURGH,09/11/2015 20:28:00,,2315.00,1573.00,458.00,274.00,158.00,190.00,128.00,63.00,APPROVED
PA: PITTSBURGH,09/11/2015 21:28:00,,2302.00,1553.00,449.00,257.00,157.00,183.00,130.00,63.00,APPROVED
PA: PITTSBURGH,09/11/2015 22:28:00,,2324.00,1569.00,456.00,265.00,157.00,186.00,129.00,64.00,APPROVED
PA: PITTSBURGH,09/11/2015 23:28:00,,2404.00,1648.00,471.00,279.00,162.00,195.00,132.00,64.00,APPROVED
PA: PITTSBURGH,09/12/2015 00:29:00,,2481.00,1693.00,474.00,283.00,163.00,197.00,133.00,65.00,APPROVED
PA: PITTSBURGH,09/12/2015 01:29:00,,2535.00,1739.00,482.00,285.00,165.00,197.00,133.00,65.00,APPROVED
PA: PITTSBURGH,09/12/2015 02:29:00,,2581.00,1778.00,489.00,291.00,163.00,195.00,131.00,64.00,APPROVED
PA: PITTSBURGH,09/12/2015 03:29:00,,2524.00,1703.00,476.00,277.00,161.00,191.00,128.00,63.00,APPROVED
PA: PITTSBURGH,09/12/2015 04:29:00,,2306.00,1538.00,456.00,255.00,157.00,185.00,124.00,60.00,APPROVED
PA: PITTSBURGH,09/12/2015 05:30:00,,2266.00,1505.00,444.00,247.00,152.00,183.00,124.00,61.00,APPROVED
PA: PITTSBURGH,09/12/2015 06:30:00,,2252.00,1477.00,453.00,244.00,151.00,178.00,122.00,59.00,APPROVED
PA: PITTSBURGH,09/12/2015 07:30:00,,2348.00,1565.00,473.00,262.00,158.00,187.00,126.00,61.00,APPROVED
PA: PITTSBURGH,09/12/2015 08:30:00,,2515.00,1713.00,513.00,287.00,170.00,205.00,136.00,64.00,APPROVED
PA: PITTSBURGH,09/12/2015 09:30:00,,2759.00,1923.00,556.00,330.00,183.00,228.00,142.00,65.00,APPROVED
PA: PITTSBURGH,09/12/2015 10:31:00,,2716.00,1888.00,542.00,319.00,181.00,217.00,142.00,64.00,APPROVED
PA: PITTSBURGH,09/12/2015 11:31:00,,3439.00,2597.00,717.00,448.00,228.00,294.00,176.00,76.00,APPROVED
PA: PITTSBURGH,09/12/2015 12:31:00,,3633.00,2822.00,789.00,506.00,249.00,335.00,194.00,79.00,APPROVED
PA: PITTSBURGH,09/12/2015 13:31:00,,2950.00,2125.00,621.00,378.00,201.00,262.00,155.00,70.00,APPROVED
PA: PITTSBURGH,09/12/2015 14:32:00,,2559.00,1750.00,512.00,295.00,174.00,210.00,133.00,64.00,APPROVED
PA: PITTSBURGH,09/12/2015 15:32:00,,2529.00,1746.00,511.00,293.00,166.00,208.00,135.00,63.00,APPROVED
PA: PITTSBURGH,09/12/2015 16:32:00,,2387.00,1605.00,475.00,269.00,159.00,193.00,123.00,60.00,APPROVED
PA: PITTSBURGH,09/12/2015 17:32:00,,2298.00,1524.00,449.00,247.00,152.00,182.00,122.00,62.00,APPROVED
PA: PITTSBURGH,09/12/2015 18:32:00,,2273.00,1506.00,449.00,245.00,154.00,182.00,122.00,61.00,APPROVED
PA: PITTSBURGH,09/12/2015 19:32:00,,2227.00,1459.00,443.00,239.00,150.00,177.00,120.00,60.00,APPROVED
PA: PITTSBURGH,09/12/2015 20:33:00,,2333.00,1539.00,456.00,248.00,155.00,183.00,120.00,61.00,APPROVED
PA: PITTSBURGH,09/12/2015 21:33:00,,2449.00,1637.00,475.00,266.00,159.00,190.00,124.00,62.00,APPROVED
PA: PITTSBURGH,09/12/2015 22:33:00,,2668.00,1850.00,528.00,303.00,174.00,211.00,134.00,64.00,APPROVED
PA: PITTSBURGH,09/12/2015 23:33:00,,2655.00,1823.00,520.00,295.00,168.00,207.00,130.00,63.00,APPROVED
PA: PITTSBURGH,09/13/2015 00:33:00,,2688.00,1847.00,525.00,296.00,168.00,208.00,131.00,62.00,APPROVED
PA: PITTSBURGH,09/13/2015 01:34:00,,2530.00,1684.00,479.00,266.00,159.00,189.00,124.00,61.00,APPROVED
PA: PITTSBURGH,09/13/2015 02:34:00,,2420.00,1581.00,454.00,243.00,150.00,175.00,117.00,60.00,APPROVED
PA: PITTSBURGH,09/13/2015 03:34:00,,2469.00,1611.00,456.00,248.00,151.00,181.00,116.00,60.00,APPROVED
PA: PITTSBURGH,09/13/2015 04:34:00,,2579.00,1723.00,490.00,273.00,158.00,194.00,122.00,61.00,APPROVED
PA: PITTSBURGH,09/13/2015 05:35:00,,2492.00,1631.00,467.00,257.00,151.00,183.00,119.00,61.00,APPROVED
PA: PITTSBURGH,09/13/2015 06:35:00,,2398.00,1555.00,441.00,235.00,149.00,170.00,115.00,58.00,APPROVED
PA: PITTSBURGH,09/13/2015 07:35:00,,2382.00,1521.00,435.00,231.00,147.00,170.00,114.00,57.00,APPROVED
PA: PITTSBURGH,09/13/2015 08:35:00,,2387.00,1541.00,439.00,238.00,144.00,175.00,115.00,58.00,APPROVED
PA: PITTSBURGH,09/13/2015 09:35:00,,2380.00,1539.00,441.00,233.00,147.00,172.00,113.00,59.00,APPROVED
PA: PITTSBURGH,09/13/2015 10:36:00,,2381.00,1530.00,436.00,230.00,149.00,171.00,113.00,58.00,APPROVED
PA: PITTSBURGH,09/13/2015 11:36:00,,2400.00,1550.00,441.00,233.00,149.00,169.00,114.00,60.00,APPROVED
PA: PITTSBURGH,09/13/2015 12:36:00,,2420.00,1556.00,436.00,235.00,147.00,173.00,115.00,59.00,APPROVED
PA: PITTSBURGH,09/13/2015 13:36:00,,2411.00,1547.00,443.00,233.00,147.00,172.00,114.00,58.00,APPROVED
PA: PITTSBURGH,09/13/2015 14:36:00,,2362.00,1521.00,437.00,231.00,147.00,172.00,113.00,59.00,APPROVED
PA: PITTSBURGH,09/13/2015 15:37:00,,2323.00,1500.00,436.00,227.00,147.00,168.00,114.00,58.00,APPROVED
PA: PITTSBURGH,09/13/2015 16:37:00,,2308.00,1504.00,435.00,230.00,148.00,171.00,116.00,60.00,APPROVED
PA: PITTSBURGH,09/13/2015 17:37:00,,2352.00,1530.00,447.00,236.00,151.00,179.00,119.00,59.00,APPROVED
PA: PITTSBURGH,09/13/2015 18:37:00,,2376.00,1547.00,446.00,241.00,148.00,177.00,118.00,59.00,APPROVED
PA: PITTSBURGH,09/13/2015 19:37:00,,2256.00,1433.00,427.00,221.00,146.00,166.00,114.00,57.00,APPROVED
PA: PITTSBURGH,09/13/2015 20:38:00,,2217.00,1399.00,415.00,213.00,141.00,160.00,112.00,58.00,APPROVED
PA: PITTSBURGH,09/13/2015 21:38:00,,2198.00,1394.00,417.00,217.00,141.00,160.00,114.00,58.00,APPROVED
PA: PITTSBURGH,09/13/2015 22:38:00,,2181.00,1386.00,414.00,214.00,139.00,164.00,111.00,58.00,APPROVED
PA: PITTSBURGH,09/13/2015 23:38:00,,2206.00,1401.00,414.00,214.00,140.00,158.00,112.00,58.00,APPROVED
PA: PITTSBURGH,09/14/2015 00:38:00,,2262.00,1434.00,419.00,216.00,139.00,164.00,111.00,57.00,APPROVED
PA: PITTSBURGH,09/14/2015 01:39:00,,2310.00,1480.00,424.00,223.00,142.00,165.00,113.00,57.00,APPROVED
PA: PITTSBURGH,09/14/2015 02:39:00,,2381.00,1518.00,429.00,227.00,143.00,168.00,110.00,59.00,APPROVED
PA: PITTSBURGH,09/14/2015 03:39:00,,2404.00,1544.00,438.00,231.00,147.00,171.00,116.00,60.00,APPROVED
PA: PITTSBURGH,09/14/2015 04:39:00,,2428.00,1577.00,447.00,235.00,147.00,175.00,111.00,58.00,APPROVED
PA: PITTSBURGH,09/14/2015 05:39:00,,2487.00,1605.00,449.00,240.00,147.00,176.00,114.00,59.00,APPROVED
PA: PITTSBURGH,09/14/2015 06:40:00,,2516.00,1631.00,457.00,246.00,150.00,178.00,113.00,58.00,APPROVED
PA: PITTSBURGH,09/14/2015 07:40:00,,2551.00,1662.00,465.00,252.00,154.00,183.00,117.00,58.00,APPROVED
PA: PITTSBURGH,09/14/2015 08:40:00,,2570.00,1685.00,469.00,257.00,155.00,185.00,119.00,59.00,APPROVED
PA: PITTSBURGH,09/14/2015 09:40:00,,2571.00,1680.00,472.00,254.00,152.00,185.00,119.00,60.00,APPROVED
PA: PITTSBURGH,09/14/2015 10:40:00,,2568.00,1690.00,473.00,261.00,154.00,187.00,120.00,59.00,APPROVED
PA: PITTSBURGH,09/14/2015 11:41:00,,2591.00,1712.00,470.00,258.00,158.00,189.00,120.00,59.00,APPROVED
PA: PITTSBURGH,09/14/2015 12:41:00,,2607.00,1718.00,479.00,259.00,158.00,186.00,120.00,59.00,APPROVED
PA: PITTSBURGH,09/14/2015 13:41:00,,2579.00,1706.00,474.00,262.00,157.00,190.00,121.00,58.00,APPROVED
PA: PITTSBURGH,09/14/2015 14:41:00,,2484.00,1639.00,467.00,258.00,156.00,187.00,119.00,60.00,APPROVED
PA: PITTSBURGH,09/14/2015 15:41:00,,2365.00,1544.00,451.00,243.00,152.00,180.00,120.00,59.00,APPROVED
PA: PITTSBURGH,09/14/2015 16:42:00,,2236.00,1459.00,437.00,233.00,148.00,173.00,119.00,59.00,APPROVED
PA: PITTSBURGH,09/14/2015 18:12:00,,2112.00,1338.00,407.00,212.00,140.00,159.00,117.00,57.00,APPROVED
PA: PITTSBURGH,09/14/2015 19:13:00,,2063.00,1313.00,404.00,217.00,144.00,166.00,115.00,58.00,APPROVED
PA: PITTSBURGH,09/14/2015 20:13:00,,2251.00,1467.00,427.00,233.00,149.00,171.00,118.00,59.00,APPROVED
PA: PITTSBURGH,09/14/2015 21:13:00,,2380.00,1547.00,434.00,244.00,150.00,173.00,122.00,59.00,APPROVED
PA: PITTSBURGH,09/14/2015 22:13:00,,2383.00,1560.00,436.00,242.00,147.00,171.00,118.00,59.00,APPROVED
PA: PITTSBURGH,09/14/2015 23:13:00,,2387.00,1573.00,443.00,243.00,150.00,171.00,120.00,59.00,APPROVED
PA: PITTSBURGH,09/15/2015 00:14:00,,2287.00,1491.00,434.00,237.00,148.00,172.00,117.00,58.00,APPROVED
PA: PITTSBURGH,09/15/2015 01:14:00,,2253.00,1454.00,432.00,232.00,150.00,174.00,119.00,56.00,APPROVED
PA: PITTSBURGH,09/15/2015 02:14:00,,2277.00,1475.00,427.00,233.00,147.00,177.00,119.00,58.00,APPROVED
PA: PITTSBURGH,09/15/2015 03:14:00,,2345.00,1527.00,446.00,241.00,151.00,180.00,119.00,58.00,APPROVED
PA: PITTSBURGH,09/15/2015 04:14:00,,2447.00,1598.00,453.00,249.00,153.00,181.00,121.00,59.00,APPROVED
PA: PITTSBURGH,09/15/2015 05:15:00,,2544.00,1685.00,474.00,264.00,160.00,188.00,125.00,60.00,APPROVED
PA: PITTSBURGH,09/15/2015 06:15:00,,2615.00,1744.00,488.00,270.00,162.00,198.00,126.00,61.00,APPROVED
PA: PITTSBURGH,09/15/2015 07:15:00,,2687.00,1805.00,505.00,282.00,169.00,203.00,126.00,63.00,APPROVED
PA: PITTSBURGH,09/15/2015 08:15:00,,2752.00,1866.00,510.00,297.00,169.00,209.00,130.00,61.00,APPROVED
PA: PITTSBURGH,09/15/2015 09:15:00,,2803.00,1921.00,532.00,308.00,174.00,217.00,134.00,65.00,APPROVED
PA: PITTSBURGH,09/15/2015 10:16:00,,2884.00,1999.00,545.00,322.00,180.00,224.00,135.00,63.00,APPROVED
PA: PITTSBURGH,09/15/2015 11:16:00,,2940.00,2048.00,565.00,336.00,185.00,236.00,138.00,64.00,APPROVED
PA: PITTSBURGH,09/15/2015 12:16:00,,2941.00,2093.00,574.00,350.00,190.00,241.00,144.00,68.00,APPROVED
PA: PITTSBURGH,09/15/2015 13:16:00,,2908.00,2080.00,578.00,348.00,188.00,243.00,146.00,67.00,APPROVED
PA: PITTSBURGH,09/15/2015 14:16:00,,2777.00,1967.00,550.00,330.00,183.00,233.00,141.00,67.00,APPROVED
PA: PITTSBURGH,09/15/2015 15:17:00,,2559.00,1783.00,520.00,299.00,173.00,217.00,134.00,66.00,APPROVED
PA: PITTSBURGH,09/15/2015 16:17:00,,2369.00,1606.00,481.00,275.00,163.00,199.00,130.00,61.00,APPROVED
PA: PITTSBURGH,09/15/2015 17:17:00,,2250.00,1495.00,463.00,252.00,155.00,188.00,127.00,60.00,APPROVED
PA: PITTSBURGH,09/15/2015 18:17:00,,2291.00,1547.00,447.00,256.00,157.00,184.00,128.00,63.00,APPROVED
PA: PITTSBURGH,09/15/2015 19:17:00,,2281.00,1518.00,442.00,254.00,152.00,179.00,124.00,61.00,APPROVED
PA: PITTSBURGH,09/15/2015 20:18:00,,2279.00,1524.00,444.00,251.00,155.00,177.00,124.00,62.00,APPROVED
PA: PITTSBURGH,09/15/2015 21:18:00,,2331.00,1535.00,443.00,249.00,153.00,175.00,125.00,60.00,APPROVED
PA: PITTSBURGH,09/15/2015 22:18:00,,2301.00,1533.00,436.00,247.00,154.00,179.00,123.00,61.00,APPROVED
PA: PITTSBURGH,09/15/2015 23:18:00,,2338.00,1540.00,443.00,252.00,153.00,177.00,123.00,61.00,APPROVED
PA: PITTSBURGH,09/16/2015 00:18:00,,2441.00,1622.00,452.00,257.00,153.00,179.00,126.00,60.00,APPROVED
PA: PITTSBURGH,09/16/2015 01:19:00,,2378.00,1567.00,446.00,250.00,152.00,181.00,124.00,62.00,APPROVED
PA: PITTSBURGH,09/16/2015 02:19:00,,2359.00,1570.00,460.00,256.00,157.00,185.00,126.00,61.00,APPROVED
PA: PITTSBURGH,09/16/2015 03:19:00,,2400.00,1608.00,472.00,262.00,161.00,192.00,128.00,62.00,APPROVED
PA: PITTSBURGH,09/16/2015 04:19:00,,2506.00,1691.00,488.00,275.00,167.00,199.00,131.00,63.00,APPROVED
PA: PITTSBURGH,09/16/2015 05:19:00,,2594.00,1758.00,503.00,292.00,168.00,204.00,133.00,63.00,APPROVED
PA: PITTSBURGH,09/16/2015 06:20:00,,2648.00,1824.00,519.00,302.00,176.00,214.00,136.00,63.00,APPROVED
PA: PITTSBURGH,09/16/2015 07:20:00,,2744.00,1911.00,538.00,321.00,181.00,227.00,140.00,66.00,APPROVED
PA: PITTSBURGH,09/16/2015 08:20:00,,2818.00,1990.00,558.00,334.00,188.00,235.00,143.00,67.00,APPROVED
PA: PITTSBURGH,09/16/2015 09:20:00,,2891.00,2088.00,579.00,353.00,192.00,243.00,148.00,67.00,APPROVED
PA: PITTSBURGH,09/16/2015 10:20:00,,2988.00,2158.00,592.00,374.00,201.00,258.00,156.00,69.00,APPROVED
PA: PITTSBURGH,09/16/2015 11:21:00,,3065.00,2276.00,626.00,397.00,212.00,274.00,164.00,71.00,APPROVED
PA: PITTSBURGH,09/16/2015 12:21:00,,3150.00,2396.00,665.00,430.00,221.00,289.00,174.00,74.00,APPROVED
PA: PITTSBURGH,09/16/2015 13:21:00,,3197.00,2491.00,685.00,463.00,230.00,305.00,177.00,77.00,APPROVED
PA: PITTSBURGH,09/16/2015 14:21:00,,3044.00,2320.00,658.00,430.00,218.00,294.00,174.00,76.00,APPROVED
PA: PITTSBURGH,09/16/2015 15:21:00,,2745.00,2005.00,589.00,364.00,198.00,255.00,155.00,71.00,APPROVED
PA: PITTSBURGH,09/16/2015 16:22:00,,2494.00,1751.00,540.00,311.00,180.00,224.00,147.00,66.00,APPROVED
PA: PITTSBURGH,09/16/2015 17:22:00,,2304.00,1594.00,486.00,279.00,165.00,201.00,135.00,66.00,APPROVED
PA: PITTSBURGH,09/16/2015 18:22:00,,2288.00,1555.00,456.00,270.00,160.00,193.00,129.00,65.00,APPROVED
PA: PITTSBURGH,09/16/2015 19:22:00,,2221.00,1489.00,445.00,256.00,156.00,186.00,127.00,63.00,APPROVED
PA: PITTSBURGH,09/16/2015 20:22:00,,2244.00,1526.00,443.00,259.00,154.00,181.00,126.00,65.00,APPROVED
PA: PITTSBURGH,09/16/2015 21:23:00,,2299.00,1545.00,445.00,255.00,157.00,185.00,125.00,62.00,APPROVED
PA: PITTSBURGH,09/16/2015 22:23:00,,2290.00,1518.00,443.00,250.00,153.00,178.00,126.00,60.00,APPROVED
PA: PITTSBURGH,09/16/2015 23:23:00,,2302.00,1539.00,444.00,250.00,151.00,178.00,124.00,62.00,APPROVED
PA: PITTSBURGH,09/17/2015 00:23:00,,2433.00,1630.00,459.00,258.00,156.00,182.00,125.00,62.00,APPROVED
PA: PITTSBURGH,09/17/2015 01:23:00,,2438.00,1645.00,464.00,265.00,161.00,186.00,131.00,63.00,APPROVED
PA: PITTSBURGH,09/17/2015 02:24:00,,2405.00,1622.00,475.00,270.00,160.00,191.00,131.00,63.00,APPROVED
PA: PITTSBURGH,09/17/2015 03:24:00,,2434.00,1662.00,482.00,276.00,164.00,199.00,132.00,62.00,APPROVED
PA: PITTSBURGH,09/17/2015 04:24:00,,2545.00,1747.00,505.00,294.00,169.00,204.00,136.00,64.00,APPROVED
PA: PITTSBURGH,09/17/2015 05:24:00,,2653.00,1846.00,532.00,310.00,177.00,218.00,140.00,66.00,APPROVED
PA: PITTSBURGH,09/17/2015 06:24:00,,2698.00,1897.00,542.00,321.00,181.00,225.00,142.00,68.00,APPROVED
PA: PITTSBURGH,09/17/2015 07:25:00,,2792.00,1991.00,562.00,343.00,188.00,239.00,147.00,68.00,APPROVED
PA: PITTSBURGH,09/17/2015 08:25:00,,2880.00,2074.00,584.00,359.00,194.00,246.00,153.00,70.00,APPROVED
PA: PITTSBURGH,09/17/2015 09:25:00,,2960.00,2165.00,606.00,379.00,197.00,255.00,159.00,69.00,APPROVED
PA: PITTSBURGH,09/17/2015 10:25:00,,3052.00,2252.00,631.00,396.00,207.00,272.00,164.00,72.00,APPROVED
PA: PITTSBURGH,09/17/2015 11:25:00,,3118.00,2331.00,648.00,411.00,216.00,278.00,168.00,75.00,APPROVED
PA: PITTSBURGH,09/17/2015 12:26:00,,3188.00,2383.00,666.00,424.00,217.00,287.00,172.00,74.00,APPROVED
PA: PITTSBURGH,09/17/2015 13:26:00,,3189.00,2413.00,679.00,438.00,220.00,297.00,176.00,75.00,APPROVED
PA: PITTSBURGH,09/17/2015 14:26:00,,3046.00,2309.00,665.00,425.00,218.00,289.00,172.00,76.00,APPROVED
PA: PITTSBURGH,09/17/2015 15:26:00,,2806.00,2083.00,620.00,383.00,204.00,261.00,167.00,74.00,APPROVED
PA: PITTSBURGH,09/17/2015 16:26:00,,2527.00,1829.00,568.00,331.00,188.00,240.00,156.00,73.00,APPROVED
PA: PITTSBURGH,09/17/2015 17:27:00,,2400.00,1693.00,499.00,306.00,174.00,210.00,138.00,66.00,APPROVED
PA: PITTSBURGH,09/17/2015 18:27:00,,2403.00,1666.00,482.00,293.00,167.00,201.00,138.00,68.00,APPROVED
PA: PITTSBURGH,09/17/2015 19:27:00,,2329.00,1609.00,472.00,282.00,167.00,199.00,136.00,67.00,APPROVED
PA: PITTSBURGH,09/17/2015 20:27:00,,2345.00,1607.00,469.00,279.00,164.00,196.00,132.00,69.00,APPROVED
PA: PITTSBURGH,09/17/2015 21:27:00,,2364.00,1624.00,475.00,274.00,161.00,190.00,135.00,65.00,APPROVED
PA: PITTSBURGH,09/17/2015 22:28:00,,2312.00,1571.00,458.00,272.00,162.00,191.00,132.00,64.00,APPROVED
PA: PITTSBURGH,09/17/2015 23:28:00,,2351.00,1586.00,464.00,273.00,160.00,190.00,128.00,65.00,APPROVED
PA: PITTSBURGH,09/18/2015 00:28:00,,2513.00,1715.00,480.00,284.00,162.00,193.00,134.00,65.00,APPROVED
PA: PITTSBURGH,09/18/2015 01:28:00,,2627.00,1821.00,495.00,298.00,169.00,199.00,135.00,63.00,APPROVED
PA: PITTSBURGH,09/18/2015 02:28:00,,2551.00,1771.00,510.00,298.00,173.00,208.00,137.00,66.00,APPROVED
PA: PITTSBURGH,09/18/2015 03:29:00,,2519.00,1784.00,523.00,305.00,176.00,216.00,139.00,65.00,APPROVED
PA: PITTSBURGH,09/18/2015 04:29:00,,2604.00,1847.00,541.00,321.00,182.00,229.00,147.00,68.00,APPROVED
PA: PITTSBURGH,09/18/2015 05:29:00,,2687.00,1909.00,552.00,327.00,188.00,235.00,148.00,68.00,APPROVED
PA: PITTSBURGH,09/18/2015 06:29:00,,2781.00,2000.00,572.00,346.00,193.00,244.00,153.00,70.00,APPROVED
PA: PITTSBURGH,09/18/2015 07:29:00,,2894.00,2109.00,593.00,372.00,198.00,252.00,156.00,72.00,APPROVED
PA: PITTSBURGH,09/18/2015 08:30:00,,2992.00,2212.00,626.00,393.00,207.00,268.00,161.00,74.00,APPROVED
PA: PITTSBURGH,09/18/2015 09:30:00,,3046.00,2307.00,650.00,410.00,214.00,280.00,170.00,75.00,APPROVED
PA: PITTSBURGH,09/18/2015 10:30:00,,3150.00,2402.00,662.00,436.00,223.00,291.00,174.00,76.00,APPROVED
PA: PITTSBURGH,09/18/2015 11:30:00,,3228.00,2489.00,688.00,455.00,229.00,304.00,179.00,78.00,APPROVED
PA: PITTSBURGH,09/18/2015 12:30:00,,3285.00,2534.00,715.00,470.00,236.00,308.00,185.00,77.00,APPROVED
PA: PITTSBURGH,09/18/2015 13:31:00,,3133.00,2419.00,690.00,451.00,226.00,306.00,179.00,79.00,APPROVED
PA: PITTSBURGH,09/18/2015 14:31:00,,2904.00,2166.00,631.00,394.00,206.00,277.00,170.00,77.00,APPROVED
PA: PITTSBURGH,09/18/2015 15:31:00,,2675.00,1939.00,583.00,351.00,195.00,246.00,155.00,73.00,APPROVED
PA: PITTSBURGH,09/18/2015 16:31:00,,2445.00,1747.00,538.00,310.00,178.00,224.00,146.00,70.00,APPROVED
PA: PITTSBURGH,09/18/2015 17:32:00,,2377.00,1668.00,501.00,294.00,170.00,205.00,141.00,67.00,APPROVED
PA: PITTSBURGH,09/18/2015 18:32:00,,2348.00,1630.00,478.00,284.00,164.00,200.00,137.00,66.00,APPROVED
PA: PITTSBURGH,09/18/2015 19:32:00,,2286.00,1576.00,467.00,269.00,161.00,194.00,130.00,66.00,APPROVED
PA: PITTSBURGH,09/18/2015 20:32:00,,2328.00,1600.00,467.00,272.00,161.00,192.00,132.00,64.00,APPROVED
PA: PITTSBURGH,09/18/2015 21:32:00,,2357.00,1609.00,467.00,269.00,159.00,191.00,132.00,65.00,APPROVED
PA: PITTSBURGH,09/18/2015 22:33:00,,2347.00,1605.00,462.00,266.00,161.00,190.00,131.00,65.00,APPROVED
PA: PITTSBURGH,09/18/2015 23:33:00,,2420.00,1647.00,474.00,277.00,163.00,193.00,129.00,67.00,APPROVED
PA: PITTSBURGH,09/19/2015 00:33:00,,2527.00,1713.00,481.00,283.00,169.00,198.00,134.00,65.00,APPROVED
PA: PITTSBURGH,09/19/2015 01:33:00,,2603.00,1795.00,496.00,293.00,167.00,196.00,132.00,65.00,APPROVED
PA: PITTSBURGH,09/19/2015 02:33:00,,2711.00,1879.00,512.00,313.00,177.00,207.00,141.00,66.00,APPROVED
PA: PITTSBURGH,09/19/2015 03:34:00,,2722.00,1930.00,528.00,325.00,181.00,219.00,145.00,68.00,APPROVED
PA: PITTSBURGH,09/19/2015 04:34:00,,2568.00,1820.00,536.00,318.00,178.00,226.00,148.00,68.00,APPROVED
PA: PITTSBURGH,09/19/2015 05:34:00,,2587.00,1836.00,546.00,316.00,183.00,228.00,148.00,69.00,APPROVED
PA: PITTSBURGH,09/19/2015 06:34:00,,2621.00,1902.00,560.00,333.00,189.00,240.00,152.00,68.00,APPROVED
PA: PITTSBURGH,09/19/2015 07:34:00,,2626.00,1888.00,559.00,339.00,191.00,237.00,152.00,69.00,APPROVED
PA: PITTSBURGH,09/19/2015 08:35:00,,2598.00,1882.00,562.00,333.00,189.00,238.00,153.00,72.00,APPROVED
PA: PITTSBURGH,09/19/2015 09:35:00,,2557.00,1827.00,546.00,323.00,182.00,229.00,149.00,70.00,APPROVED
PA: PITTSBURGH,09/19/2015 10:35:00,,2517.00,1774.00,536.00,307.00,177.00,220.00,147.00,69.00,APPROVED
PA: PITTSBURGH,09/19/2015 11:35:00,,2509.00,1788.00,540.00,309.00,181.00,222.00,144.00,67.00,APPROVED
PA: PITTSBURGH,09/19/2015 12:35:00,,2541.00,1786.00,529.00,313.00,184.00,227.00,147.00,66.00,APPROVED
PA: PITTSBURGH,09/19/2015 13:36:00,,2528.00,1781.00,534.00,309.00,180.00,225.00,142.00,70.00,APPROVED
PA: PITTSBURGH,09/19/2015 14:36:00,,2458.00,1728.00,529.00,307.00,176.00,219.00,147.00,68.00,APPROVED
PA: PITTSBURGH,09/19/2015 15:36:00,,2386.00,1666.00,507.00,295.00,175.00,217.00,145.00,67.00,APPROVED
PA: PITTSBURGH,09/19/2015 16:36:00,,2507.00,1774.00,505.00,306.00,174.00,210.00,142.00,70.00,APPROVED
PA: PITTSBURGH,09/19/2015 17:36:00,,2456.00,1719.00,491.00,299.00,168.00,200.00,140.00,67.00,APPROVED
PA: PITTSBURGH,09/19/2015 18:37:00,,2355.00,1643.00,478.00,280.00,167.00,200.00,136.00,66.00,APPROVED
PA: PITTSBURGH,09/19/2015 19:37:00,,2334.00,1599.00,474.00,282.00,164.00,194.00,133.00,65.00,APPROVED
PA: PITTSBURGH,09/19/2015 20:37:00,,2381.00,1642.00,471.00,282.00,162.00,195.00,130.00,66.00,APPROVED
PA: PITTSBURGH,09/19/2015 21:37:00,,2435.00,1666.00,479.00,285.00,164.00,200.00,133.00,64.00,APPROVED
PA: PITTSBURGH,09/19/2015 22:37:00,,2449.00,1684.00,488.00,287.00,171.00,196.00,135.00,66.00,APPROVED
PA: PITTSBURGH,09/19/2015 23:38:00,,3651.00,2882.00,721.00,497.00,244.00,313.00,188.00,84.00,APPROVED
PA: PITTSBURGH,09/20/2015 00:38:00,,3780.00,3011.00,844.00,578.00,273.00,361.00,211.00,90.00,APPROVED
PA: PITTSBURGH,09/20/2015 01:38:00,,2981.00,2195.00,654.00,398.00,209.00,270.00,171.00,74.00,APPROVED
PA: PITTSBURGH,09/20/2015 02:38:00,,2482.00,1695.00,507.00,296.00,173.00,206.00,136.00,65.00,APPROVED
PA: PITTSBURGH,09/20/2015 03:38:00,,2318.00,1525.00,451.00,248.00,150.00,181.00,122.00,62.00,APPROVED
PA: PITTSBURGH,09/20/2015 04:39:00,,2301.00,1492.00,438.00,231.00,149.00,170.00,115.00,59.00,APPROVED
PA: PITTSBURGH,09/20/2015 05:39:00,,2320.00,1498.00,436.00,228.00,145.00,167.00,116.00,59.00,APPROVED
PA: PITTSBURGH,09/20/2015 06:39:00,,2327.00,1518.00,441.00,236.00,147.00,172.00,117.00,59.00,APPROVED
PA: PITTSBURGH,09/20/2015 07:39:00,,2353.00,1531.00,446.00,233.00,146.00,170.00,113.00,61.00,APPROVED
PA: PITTSBURGH,09/20/2015 08:39:00,,2367.00,1544.00,445.00,231.00,149.00,171.00,114.00,58.00,APPROVED
PA: PITTSBURGH,09/20/2015 09:40:00,,2377.00,1544.00,438.00,236.00,146.00,176.00,117.00,60.00,APPROVED
PA: PITTSBURGH,09/20/2015 10:40:00,,2420.00,1573.00,451.00,236.00,150.00,177.00,115.00,58.00,APPROVED
PA: PITTSBURGH,09/20/2015 11:40:00,,2469.00,1612.00,459.00,246.00,151.00,181.00,117.00,60.00,APPROVED
PA: PITTSBURGH,09/20/2015 12:40:00,,2478.00,1641.00,465.00,249.00,153.00,178.00,120.00,60.00,APPROVED
PA: PITTSBURGH,09/20/2015 13:40:00,,2446.00,1599.00,464.00,248.00,154.00,181.00,118.00,60.00,APPROVED
PA: PITTSBURGH,09/20/2015 14:41:00,,2358.00,1534.00,445.00,240.00,147.00,174.00,115.00,59.00,APPROVED
PA: PITTSBURGH,09/20/2015 15:41:00,,2310.00,1490.00,443.00,233.00,148.00,174.00,116.00,60.00,APPROVED
PA: PITTSBURGH,09/20/2015 16:41:00,,2225.00,1446.00,430.00,227.00,144.00,168.00,115.00,59.00,APPROVED
PA: PITTSBURGH,09/20/2015 17:41:00,,2142.00,1377.00,418.00,220.00,145.00,165.00,115.00,58.00,APPROVED
PA: PITTSBURGH,09/20/2015 18:41:00,,2055.00,1318.00,415.00,214.00,141.00,167.00,116.00,57.00,APPROVED
PA: PITTSBURGH,09/20/2015 19:42:00,,2085.00,1328.00,414.00,215.00,143.00,165.00,118.00,56.00,APPROVED
PA: PITTSBURGH,09/20/2015 20:42:00,,2333.00,1511.00,430.00,236.00,145.00,169.00,120.00,60.00,APPROVED
PA: PITTSBURGH,09/20/2015 21:42:00,,2204.00,1423.00,424.00,224.00,142.00,166.00,118.00,59.00,APPROVED
PA: PITTSBURGH,09/20/2015 22:42:00,,2066.00,1324.00,412.00,214.00,143.00,165.00,116.00,58.00,APPROVED
PA: PITTSBURGH,09/20/2015 23:42:00,,2093.00,1336.00,412.00,215.00,144.00,165.00,114.00,56.00,APPROVED
PA: PITTSBURGH,09/21/2015 00:43:00,,2177.00,1399.00,422.00,222.00,144.00,163.00,116.00,60.00,APPROVED
PA: PITTSBURGH,09/21/2015 01:43:00,,2253.00,1445.00,426.00,222.00,143.00,172.00,118.00,60.00,APPROVED
PA: PITTSBURGH,09/21/2015 02:43:00,,2315.00,1500.00,439.00,237.00,151.00,177.00,119.00,59.00,APPROVED
PA: PITTSBURGH,09/21/2015 03:43:00,,2365.00,1541.00,447.00,243.00,153.00,179.00,120.00,59.00,APPROVED
PA: PITTSBURGH,09/21/2015 04:43:00,,2386.00,1553.00,455.00,243.00,151.00,180.00,120.00,60.00,APPROVED
PA: PITTSBURGH,09/21/2015 05:44:00,,2405.00,1564.00,449.00,244.00,152.00,180.00,118.00,58.00,APPROVED
PA: PITTSBURGH,09/21/2015 06:44:00,,2416.00,1599.00,459.00,249.00,157.00,181.00,120.00,59.00,APPROVED
PA: PITTSBURGH,09/21/2015 07:44:00,,2430.00,1599.00,459.00,246.00,153.00,181.00,119.00,61.00,APPROVED
PA: PITTSBURGH,09/21/2015 08:44:00,,2474.00,1622.00,461.00,251.00,156.00,181.00,121.00,60.00,APPROVED
PA: PITTSBURGH,09/21/2015 09:44:00,,2488.00,1635.00,464.00,251.00,153.00,184.00,121.00,59.00,APPROVED
PA: PITTSBURGH,09/21/2015 10:45:00,,2526.00,1655.00,467.00,254.00,153.00,182.00,119.00,59.00,APPROVED
PA: PITTSBURGH,09/21/2015 11:45:00,,2547.00,1678.00,468.00,252.00,157.00,183.00,120.00,58.00,APPROVED
PA: PITTSBURGH,09/21/2015 12:45:00,,2576.00,1692.00,471.00,257.00,158.00,186.00,120.00,61.00,APPROVED
PA: PITTSBURGH,09/21/2015 13:45:00,,2548.00,1681.00,468.00,257.00,157.00,185.00,121.00,62.00,APPROVED
PA: PITTSBURGH,09/21/2015 14:45:00,,2489.00,1646.00,463.00,253.00,157.00,187.00,121.00,60.00,APPROVED
PA: PITTSBURGH,09/21/2015 15:46:00,,2403.00,1599.00,462.00,254.00,156.00,186.00,119.00,61.00,APPROVED
PA: PITTSBURGH,09/21/2015 16:46:00,,2264.00,1487.00,447.00,240.00,151.00,178.00,120.00,59.00,APPROVED
PA: PITTSBURGH,09/21/2015 17:46:00,,2149.00,1387.00,425.00,226.00,146.00,172.00,118.00,60.00,APPROVED
PA: PITTSBURGH,09/21/2015 18:46:00,,2237.00,1462.00,434.00,232.00,150.00,170.00,120.00,59.00,APPROVED
PA: PITTSBURGH,09/21/2015 19:46:00,,2348.00,1547.00,441.00,248.00,150.00,175.00,121.00,62.00,APPROVED
PA: PITTSBURGH,09/21/2015 20:47:00,,2417.00,1590.00,443.00,248.00,150.00,173.00,123.00,60.00,APPROVED
PA: PITTSBURGH,09/21/2015 21:47:00,,2338.00,1529.00,436.00,242.00,149.00,171.00,121.00,58.00,APPROVED
PA: PITTSBURGH,09/21/2015 22:47:00,,2206.00,1426.00,427.00,226.00,146.00,170.00,114.00,57.00,APPROVED
PA: PITTSBURGH,09/21/2015 23:47:00,,2218.00,1421.00,427.00,227.00,147.00,168.00,118.00,59.00,APPROVED
PA: PITTSBURGH,09/22/2015 00:47:00,,2251.00,1451.00,435.00,229.00,148.00,166.00,114.00,58.00,APPROVED
PA: PITTSBURGH,09/22/2015 01:48:00,,2258.00,1452.00,436.00,229.00,147.00,170.00,116.00,59.00,APPROVED
PA: PITTSBURGH,09/22/2015 02:48:00,,2298.00,1479.00,441.00,234.00,148.00,173.00,118.00,58.00,APPROVED
PA: PITTSBURGH,09/22/2015 03:48:00,,2340.00,1506.00,446.00,239.00,154.00,177.00,119.00,58.00,APPROVED
PA: PITTSBURGH,09/22/2015 04:48:00,,2353.00,1532.00,453.00,243.00,150.00,175.00,120.00,58.00,APPROVED
PA: PITTSBURGH,09/22/2015 05:51:00,,2381.00,1545.00,452.00,243.00,153.00,176.00,121.00,62.00,APPROVED
PA: PITTSBURGH,09/22/2015 06:51:00,,2337.00,1518.00,448.00,242.00,151.00,180.00,119.00,59.00,APPROVED
PA: PITTSBURGH,09/22/2015 07:52:00,,2295.00,1507.00,445.00,235.00,148.00,176.00,118.00,60.00,APPROVED
PA: PITTSBURGH,09/22/2015 08:52:00,,2295.00,1485.00,440.00,238.00,148.00,172.00,120.00,60.00,APPROVED
PA: PITTSBURGH,09/22/2015 09:52:00,,2321.00,1484.00,440.00,237.00,148.00,176.00,117.00,59.00,APPROVED
PA: PITTSBURGH,09/22/2015 10:52:00,,2327.00,1520.00,445.00,237.00,149.00,176.00,120.00,61.00,APPROVED
PA: PITTSBURGH,09/22/2015 11:41:00,,2338.00,1522.00,450.00,237.00,152.00,179.00,120.00,60.00,APPROVED
PA: PITTSBURGH,09/22/2015 12:49:00,,2367.00,1500.00,429.00,225.00,147.00,165.00,112.00,58.00,APPROVED
PA: PITTSBURGH,09/22/2015 13:49:00,,2293.00,1473.00,431.00,231.00,149.00,168.00,116.00,56.00,APPROVED
PA: PITTSBURGH,09/22/2015 14:49:00,,2237.00,1435.00,430.00,230.00,145.00,172.00,116.00,58.00,APPROVED
PA: PITTSBURGH,09/22/2015 15:49:00,,2213.00,1419.00,433.00,229.00,145.00,169.00,117.00,59.00,APPROVED
PA: PITTSBURGH,09/22/2015 16:49:00,,2179.00,1398.00,426.00,228.00,146.00,174.00,117.00,60.00,APPROVED
PA: PITTSBURGH,09/22/2015 17:50:00,,2150.00,1386.00,424.00,230.00,147.00,171.00,121.00,58.00,APPROVED
PA: PITTSBURGH,09/22/2015 18:50:00,,2252.00,1477.00,432.00,241.00,149.00,173.00,119.00,60.00,APPROVED
PA: PITTSBURGH,09/22/2015 19:50:00,,2310.00,1526.00,433.00,243.00,151.00,177.00,122.00,59.00,APPROVED
PA: PITTSBURGH,09/22/2015 20:50:00,,2372.00,1556.00,439.00,248.00,150.00,171.00,124.00,61.00,APPROVED
PA: PITTSBURGH,09/22/2015 21:50:00,,2401.00,1575.00,442.00,244.00,152.00,175.00,124.00,61.00,APPROVED
PA: PITTSBURGH,09/22/2015 22:51:00,,2399.00,1574.00,440.00,247.00,153.00,177.00,122.00,60.00,APPROVED
PA: PITTSBURGH,09/22/2015 23:51:00,,2442.00,1619.00,446.00,250.00,153.00,179.00,124.00,61.00,APPROVED
PA: PITTSBURGH,09/23/2015 00:51:00,,2349.00,1531.00,443.00,250.00,150.00,177.00,122.00,58.00,APPROVED
PA: PITTSBURGH,09/23/2015 01:51:00,,2286.00,1498.00,438.00,245.00,151.00,177.00,124.00,60.00,APPROVED
PA: PITTSBURGH,09/23/2015 02:52:00,,2328.00,1545.00,453.00,245.00,154.00,182.00,124.00,60.00,APPROVED
PA: PITTSBURGH,09/23/2015 03:52:00,,2401.00,1586.00,466.00,256.00,160.00,186.00,123.00,59.00,APPROVED
PA: PITTSBURGH,09/23/2015 04:52:00,,2456.00,1655.00,478.00,271.00,162.00,194.00,130.00,63.00,APPROVED
PA: PITTSBURGH,09/23/2015 05:52:00,,2523.00,1721.00,495.00,282.00,168.00,205.00,132.00,61.00,APPROVED
PA: PITTSBURGH,09/23/2015 06:52:00,,2600.00,1789.00,507.00,299.00,172.00,212.00,135.00,65.00,APPROVED
PA: PITTSBURGH,09/23/2015 07:53:00,,2681.00,1871.00,535.00,314.00,177.00,221.00,140.00,67.00,APPROVED
PA: PITTSBURGH,09/23/2015 08:53:00,,2749.00,1924.00,548.00,326.00,183.00,227.00,142.00,64.00,APPROVED
PA: PITTSBURGH,09/23/2015 09:53:00,,2801.00,1979.00,555.00,333.00,187.00,232.00,146.00,67.00,APPROVED
PA: PITTSBURGH,09/23/2015 10:53:00,,2902.00,2111.00,588.00,360.00,193.00,250.00,151.00,70.00,APPROVED
PA: PITTSBURGH,09/23/2015 11:53:00,,2953.00,2210.00,619.00,396.00,207.00,268.00,159.00,72.00,APPROVED
PA: PITTSBURGH,09/23/2015 12:54:00,,2919.00,2199.00,613.00,397.00,206.00,272.00,164.00,73.00,APPROVED
PA: PITTSBURGH,09/23/2015 13:54:00,,2800.00,2020.00,581.00,358.00,192.00,252.00,151.00,70.00,APPROVED
PA: PITTSBURGH,09/23/2015 14:54:00,,2626.00,1836.00,537.00,314.00,177.00,221.00,141.00,66.00,APPROVED
PA: PITTSBURGH,09/23/2015 15:54:00,,2429.00,1649.00,495.00,282.00,166.00,202.00,132.00,65.00,APPROVED
PA: PITTSBURGH,09/23/2015 16:54:00,,2284.00,1516.00,463.00,249.00,159.00,188.00,126.00,62.00,APPROVED
PA: PITTSBURGH,09/23/2015 17:55:00,,2175.00,1418.00,437.00,238.00,151.00,177.00,123.00,60.00,APPROVED
PA: PITTSBURGH,09/23/2015 18:55:00,,2240.00,1473.00,442.00,245.00,152.00,176.00,123.00,61.00,APPROVED
PA: PITTSBURGH,09/23/2015 19:55:00,,2302.00,1514.00,442.00,246.00,153.00,175.00,125.00,61.00,APPROVED
PA: PITTSBURGH,09/23/2015 20:55:00,,2363.00,1554.00,451.00,252.00,154.00,180.00,125.00,61.00,APPROVED
PA: PITTSBURGH,09/23/2015 21:55:00,,2385.00,1562.00,447.00,250.00,152.00,177.00,126.00,60.00,APPROVED
PA: PITTSBURGH,09/23/2015 22:56:00,,2360.00,1537.00,443.00,249.00,151.00,177.00,120.00,60.00,APPROVED
PA: PITTSBURGH,09/23/2015 23:56:00,,2440.00,1620.00,451.00,255.00,152.00,175.00,126.00,61.00,APPROVED
PA: PITTSBURGH,09/24/2015 00:56:00,,2436.00,1605.00,458.00,252.00,154.00,182.00,125.00,60.00,APPROVED
PA: PITTSBURGH,09/24/2015 01:56:00,,2338.00,1532.00,453.00,248.00,155.00,180.00,122.00,59.00,APPROVED
PA: PITTSBURGH,09/24/2015 02:56:00,,2383.00,1593.00,469.00,259.00,159.00,190.00,129.00,62.00,APPROVED
PA: PITTSBURGH,09/24/2015 03:57:00,,2467.00,1662.00,490.00,273.00,162.00,199.00,131.00,63.00,APPROVED
PA: PITTSBURGH,09/24/2015 04:57:00,,2532.00,1727.00,503.00,281.00,168.00,203.00,131.00,64.00,APPROVED
PA: PITTSBURGH,09/24/2015 05:57:00,,2627.00,1807.00,518.00,295.00,174.00,212.00,136.00,64.00,APPROVED
PA: PITTSBURGH,09/24/2015 06:57:00,,2703.00,1876.00,535.00,310.00,176.00,220.00,138.00,67.00,APPROVED
PA: PITTSBURGH,09/24/2015 07:57:00,,2709.00,1889.00,541.00,319.00,181.00,223.00,140.00,65.00,APPROVED
PA: PITTSBURGH,09/24/2015 08:58:00,,2773.00,1938.00,556.00,324.00,184.00,229.00,141.00,65.00,APPROVED
PA: PITTSBURGH,09/24/2015 09:58:00,,2822.00,1990.00,570.00,332.00,188.00,239.00,148.00,68.00,APPROVED
PA: PITTSBURGH,09/24/2015 10:58:00,,2845.00,2009.00,570.00,334.00,186.00,236.00,146.00,68.00,APPROVED
PA: PITTSBURGH,09/24/2015 11:58:00,,2855.00,2006.00,564.00,336.00,186.00,234.00,144.00,67.00,APPROVED
PA: PITTSBURGH,09/24/2015 12:58:00,,2815.00,1992.00,562.00,334.00,184.00,233.00,144.00,68.00,APPROVED
PA: PITTSBURGH,09/24/2015 13:59:00,,2680.00,1864.00,539.00,314.00,177.00,221.00,138.00,68.00,APPROVED
PA: PITTSBURGH,09/24/2015 14:59:00,,2532.00,1743.00,510.00,289.00,172.00,210.00,132.00,64.00,APPROVED
PA: PITTSBURGH,09/24/2015 15:59:00,,2400.00,1635.00,486.00,273.00,165.00,198.00,127.00,64.00,APPROVED
PA: PITTSBURGH,09/24/2015 16:59:00,,2290.00,1533.00,467.00,255.00,159.00,190.00,129.00,64.00,APPROVED
PA: PITTSBURGH,09/24/2015 17:59:00,,2208.00,1448.00,450.00,246.00,156.00,183.00,128.00,62.00,APPROVED
PA: PITTSBURGH,09/24/2015 19:00:00,,2244.00,1493.00,441.00,244.00,157.00,179.00,125.00,62.00,APPROVED
PA: PITTSBURGH,09/24/2015 20:00:00,,2276.00,1498.00,436.00,247.00,152.00,177.00,124.00,60.00,APPROVED
PA: PITTSBURGH,09/24/2015 21:00:00,,2336.00,1539.00,439.00,243.00,152.00,179.00,126.00,59.00,APPROVED
PA: PITTSBURGH,09/24/2015 22:00:00,,2311.00,1527.00,442.00,240.00,150.00,174.00,123.00,61.00,APPROVED
PA: PITTSBURGH,09/24/2015 23:00:00,,2295.00,1502.00,436.00,240.00,153.00,172.00,121.00,61.00,APPROVED
PA: PITTSBURGH,09/25/2015 00:01:00,,2427.00,1591.00,446.00,248.00,150.00,175.00,123.00,61.00,APPROVED
PA: PITTSBURGH,09/25/2015 01:01:00,,2480.00,1636.00,454.00,254.00,154.00,179.00,124.00,60.00,APPROVED
PA: PITTSBURGH,09/25/2015 02:01:00,,2326.00,1539.00,451.00,251.00,154.00,179.00,124.00,60.00,APPROVED
PA: PITTSBURGH,09/25/2015 03:01:00,,2304.00,1515.00,455.00,247.00,157.00,185.00,123.00,60.00,APPROVED
PA: PITTSBURGH,09/25/2015 04:01:00,,2341.00,1559.00,467.00,252.00,160.00,187.00,126.00,61.00,APPROVED
PA: PITTSBURGH,09/25/2015 05:02:00,,2414.00,1626.00,475.00,263.00,162.00,191.00,128.00,62.00,APPROVED
PA: PITTSBURGH,09/25/2015 06:02:00,,2485.00,1676.00,492.00,274.00,162.00,200.00,130.00,62.00,APPROVED
PA: PITTSBURGH,09/25/2015 07:02:00,,2551.00,1735.00,506.00,284.00,170.00,204.00,131.00,65.00,APPROVED
PA: PITTSBURGH,09/25/2015 08:02:00,,2621.00,1788.00,512.00,291.00,172.00,209.00,133.00,62.00,APPROVED
PA: PITTSBURGH,09/25/2015 09:02:00,,2691.00,1857.00,527.00,303.00,177.00,214.00,139.00,65.00,APPROVED
PA: PITTSBURGH,09/25/2015 10:03:00,,2731.00,1897.00,535.00,308.00,177.00,221.00,137.00,65.00,APPROVED
PA: PITTSBURGH,09/25/2015 11:03:00,,2768.00,1923.00,542.00,316.00,179.00,225.00,140.00,68.00,APPROVED
PA: PITTSBURGH,09/25/2015 12:03:00,,2777.00,1928.00,541.00,314.00,179.00,223.00,137.00,67.00,APPROVED
PA: PITTSBURGH,09/25/2015 13:03:00,,2717.00,1895.00,541.00,315.00,176.00,219.00,139.00,67.00,APPROVED
PA: PITTSBURGH,09/25/2015 14:03:00,,2622.00,1815.00,531.00,298.00,174.00,215.00,138.00,63.00,APPROVED
PA: PITTSBURGH,09/25/2015 15:04:00,,2468.00,1683.00,501.00,284.00,170.00,204.00,132.00,64.00,APPROVED
PA: PITTSBURGH,09/25/2015 16:04:00,,2254.00,1516.00,464.00,254.00,158.00,190.00,127.00,61.00,APPROVED
PA: PITTSBURGH,09/25/2015 17:04:00,,2164.00,1403.00,443.00,236.00,154.00,179.00,123.00,62.00,APPROVED
PA: PITTSBURGH,09/25/2015 18:04:00,,2285.00,1517.00,451.00,245.00,154.00,177.00,124.00,63.00,APPROVED
PA: PITTSBURGH,09/25/2015 19:04:00,,2319.00,1543.00,447.00,251.00,154.00,177.00,126.00,63.00,APPROVED
PA: PITTSBURGH,09/25/2015 20:05:00,,2347.00,1569.00,447.00,254.00,157.00,180.00,124.00,61.00,APPROVED
PA: PITTSBURGH,09/25/2015 21:05:00,,2403.00,1582.00,453.00,252.00,156.00,181.00,125.00,62.00,APPROVED
PA: PITTSBURGH,09/25/2015 22:05:00,,2436.00,1623.00,462.00,258.00,159.00,178.00,128.00,61.00,APPROVED
PA: PITTSBURGH,09/25/2015 23:05:00,,2480.00,1643.00,463.00,258.00,157.00,182.00,125.00,63.00,APPROVED
PA: PITTSBURGH,09/26/2015 00:05:00,,2514.00,1676.00,465.00,262.00,157.00,184.00,128.00,62.00,APPROVED
PA: PITTSBURGH,09/26/2015 01:06:00,,2430.00,1612.00,459.00,259.00,159.00,186.00,124.00,62.00,APPROVED
PA: PITTSBURGH,09/26/2015 02:06:00,,2302.00,1521.00,456.00,244.00,155.00,181.00,125.00,60.00,APPROVED
PA: PITTSBURGH,09/26/2015 03:06:00,,2284.00,1526.00,461.00,246.00,158.00,185.00,123.00,63.00,APPROVED
PA: PITTSBURGH,09/26/2015 04:06:00,,2327.00,1533.00,467.00,255.00,158.00,190.00,129.00,63.00,APPROVED
PA: PITTSBURGH,09/26/2015 05:06:00,,2377.00,1593.00,474.00,263.00,164.00,193.00,128.00,61.00,APPROVED
PA: PITTSBURGH,09/26/2015 06:07:00,,2437.00,1649.00,488.00,273.00,164.00,202.00,132.00,62.00,APPROVED
PA: PITTSBURGH,09/26/2015 07:07:00,,2462.00,1677.00,495.00,284.00,168.00,199.00,132.00,64.00,APPROVED
PA: PITTSBURGH,09/26/2015 08:07:00,,2500.00,1701.00,499.00,287.00,166.00,206.00,135.00,66.00,APPROVED
PA: PITTSBURGH,09/26/2015 09:07:00,,2510.00,1706.00,501.00,285.00,169.00,207.00,134.00,63.00,APPROVED
PA: PITTSBURGH,09/26/2015 10:07:00,,2504.00,1700.00,494.00,282.00,171.00,205.00,129.00,63.00,APPROVED
PA: PITTSBURGH,09/26/2015 11:08:00,,2524.00,1720.00,498.00,283.00,168.00,203.00,132.00,62.00,APPROVED
PA: PITTSBURGH,09/26/2015 12:08:00,,2533.00,1726.00,503.00,284.00,170.00,199.00,131.00,66.00,APPROVED
PA: PITTSBURGH,09/26/2015 13:08:00,,2529.00,1715.00,502.00,282.00,168.00,207.00,133.00,64.00,APPROVED
PA: PITTSBURGH,09/26/2015 14:08:00,,2467.00,1665.00,492.00,272.00,164.00,201.00,130.00,65.00,APPROVED
PA: PITTSBURGH,09/26/2015 15:08:00,,2333.00,1560.00,471.00,252.00,163.00,188.00,128.00,63.00,APPROVED
PA: PITTSBURGH,09/26/2015 16:09:00,,2243.00,1485.00,454.00,239.00,151.00,177.00,122.00,61.00,APPROVED
PA: PITTSBURGH,09/26/2015 17:09:00,,2181.00,1414.00,441.00,229.00,151.00,177.00,124.00,60.00,APPROVED
PA: PITTSBURGH,09/26/2015 18:09:00,,2297.00,1502.00,438.00,241.00,151.00,174.00,122.00,61.00,APPROVED
PA: PITTSBURGH,09/26/2015 19:09:00,,2331.00,1532.00,439.00,246.00,151.00,174.00,126.00,60.00,APPROVED
PA: PITTSBURGH,09/26/2015 20:09:00,,2352.00,1546.00,443.00,243.00,151.00,171.00,122.00,60.00,APPROVED
PA: PITTSBURGH,09/26/2015 21:10:00,,2420.00,1583.00,447.00,246.00,153.00,175.00,122.00,58.00,APPROVED
PA: PITTSBURGH,09/26/2015 22:10:00,,2428.00,1596.00,447.00,249.00,152.00,173.00,124.00,60.00,APPROVED
PA: PITTSBURGH,09/26/2015 23:10:00,,2434.00,1586.00,448.00,244.00,153.00,175.00,123.00,59.00,APPROVED
PA: PITTSBURGH,09/27/2015 00:10:00,,2440.00,1610.00,448.00,244.00,155.00,174.00,122.00,61.00,APPROVED
PA: PITTSBURGH,09/27/2015 01:10:00,,2280.00,1483.00,440.00,237.00,153.00,171.00,120.00,59.00,APPROVED
PA: PITTSBURGH,09/27/2015 02:11:00,,2244.00,1465.00,440.00,231.00,149.00,177.00,121.00,58.00,APPROVED
PA: PITTSBURGH,09/27/2015 03:11:00,,2268.00,1472.00,445.00,232.00,150.00,175.00,124.00,59.00,APPROVED
PA: PITTSBURGH,09/27/2015 04:11:00,,2281.00,1492.00,448.00,238.00,153.00,180.00,121.00,58.00,APPROVED
PA: PITTSBURGH,09/27/2015 05:11:00,,2303.00,1507.00,451.00,241.00,156.00,178.00,119.00,60.00,APPROVED
PA: PITTSBURGH,09/27/2015 06:11:00,,2319.00,1532.00,457.00,244.00,155.00,181.00,122.00,63.00,APPROVED
PA: PITTSBURGH,09/27/2015 07:12:00,,2324.00,1521.00,454.00,243.00,156.00,184.00,121.00,61.00,APPROVED
PA: PITTSBURGH,09/27/2015 08:12:00,,2280.00,1486.00,452.00,240.00,153.00,177.00,122.00,60.00,APPROVED
PA: PITTSBURGH,09/27/2015 09:12:00,,2273.00,1475.00,443.00,233.00,149.00,173.00,120.00,59.00,APPROVED
PA: PITTSBURGH,09/27/2015 10:12:00,,2262.00,1465.00,449.00,228.00,151.00,173.00,120.00,57.00,APPROVED
PA: PITTSBURGH,09/27/2015 11:12:00,,2277.00,1480.00,442.00,230.00,151.00,175.00,117.00,60.00,APPROVED
PA: PITTSBURGH,09/27/2015 12:13:00,,2300.00,1499.00,448.00,236.00,153.00,178.00,119.00,61.00,APPROVED
PA: PITTSBURGH,09/27/2015 13:13:00,,2285.00,1488.00,443.00,235.00,152.00,177.00,120.00,60.00,APPROVED
PA: PITTSBURGH,09/27/2015 14:13:00,,2248.00,1451.00,439.00,226.00,150.00,170.00,118.00,60.00,APPROVED
PA: PITTSBURGH,09/27/2015 15:13:00,,2192.00,1402.00,432.00,222.00,149.00,171.00,116.00,59.00,APPROVED
PA: PITTSBURGH,09/27/2015 16:13:00,,2159.00,1374.00,429.00,225.00,147.00,168.00,117.00,59.00,APPROVED
PA: PITTSBURGH,09/27/2015 17:14:00,,2114.00,1349.00,420.00,221.00,146.00,170.00,116.00,59.00,APPROVED
PA: PITTSBURGH,09/27/2015 18:14:00,,2241.00,1470.00,434.00,234.00,148.00,171.00,120.00,59.00,APPROVED
PA: PITTSBURGH,09/27/2015 19:14:00,,2349.00,1540.00,438.00,237.00,152.00,173.00,122.00,59.00,APPROVED
PA: PITTSBURGH,09/27/2015 20:14:00,,2378.00,1547.00,442.00,240.00,152.00,173.00,121.00,60.00,APPROVED
PA: PITTSBURGH,09/27/2015 21:14:00,,2365.00,1545.00,442.00,243.00,148.00,173.00,120.00,60.00,APPROVED
PA: PITTSBURGH,09/27/2015 22:15:00,,2389.00,1557.00,442.00,240.00,153.00,173.00,124.00,59.00,APPROVED
PA: PITTSBURGH,09/27/2015 23:15:00,,2424.00,1582.00,451.00,245.00,153.00,176.00,122.00,60.00,APPROVED
PA: PITTSBURGH,09/28/2015 00:15:00,,2427.00,1607.00,452.00,247.00,153.00,177.00,122.00,61.00,APPROVED
PA: PITTSBURGH,09/28/2015 01:15:00,,2306.00,1493.00,445.00,234.00,153.00,173.00,121.00,59.00,APPROVED
PA: PITTSBURGH,09/28/2015 02:15:00,,2275.00,1468.00,446.00,232.00,152.00,174.00,120.00,59.00,APPROVED
PA: PITTSBURGH,09/28/2015 03:16:00,,2260.00,1462.00,444.00,235.00,153.00,177.00,120.00,61.00,APPROVED
PA: PITTSBURGH,09/28/2015 04:16:00,,2297.00,1504.00,449.00,240.00,156.00,181.00,121.00,60.00,APPROVED
PA: PITTSBURGH,09/28/2015 05:16:00,,2313.00,1516.00,457.00,240.00,153.00,177.00,125.00,61.00,APPROVED
PA: PITTSBURGH,09/28/2015 06:16:00,,2336.00,1541.00,458.00,250.00,157.00,186.00,125.00,60.00,APPROVED
PA: PITTSBURGH,09/28/2015 07:16:00,,2382.00,1591.00,473.00,262.00,161.00,191.00,127.00,62.00,APPROVED
PA: PITTSBURGH,09/28/2015 08:17:00,,2422.00,1643.00,488.00,275.00,163.00,202.00,133.00,62.00,APPROVED
PA: PITTSBURGH,09/28/2015 09:17:00,,2436.00,1636.00,487.00,278.00,167.00,202.00,135.00,64.00,APPROVED
PA: PITTSBURGH,09/28/2015 10:17:00,,2428.00,1662.00,494.00,282.00,169.00,202.00,131.00,62.00,APPROVED
PA: PITTSBURGH,09/28/2015 11:17:00,,2403.00,1652.00,491.00,276.00,166.00,203.00,134.00,62.00,APPROVED
PA: PITTSBURGH,09/28/2015 12:17:00,,2392.00,1638.00,495.00,277.00,165.00,203.00,132.00,65.00,APPROVED
PA: PITTSBURGH,09/28/2015 13:18:00,,2360.00,1598.00,483.00,268.00,164.00,198.00,129.00,64.00,APPROVED
PA: PITTSBURGH,09/28/2015 14:18:00,,2331.00,1572.00,476.00,259.00,160.00,190.00,128.00,63.00,APPROVED
PA: PITTSBURGH,09/28/2015 15:18:00,,2299.00,1535.00,467.00,255.00,159.00,192.00,125.00,63.00,APPROVED
PA: PITTSBURGH,09/28/2015 16:18:00,,2226.00,1486.00,461.00,248.00,154.00,186.00,127.00,62.00,APPROVED
PA: PITTSBURGH,09/28/2015 17:18:00,,2182.00,1436.00,446.00,238.00,150.00,178.00,125.00,62.00,APPROVED
PA: PITTSBURGH,09/28/2015 17:56:00,,2177.00,1416.00,444.00,236.00,151.00,175.00,122.00,61.00,APPROVED
PA: PITTSBURGH,09/28/2015 19:04:00,,2136.00,1343.00,410.00,214.00,140.00,164.00,114.00,59.00,APPROVED
PA: PITTSBURGH,09/28/2015 20:04:00,,2087.00,1325.00,414.00,215.00,142.00,166.00,117.00,57.00,APPROVED
PA: PITTSBURGH,09/28/2015 21:04:00,,2066.00,1305.00,410.00,215.00,143.00,163.00,116.00,57.00,APPROVED
PA: PITTSBURGH,09/28/2015 22:05:00,,2076.00,1321.00,415.00,218.00,143.00,170.00,117.00,58.00,APPROVED
PA: PITTSBURGH,09/28/2015 23:05:00,,2103.00,1343.00,418.00,225.00,145.00,169.00,119.00,57.00,APPROVED
PA: PITTSBURGH,09/29/2015 00:05:00,,2108.00,1350.00,422.00,224.00,145.00,170.00,116.00,59.00,APPROVED
PA: PITTSBURGH,09/29/2015 01:05:00,,2137.00,1370.00,429.00,224.00,144.00,171.00,118.00,59.00,APPROVED
PA: PITTSBURGH,09/29/2015 02:05:00,,2194.00,1420.00,437.00,234.00,153.00,177.00,123.00,59.00,APPROVED
PA: PITTSBURGH,09/29/2015 03:06:00,,2239.00,1477.00,452.00,250.00,155.00,184.00,123.00,61.00,APPROVED
PA: PITTSBURGH,09/29/2015 04:06:00,,2299.00,1541.00,458.00,255.00,157.00,192.00,128.00,62.00,APPROVED
PA: PITTSBURGH,09/29/2015 05:06:00,,2313.00,1570.00,472.00,269.00,162.00,196.00,130.00,61.00,APPROVED
PA: PITTSBURGH,09/29/2015 06:06:00,,2338.00,1605.00,478.00,272.00,165.00,199.00,133.00,62.00,APPROVED
PA: PITTSBURGH,09/29/2015 07:07:00,,2366.00,1616.00,483.00,277.00,164.00,205.00,134.00,64.00,APPROVED
PA: PITTSBURGH,09/29/2015 08:07:00,,2385.00,1631.00,489.00,283.00,167.00,203.00,136.00,62.00,APPROVED
PA: PITTSBURGH,09/29/2015 09:07:00,,2419.00,1659.00,497.00,288.00,168.00,209.00,136.00,65.00,APPROVED
PA: PITTSBURGH,09/29/2015 10:07:00,,2468.00,1737.00,516.00,302.00,176.00,214.00,141.00,66.00,APPROVED
PA: PITTSBURGH,09/29/2015 11:07:00,,2530.00,1778.00,531.00,310.00,179.00,224.00,141.00,66.00,APPROVED
PA: PITTSBURGH,09/29/2015 12:08:00,,2558.00,1826.00,542.00,328.00,182.00,230.00,147.00,70.00,APPROVED
PA: PITTSBURGH,09/29/2015 13:08:00,,2576.00,1835.00,543.00,328.00,185.00,234.00,149.00,67.00,APPROVED
PA: PITTSBURGH,09/29/2015 14:08:00,,2548.00,1813.00,541.00,324.00,184.00,234.00,147.00,68.00,APPROVED
PA: PITTSBURGH,09/29/2015 15:08:00,,2405.00,1688.00,515.00,297.00,175.00,215.00,143.00,66.00,APPROVED
PA: PITTSBURGH,09/29/2015 16:08:00,,2368.00,1618.00,489.00,286.00,163.00,205.00,133.00,64.00,APPROVED
PA: PITTSBURGH,09/29/2015 17:09:00,,2312.00,1580.00,472.00,264.00,159.00,194.00,131.00,62.00,APPROVED
PA: PITTSBURGH,09/29/2015 18:09:00,,2309.00,1567.00,469.00,266.00,160.00,194.00,129.00,63.00,APPROVED
PA: PITTSBURGH,09/29/2015 19:09:00,,2284.00,1552.00,477.00,269.00,159.00,195.00,130.00,62.00,APPROVED
PA: PITTSBURGH,09/29/2015 20:09:00,,2205.00,1487.00,446.00,251.00,157.00,186.00,125.00,62.00,APPROVED
PA: PITTSBURGH,09/29/2015 21:09:00,,2311.00,1587.00,467.00,267.00,157.00,192.00,128.00,63.00,APPROVED
PA: PITTSBURGH,09/29/2015 22:10:00,,2548.00,1813.00,529.00,309.00,174.00,218.00,138.00,65.00,APPROVED
PA: PITTSBURGH,09/29/2015 23:18:00,,2752.00,2003.00,564.00,353.00,185.00,236.00,150.00,69.00,APPROVED
PA: PITTSBURGH,09/30/2015 00:18:00,,2617.00,1871.00,539.00,323.00,180.00,222.00,142.00,69.00,APPROVED
PA: PITTSBURGH,09/30/2015 00:52:00,,2532.00,1794.00,519.00,307.00,172.00,214.00,140.00,65.00,APPROVED
PA: PITTSBURGH,09/30/2015 02:06:00,,2592.00,1824.00,522.00,310.00,174.00,213.00,138.00,66.00,APPROVED
PA: PITTSBURGH,09/30/2015 03:07:00,,2566.00,1794.00,519.00,310.00,173.00,210.00,134.00,66.00,APPROVED
PA: PITTSBURGH,09/30/2015 04:07:00,,2547.00,1774.00,514.00,303.00,168.00,211.00,137.00,64.00,APPROVED
PA: PITTSBURGH,09/30/2015 05:07:00,,2479.00,1711.00,490.00,294.00,164.00,197.00,134.00,63.00,APPROVED
PA: PITTSBURGH,09/30/2015 06:07:00,,2461.00,1686.00,490.00,287.00,165.00,199.00,132.00,64.00,APPROVED
PA: PITTSBURGH,09/30/2015 07:07:00,,2355.00,1582.00,465.00,266.00,156.00,188.00,126.00,61.00,APPROVED
PA: PITTSBURGH,09/30/2015 08:08:00,,2333.00,1579.00,458.00,257.00,156.00,187.00,125.00,62.00,APPROVED
PA: PITTSBURGH,09/30/2015 09:08:00,,2485.00,1700.00,493.00,286.00,167.00,204.00,133.00,62.00,APPROVED
PA: PITTSBURGH,09/30/2015 10:08:00,,2457.00,1678.00,489.00,287.00,163.00,200.00,132.00,61.00,APPROVED
PA: PITTSBURGH,09/30/2015 11:08:00,,2302.00,1517.00,439.00,247.00,149.00,178.00,121.00,60.00,APPROVED
PA: PITTSBURGH,09/30/2015 12:08:00,,2239.00,1448.00,422.00,227.00,145.00,167.00,115.00,58.00,APPROVED
PA: PITTSBURGH,09/30/2015 13:09:00,,2235.00,1438.00,422.00,228.00,142.00,168.00,114.00,57.00,APPROVED
PA: PITTSBURGH,09/30/2015 14:09:00,,2223.00,1433.00,424.00,227.00,141.00,167.00,115.00,56.00,APPROVED
PA: PITTSBURGH,09/30/2015 15:09:00,,2194.00,1431.00,420.00,227.00,144.00,169.00,115.00,57.00,APPROVED
PA: PITTSBURGH,09/30/2015 16:09:00,,2215.00,1425.00,422.00,224.00,144.00,164.00,112.00,57.00,APPROVED
PA: PITTSBURGH,09/30/2015 17:09:00,,2208.00,1409.00,417.00,221.00,140.00,166.00,113.00,58.00,APPROVED
PA: PITTSBURGH,09/30/2015 18:10:00,,2203.00,1412.00,418.00,219.00,143.00,165.00,113.00,58.00,APPROVED
PA: PITTSBURGH,09/30/2015 19:10:00,,2183.00,1402.00,418.00,217.00,142.00,167.00,114.00,57.00,APPROVED
PA: PITTSBURGH,09/30/2015 20:10:00,,2170.00,1397.00,413.00,218.00,140.00,167.00,113.00,58.00,APPROVED
PA: PITTSBURGH,09/30/2015 21:10:00,,2170.00,1395.00,416.00,218.00,143.00,163.00,112.00,57.00,APPROVED
PA: PITTSBURGH,09/30/2015 22:10:00,,2195.00,1409.00,422.00,220.00,142.00,166.00,114.00,57.00,APPROVED
PA: PITTSBURGH,09/30/2015 23:11:00,,2219.00,1432.00,416.00,226.00,146.00,170.00,116.00,57.00,APPROVED
PA: PITTSBURGH,10/01/2015 00:11:00,,2252.00,1450.00,429.00,227.00,147.00,168.00,113.00,57.00,APPROVED
PA: PITTSBURGH,10/01/2015 01:11:00,,2290.00,1480.00,429.00,230.00,142.00,167.00,116.00,59.00,APPROVED
PA: PITTSBURGH,10/01/2015 02:11:00,,2304.00,1485.00,425.00,227.00,145.00,170.00,113.00,59.00,APPROVED
PA: PITTSBURGH,10/01/2015 03:11:00,,2329.00,1506.00,433.00,230.00,145.00,168.00,114.00,57.00,APPROVED
PA: PITTSBURGH,10/01/2015 04:12:00,,2339.00,1503.00,433.00,229.00,144.00,171.00,115.00,58.00,APPROVED
PA: PITTSBURGH,10/01/2015 05:12:00,,2367.00,1504.00,435.00,224.00,143.00,165.00,111.00,58.00,APPROVED
PA: PITTSBURGH,10/01/2015 06:12:00,,2355.00,1508.00,432.00,230.00,143.00,169.00,112.00,58.00,APPROVED
PA: PITTSBURGH,10/01/2015 07:12:00,,2369.00,1505.00,427.00,226.00,145.00,165.00,111.00,57.00,APPROVED
PA: PITTSBURGH,10/01/2015 08:12:00,,2365.00,1511.00,423.00,227.00,147.00,168.00,111.00,56.00,APPROVED
PA: PITTSBURGH,10/01/2015 09:13:00,,2399.00,1522.00,432.00,225.00,146.00,170.00,110.00,57.00,APPROVED
PA: PITTSBURGH,10/01/2015 10:13:00,,2410.00,1544.00,436.00,231.00,145.00,169.00,114.00,57.00,APPROVED
PA: PITTSBURGH,10/01/2015 11:13:00,,2418.00,1552.00,433.00,228.00,146.00,169.00,110.00,58.00,APPROVED
PA: PITTSBURGH,10/01/2015 12:13:00,,2421.00,1547.00,435.00,228.00,147.00,171.00,112.00,58.00,APPROVED
PA: PITTSBURGH,10/01/2015 13:13:00,,2413.00,1548.00,429.00,230.00,147.00,168.00,109.00,58.00,APPROVED
PA: PITTSBURGH,10/01/2015 14:14:00,,2400.00,1526.00,429.00,227.00,145.00,167.00,108.00,58.00,APPROVED
PA: PITTSBURGH,10/01/2015 15:14:00,,2353.00,1483.00,423.00,221.00,140.00,165.00,109.00,57.00,APPROVED
PA: PITTSBURGH,10/01/2015 16:14:00,,2301.00,1455.00,421.00,220.00,143.00,162.00,111.00,56.00,APPROVED
PA: PITTSBURGH,10/01/2015 17:14:00,,2242.00,1426.00,423.00,222.00,143.00,164.00,112.00,57.00,APPROVED
PA: PITTSBURGH,10/01/2015 18:14:00,,2200.00,1392.00,415.00,216.00,141.00,163.00,115.00,58.00,APPROVED
PA: PITTSBURGH,10/01/2015 19:15:00,,2116.00,1343.00,410.00,214.00,142.00,162.00,114.00,55.00,APPROVED
PA: PITTSBURGH,10/01/2015 20:15:00,,2087.00,1333.00,412.00,213.00,141.00,163.00,113.00,57.00,APPROVED
PA: PITTSBURGH,10/01/2015 21:15:00,,2139.00,1359.00,411.00,212.00,141.00,162.00,115.00,57.00,APPROVED
PA: PITTSBURGH,10/01/2015 22:15:00,,2136.00,1362.00,413.00,212.00,141.00,162.00,114.00,56.00,APPROVED
PA: PITTSBURGH,10/01/2015 23:15:00,,2147.00,1365.00,412.00,217.00,142.00,161.00,113.00,57.00,APPROVED
PA: PITTSBURGH,10/02/2015 00:16:00,,2199.00,1400.00,415.00,217.00,145.00,166.00,115.00,58.00,APPROVED
PA: PITTSBURGH,10/02/2015 01:16:00,,2244.00,1435.00,427.00,221.00,143.00,169.00,112.00,57.00,APPROVED
PA: PITTSBURGH,10/02/2015 02:16:00,,2288.00,1454.00,422.00,220.00,146.00,166.00,113.00,58.00,APPROVED
PA: PITTSBURGH,10/02/2015 03:16:00,,2297.00,1462.00,422.00,227.00,144.00,168.00,109.00,57.00,APPROVED
PA: PITTSBURGH,10/02/2015 04:17:00,,2315.00,1471.00,427.00,224.00,144.00,168.00,111.00,58.00,APPROVED
PA: PITTSBURGH,10/02/2015 05:17:00,,2389.00,1517.00,427.00,222.00,143.00,166.00,111.00,59.00,APPROVED
PA: PITTSBURGH,10/02/2015 06:17:00,,2433.00,1552.00,432.00,227.00,143.00,166.00,110.00,57.00,APPROVED
PA: PITTSBURGH,10/02/2015 07:17:00,,2470.00,1569.00,438.00,227.00,145.00,170.00,113.00,58.00,APPROVED
PA: PITTSBURGH,10/02/2015 08:17:00,,2489.00,1571.00,436.00,229.00,144.00,167.00,110.00,59.00,APPROVED
PA: PITTSBURGH,10/02/2015 09:18:00,,2507.00,1596.00,437.00,228.00,147.00,169.00,109.00,58.00,APPROVED
PA: PITTSBURGH,10/02/2015 10:18:00,,2546.00,1604.00,441.00,230.00,147.00,169.00,110.00,56.00,APPROVED
PA: PITTSBURGH,10/02/2015 12:18:00,,2556.00,1613.00,446.00,229.00,145.00,172.00,109.00,58.00,APPROVED
PA: PITTSBURGH,10/02/2015 13:18:00,,2562.00,1623.00,443.00,236.00,147.00,171.00,109.00,58.00,APPROVED
PA: PITTSBURGH,10/02/2015 14:19:00,,2524.00,1605.00,445.00,232.00,148.00,174.00,112.00,56.00,APPROVED
PA: PITTSBURGH,10/02/2015 15:19:00,,2501.00,1581.00,438.00,232.00,149.00,172.00,107.00,59.00,APPROVED
PA: PITTSBURGH,10/02/2015 16:19:00,,2466.00,1571.00,439.00,233.00,146.00,170.00,106.00,58.00,APPROVED
PA: PITTSBURGH,10/02/2015 17:19:00,,2457.00,1568.00,438.00,226.00,148.00,170.00,113.00,58.00,APPROVED
PA: PITTSBURGH,10/02/2015 18:19:00,,2426.00,1555.00,435.00,231.00,144.00,171.00,109.00,57.00,APPROVED
PA: PITTSBURGH,10/02/2015 19:20:00,,2396.00,1523.00,429.00,230.00,145.00,167.00,111.00,57.00,APPROVED
PA: PITTSBURGH,10/02/2015 20:20:00,,2393.00,1523.00,434.00,224.00,143.00,168.00,114.00,57.00,APPROVED
PA: PITTSBURGH,10/02/2015 21:20:00,,2414.00,1527.00,430.00,223.00,145.00,163.00,108.00,58.00,APPROVED
PA: PITTSBURGH,10/02/2015 22:20:00,,2428.00,1536.00,428.00,225.00,145.00,169.00,110.00,58.00,APPROVED
PA: PITTSBURGH,10/02/2015 23:20:00,,2444.00,1552.00,435.00,228.00,145.00,169.00,111.00,58.00,APPROVED
PA: PITTSBURGH,10/03/2015 00:21:00,,2454.00,1545.00,432.00,223.00,146.00,168.00,105.00,57.00,APPROVED
PA: PITTSBURGH,10/03/2015 01:21:00,,2444.00,1548.00,431.00,225.00,140.00,167.00,110.00,58.00,APPROVED
PA: PITTSBURGH,10/03/2015 02:21:00,,2459.00,1545.00,436.00,222.00,144.00,168.00,109.00,58.00,APPROVED
PA: PITTSBURGH,10/03/2015 03:21:00,,2483.00,1571.00,438.00,225.00,146.00,167.00,111.00,58.00,APPROVED
PA: PITTSBURGH,10/03/2015 04:21:00,,2509.00,1585.00,442.00,230.00,147.00,172.00,107.00,56.00,APPROVED
PA: PITTSBURGH,10/03/2015 05:22:00,,2517.00,1588.00,437.00,231.00,146.00,169.00,109.00,57.00,APPROVED
PA: PITTSBURGH,10/03/2015 06:22:00,,2617.00,1675.00,457.00,242.00,150.00,176.00,111.00,58.00,APPROVED
PA: PITTSBURGH,10/03/2015 07:22:00,,2666.00,1719.00,466.00,244.00,153.00,178.00,112.00,59.00,APPROVED
PA: PITTSBURGH,10/03/2015 08:22:00,,2742.00,1793.00,481.00,259.00,157.00,189.00,113.00,59.00,APPROVED
PA: PITTSBURGH,10/03/2015 09:22:00,,2722.00,1787.00,484.00,261.00,159.00,189.00,112.00,59.00,APPROVED
PA: PITTSBURGH,10/03/2015 10:23:00,,2616.00,1668.00,462.00,242.00,151.00,184.00,107.00,57.00,APPROVED
PA: PITTSBURGH,10/03/2015 11:23:00,,2605.00,1675.00,459.00,240.00,152.00,181.00,109.00,59.00,APPROVED
PA: PITTSBURGH,10/03/2015 12:23:00,,2590.00,1659.00,456.00,241.00,148.00,177.00,108.00,59.00,APPROVED
PA: PITTSBURGH,10/03/2015 13:23:00,,2559.00,1632.00,449.00,235.00,144.00,176.00,107.00,58.00,APPROVED
PA: PITTSBURGH,10/03/2015 14:23:00,,2597.00,1671.00,454.00,237.00,148.00,178.00,109.00,58.00,APPROVED
PA: PITTSBURGH,10/03/2015 15:24:00,,2545.00,1623.00,443.00,231.00,143.00,172.00,108.00,59.00,APPROVED
PA: PITTSBURGH,10/03/2015 16:24:00,,2503.00,1594.00,440.00,228.00,144.00,168.00,108.00,58.00,APPROVED
PA: PITTSBURGH,10/03/2015 17:24:00,,2455.00,1570.00,434.00,228.00,142.00,171.00,105.00,57.00,APPROVED
PA: PITTSBURGH,10/03/2015 18:24:00,,2390.00,1512.00,428.00,227.00,147.00,165.00,108.00,58.00,APPROVED
PA: PITTSBURGH,10/03/2015 19:24:00,,2382.00,1511.00,430.00,221.00,143.00,165.00,107.00,58.00,APPROVED
PA: PITTSBURGH,10/03/2015 20:25:00,,2366.00,1501.00,428.00,222.00,143.00,168.00,110.00,58.00,APPROVED
PA: PITTSBURGH,10/03/2015 21:25:00,,2358.00,1481.00,428.00,222.00,142.00,166.00,108.00,57.00,APPROVED
PA: PITTSBURGH,10/03/2015 22:25:00,,2370.00,1501.00,428.00,224.00,144.00,170.00,113.00,57.00,APPROVED
PA: PITTSBURGH,10/03/2015 23:25:00,,2356.00,1503.00,430.00,225.00,143.00,168.00,109.00,55.00,APPROVED
PA: PITTSBURGH,10/04/2015 00:25:00,,2387.00,1524.00,435.00,229.00,143.00,170.00,110.00,58.00,APPROVED
PA: PITTSBURGH,10/04/2015 01:26:00,,2387.00,1533.00,426.00,230.00,146.00,168.00,110.00,60.00,APPROVED
PA: PITTSBURGH,10/04/2015 02:26:00,,2394.00,1511.00,431.00,225.00,143.00,169.00,110.00,58.00,APPROVED
PA: PITTSBURGH,10/04/2015 03:26:00,,2379.00,1513.00,426.00,220.00,141.00,168.00,109.00,58.00,APPROVED
PA: PITTSBURGH,10/04/2015 04:26:00,,2395.00,1511.00,426.00,226.00,145.00,166.00,111.00,57.00,APPROVED
PA: PITTSBURGH,10/04/2015 05:26:00,,2400.00,1513.00,432.00,224.00,142.00,168.00,108.00,58.00,APPROVED
PA: PITTSBURGH,10/04/2015 06:27:00,,2383.00,1509.00,425.00,219.00,143.00,163.00,109.00,56.00,APPROVED
PA: PITTSBURGH,10/04/2015 07:27:00,,2402.00,1515.00,426.00,220.00,144.00,164.00,109.00,58.00,APPROVED
PA: PITTSBURGH,10/04/2015 08:27:00,,2409.00,1514.00,426.00,221.00,140.00,169.00,108.00,58.00,APPROVED
PA: PITTSBURGH,10/04/2015 09:27:00,,2402.00,1519.00,424.00,225.00,140.00,167.00,110.00,57.00,APPROVED
PA: PITTSBURGH,10/04/2015 10:27:00,,2403.00,1518.00,430.00,223.00,143.00,166.00,110.00,57.00,APPROVED
PA: PITTSBURGH,10/04/2015 11:28:00,,2381.00,1511.00,428.00,226.00,144.00,165.00,108.00,57.00,APPROVED
PA: PITTSBURGH,10/04/2015 12:28:00,,2386.00,1504.00,428.00,222.00,143.00,165.00,108.00,57.00,APPROVED
PA: PITTSBURGH,10/04/2015 13:28:00,,2356.00,1502.00,425.00,219.00,143.00,162.00,107.00,58.00,APPROVED
PA: PITTSBURGH,10/04/2015 14:28:00,,2325.00,1473.00,424.00,219.00,142.00,165.00,109.00,56.00,APPROVED
PA: PITTSBURGH,10/04/2015 15:28:00,,2279.00,1452.00,425.00,218.00,141.00,162.00,107.00,56.00,APPROVED
PA: PITTSBURGH,10/04/2015 16:29:00,,2243.00,1429.00,416.00,218.00,141.00,162.00,114.00,56.00,APPROVED
PA: PITTSBURGH,10/04/2015 17:29:00,,2183.00,1391.00,418.00,213.00,141.00,165.00,111.00,56.00,APPROVED
PA: PITTSBURGH,10/04/2015 18:29:00,,2137.00,1355.00,413.00,214.00,141.00,167.00,113.00,57.00,APPROVED
PA: PITTSBURGH,10/04/2015 19:29:00,,2101.00,1329.00,409.00,216.00,144.00,165.00,115.00,57.00,APPROVED
PA: PITTSBURGH,10/04/2015 20:29:00,,2136.00,1366.00,414.00,218.00,144.00,165.00,113.00,58.00,APPROVED
PA: PITTSBURGH,10/04/2015 21:30:00,,2177.00,1387.00,418.00,221.00,143.00,164.00,113.00,58.00,APPROVED
PA: PITTSBURGH,10/04/2015 22:30:00,,2146.00,1376.00,420.00,220.00,139.00,167.00,113.00,57.00,APPROVED
PA: PITTSBURGH,10/04/2015 23:30:00,,2147.00,1364.00,411.00,211.00,139.00,163.00,114.00,57.00,APPROVED
PA: PITTSBURGH,10/05/2015 00:30:00,,2208.00,1401.00,415.00,215.00,142.00,163.00,113.00,56.00,APPROVED
PA: PITTSBURGH,10/05/2015 01:30:00,,2245.00,1423.00,421.00,219.00,140.00,167.00,114.00,59.00,APPROVED
PA: PITTSBURGH,10/05/2015 02:31:00,,2291.00,1450.00,424.00,220.00,145.00,167.00,109.00,58.00,APPROVED
PA: PITTSBURGH,10/05/2015 03:31:00,,2334.00,1488.00,429.00,224.00,146.00,165.00,111.00,58.00,APPROVED
PA: PITTSBURGH,10/05/2015 04:31:00,,2392.00,1522.00,435.00,229.00,146.00,169.00,113.00,59.00,APPROVED
PA: PITTSBURGH,10/05/2015 05:31:00,,2437.00,1558.00,440.00,236.00,150.00,173.00,114.00,58.00,APPROVED
PA: PITTSBURGH,10/05/2015 06:31:00,,2470.00,1590.00,447.00,238.00,150.00,174.00,114.00,58.00,APPROVED
PA: PITTSBURGH,10/05/2015 07:32:00,,2494.00,1603.00,449.00,243.00,153.00,174.00,115.00,59.00,APPROVED
PA: PITTSBURGH,10/05/2015 08:32:00,,2521.00,1648.00,461.00,247.00,150.00,180.00,114.00,59.00,APPROVED
PA: PITTSBURGH,10/05/2015 09:32:00,,2553.00,1663.00,469.00,253.00,154.00,187.00,118.00,60.00,APPROVED
PA: PITTSBURGH,10/05/2015 10:32:00,,2591.00,1697.00,475.00,260.00,157.00,191.00,116.00,60.00,APPROVED
PA: PITTSBURGH,10/05/2015 11:32:00,,2603.00,1722.00,477.00,256.00,157.00,188.00,114.00,60.00,APPROVED
PA: PITTSBURGH,10/05/2015 12:33:00,,2601.00,1721.00,476.00,260.00,154.00,189.00,117.00,60.00,APPROVED
PA: PITTSBURGH,10/05/2015 13:33:00,,2584.00,1704.00,473.00,258.00,156.00,190.00,116.00,61.00,APPROVED
PA: PITTSBURGH,10/05/2015 14:33:00,,2505.00,1636.00,460.00,252.00,152.00,184.00,119.00,61.00,APPROVED
PA: PITTSBURGH,10/05/2015 15:33:00,,2429.00,1583.00,451.00,241.00,152.00,178.00,118.00,59.00,APPROVED
PA: PITTSBURGH,10/05/2015 16:33:00,,2329.00,1492.00,442.00,234.00,148.00,173.00,116.00,56.00,APPROVED
PA: PITTSBURGH,10/05/2015 17:34:00,,2214.00,1423.00,430.00,227.00,145.00,167.00,115.00,58.00,APPROVED
PA: PITTSBURGH,10/05/2015 18:34:00,,2084.00,1339.00,413.00,219.00,141.00,167.00,117.00,58.00,APPROVED
PA: PITTSBURGH,10/05/2015 19:34:00,,2020.00,1285.00,402.00,210.00,141.00,163.00,115.00,57.00,APPROVED
PA: PITTSBURGH,10/05/2015 20:34:00,,2054.00,1311.00,409.00,215.00,140.00,163.00,114.00,58.00,APPROVED
PA: PITTSBURGH,10/05/2015 21:34:00,,2077.00,1328.00,408.00,212.00,140.00,164.00,112.00,58.00,APPROVED
PA: PITTSBURGH,10/05/2015 22:35:00,,2074.00,1318.00,404.00,210.00,139.00,162.00,114.00,57.00,APPROVED
PA: PITTSBURGH,10/05/2015 23:35:00,,2104.00,1347.00,411.00,213.00,142.00,164.00,116.00,56.00,APPROVED
PA: PITTSBURGH,10/06/2015 00:35:00,,2192.00,1401.00,420.00,222.00,140.00,164.00,114.00,57.00,APPROVED
PA: PITTSBURGH,10/06/2015 01:35:00,,2273.00,1474.00,435.00,233.00,147.00,170.00,114.00,58.00,APPROVED
PA: PITTSBURGH,10/06/2015 02:35:00,,2340.00,1518.00,439.00,236.00,153.00,173.00,115.00,59.00,APPROVED
PA: PITTSBURGH,10/06/2015 03:36:00,,2410.00,1567.00,451.00,241.00,149.00,177.00,118.00,57.00,APPROVED
PA: PITTSBURGH,10/06/2015 04:36:00,,2497.00,1631.00,467.00,254.00,154.00,182.00,120.00,62.00,APPROVED
PA: PITTSBURGH,10/06/2015 05:36:00,,2532.00,1673.00,472.00,258.00,159.00,186.00,122.00,60.00,APPROVED
PA: PITTSBURGH,10/06/2015 06:36:00,,2602.00,1732.00,487.00,268.00,164.00,194.00,123.00,62.00,APPROVED
PA: PITTSBURGH,10/06/2015 07:36:00,,2633.00,1772.00,494.00,280.00,162.00,199.00,126.00,62.00,APPROVED
PA: PITTSBURGH,10/06/2015 08:37:00,,2675.00,1797.00,500.00,281.00,166.00,203.00,128.00,62.00,APPROVED
PA: PITTSBURGH,10/06/2015 09:37:00,,2758.00,1871.00,513.00,297.00,170.00,215.00,129.00,64.00,APPROVED
PA: PITTSBURGH,10/06/2015 10:37:00,,2796.00,1908.00,526.00,305.00,172.00,217.00,132.00,62.00,APPROVED
PA: PITTSBURGH,10/06/2015 11:37:00,,2835.00,1959.00,537.00,314.00,177.00,221.00,132.00,63.00,APPROVED
PA: PITTSBURGH,10/06/2015 12:37:00,,2887.00,2000.00,548.00,316.00,181.00,224.00,135.00,64.00,APPROVED
PA: PITTSBURGH,10/06/2015 13:26:00,,2851.00,1992.00,557.00,329.00,182.00,230.00,136.00,64.00,APPROVED
PA: PITTSBURGH,10/06/2015 14:39:00,,2731.00,1754.00,480.00,260.00,157.00,185.00,119.00,58.00,APPROVED
PA: PITTSBURGH,10/06/2015 15:39:00,,2551.00,1687.00,478.00,265.00,160.00,192.00,124.00,60.00,APPROVED
PA: PITTSBURGH,10/06/2015 16:40:00,,2418.00,1580.00,468.00,253.00,156.00,185.00,124.00,60.00,APPROVED
PA: PITTSBURGH,10/06/2015 17:40:00,,2276.00,1494.00,449.00,244.00,157.00,183.00,123.00,60.00,APPROVED
PA: PITTSBURGH,10/06/2015 18:40:00,,2261.00,1484.00,441.00,245.00,151.00,178.00,124.00,59.00,APPROVED
PA: PITTSBURGH,10/06/2015 19:40:00,,2311.00,1532.00,438.00,248.00,150.00,173.00,122.00,59.00,APPROVED
PA: PITTSBURGH,10/06/2015 20:41:00,,2365.00,1551.00,433.00,248.00,150.00,175.00,120.00,60.00,APPROVED
PA: PITTSBURGH,10/06/2015 21:41:00,,2371.00,1549.00,433.00,242.00,148.00,171.00,118.00,59.00,APPROVED
PA: PITTSBURGH,10/06/2015 22:41:00,,2369.00,1551.00,434.00,236.00,146.00,171.00,119.00,59.00,APPROVED
PA: PITTSBURGH,10/06/2015 23:41:00,,2294.00,1484.00,430.00,232.00,148.00,170.00,119.00,59.00,APPROVED
PA: PITTSBURGH,10/07/2015 00:41:00,,2189.00,1406.00,419.00,224.00,147.00,167.00,119.00,57.00,APPROVED
PA: PITTSBURGH,10/07/2015 01:42:00,,2218.00,1415.00,429.00,229.00,147.00,172.00,114.00,59.00,APPROVED
PA: PITTSBURGH,10/07/2015 02:42:00,,2244.00,1455.00,431.00,232.00,149.00,175.00,118.00,59.00,APPROVED
PA: PITTSBURGH,10/07/2015 03:42:00,,2282.00,1488.00,434.00,239.00,147.00,173.00,121.00,59.00,APPROVED
PA: PITTSBURGH,10/07/2015 04:42:00,,2293.00,1514.00,446.00,244.00,151.00,179.00,121.00,59.00,APPROVED
PA: PITTSBURGH,10/07/2015 05:42:00,,2320.00,1539.00,450.00,248.00,152.00,182.00,125.00,60.00,APPROVED
PA: PITTSBURGH,10/07/2015 06:43:00,,2342.00,1547.00,455.00,255.00,156.00,184.00,123.00,61.00,APPROVED
PA: PITTSBURGH,10/07/2015 07:43:00,,2394.00,1588.00,465.00,256.00,157.00,187.00,127.00,62.00,APPROVED
PA: PITTSBURGH,10/07/2015 08:43:00,,2403.00,1611.00,475.00,265.00,158.00,192.00,127.00,62.00,APPROVED
PA: PITTSBURGH,10/07/2015 09:43:00,,2407.00,1622.00,475.00,265.00,161.00,194.00,127.00,62.00,APPROVED
PA: PITTSBURGH,10/07/2015 10:43:00,,2423.00,1637.00,472.00,268.00,160.00,197.00,128.00,63.00,APPROVED
PA: PITTSBURGH,10/07/2015 11:44:00,,2445.00,1655.00,484.00,278.00,162.00,198.00,130.00,62.00,APPROVED
PA: PITTSBURGH,10/07/2015 12:44:00,,2398.00,1630.00,476.00,271.00,159.00,194.00,128.00,62.00,APPROVED
PA: PITTSBURGH,10/07/2015 13:44:00,,2376.00,1600.00,474.00,268.00,161.00,195.00,125.00,61.00,APPROVED
PA: PITTSBURGH,10/07/2015 14:44:00,,2299.00,1540.00,456.00,251.00,156.00,187.00,125.00,60.00,APPROVED
PA: PITTSBURGH,10/07/2015 15:44:00,,2245.00,1493.00,454.00,250.00,154.00,182.00,126.00,61.00,APPROVED
PA: PITTSBURGH,10/07/2015 16:45:00,,2222.00,1482.00,447.00,247.00,154.00,181.00,123.00,62.00,APPROVED
PA: PITTSBURGH,10/07/2015 17:45:00,,2184.00,1440.00,444.00,239.00,151.00,182.00,124.00,60.00,APPROVED
PA: PITTSBURGH,10/07/2015 18:45:00,,2139.00,1413.00,441.00,239.00,151.00,183.00,125.00,60.00,APPROVED
PA: PITTSBURGH,10/07/2015 19:45:00,,2130.00,1415.00,439.00,234.00,155.00,179.00,124.00,61.00,APPROVED
PA: PITTSBURGH,10/07/2015 20:45:00,,2149.00,1428.00,445.00,244.00,154.00,180.00,122.00,59.00,APPROVED
PA: PITTSBURGH,10/07/2015 21:46:00,,2153.00,1429.00,442.00,240.00,152.00,179.00,122.00,60.00,APPROVED
PA: PITTSBURGH,10/07/2015 22:46:00,,2154.00,1428.00,447.00,241.00,152.00,184.00,125.00,62.00,APPROVED
PA: PITTSBURGH,10/07/2015 23:46:00,,2217.00,1472.00,447.00,250.00,153.00,182.00,125.00,61.00,APPROVED
PA: PITTSBURGH,10/08/2015 00:46:00,,2300.00,1529.00,456.00,252.00,157.00,185.00,127.00,61.00,APPROVED
PA: PITTSBURGH,10/08/2015 01:46:00,,2365.00,1585.00,469.00,263.00,159.00,190.00,126.00,61.00,APPROVED
PA: PITTSBURGH,10/08/2015 02:47:00,,2388.00,1636.00,479.00,272.00,161.00,199.00,127.00,61.00,APPROVED
PA: PITTSBURGH,10/08/2015 03:47:00,,2461.00,1684.00,484.00,280.00,163.00,198.00,133.00,62.00,APPROVED
PA: PITTSBURGH,10/08/2015 04:47:00,,2520.00,1720.00,488.00,283.00,167.00,199.00,129.00,63.00,APPROVED
PA: PITTSBURGH,10/08/2015 05:47:00,,2594.00,1758.00,499.00,288.00,167.00,208.00,131.00,62.00,APPROVED
PA: PITTSBURGH,10/08/2015 06:47:00,,2639.00,1814.00,510.00,296.00,173.00,208.00,134.00,64.00,APPROVED
PA: PITTSBURGH,10/08/2015 07:48:00,,2706.00,1882.00,528.00,310.00,173.00,217.00,137.00,64.00,APPROVED
PA: PITTSBURGH,10/08/2015 08:48:00,,2765.00,1952.00,543.00,324.00,179.00,226.00,139.00,65.00,APPROVED
PA: PITTSBURGH,10/08/2015 09:48:00,,2855.00,2045.00,562.00,348.00,186.00,238.00,145.00,65.00,APPROVED
PA: PITTSBURGH,10/08/2015 10:48:00,,2916.00,2159.00,596.00,375.00,196.00,256.00,152.00,70.00,APPROVED
PA: PITTSBURGH,10/08/2015 11:48:00,,3035.00,2313.00,639.00,416.00,213.00,281.00,165.00,72.00,APPROVED
PA: PITTSBURGH,10/08/2015 12:49:00,,3078.00,2375.00,660.00,431.00,223.00,293.00,168.00,73.00,APPROVED
PA: PITTSBURGH,10/08/2015 13:49:00,,3115.00,2449.00,678.00,455.00,230.00,306.00,179.00,76.00,APPROVED
PA: PITTSBURGH,10/08/2015 14:49:00,,3017.00,2326.00,662.00,431.00,224.00,298.00,174.00,74.00,APPROVED
PA: PITTSBURGH,10/08/2015 15:49:00,,2781.00,2055.00,604.00,379.00,198.00,258.00,158.00,73.00,APPROVED
PA: PITTSBURGH,10/08/2015 16:49:00,,2509.00,1777.00,537.00,312.00,177.00,223.00,143.00,65.00,APPROVED
PA: PITTSBURGH,10/08/2015 17:50:00,,2280.00,1551.00,482.00,267.00,163.00,197.00,131.00,62.00,APPROVED
PA: PITTSBURGH,10/08/2015 18:50:00,,2309.00,1570.00,457.00,264.00,157.00,188.00,129.00,63.00,APPROVED
PA: PITTSBURGH,10/08/2015 19:50:00,,2396.00,1620.00,458.00,265.00,157.00,189.00,129.00,64.00,APPROVED
PA: PITTSBURGH,10/08/2015 20:50:00,,2435.00,1634.00,455.00,266.00,160.00,186.00,129.00,62.00,APPROVED
PA: PITTSBURGH,10/08/2015 21:50:00,,2449.00,1647.00,461.00,264.00,157.00,182.00,126.00,62.00,APPROVED
PA: PITTSBURGH,10/08/2015 22:51:00,,2467.00,1652.00,466.00,262.00,157.00,186.00,127.00,61.00,APPROVED
PA: PITTSBURGH,10/08/2015 23:51:00,,2392.00,1580.00,456.00,258.00,154.00,182.00,124.00,61.00,APPROVED
PA: PITTSBURGH,10/09/2015 00:51:00,,2357.00,1571.00,464.00,260.00,156.00,188.00,125.00,63.00,APPROVED
PA: PITTSBURGH,10/09/2015 01:51:00,,2413.00,1629.00,473.00,263.00,163.00,192.00,126.00,62.00,APPROVED
PA: PITTSBURGH,10/09/2015 02:51:00,,2459.00,1677.00,485.00,274.00,166.00,202.00,133.00,64.00,APPROVED
PA: PITTSBURGH,10/09/2015 03:52:00,,2523.00,1752.00,500.00,287.00,165.00,207.00,130.00,63.00,APPROVED
PA: PITTSBURGH,10/09/2015 04:52:00,,2583.00,1783.00,511.00,300.00,172.00,208.00,137.00,64.00,APPROVED
PA: PITTSBURGH,10/09/2015 05:52:00,,2616.00,1837.00,528.00,308.00,177.00,219.00,137.00,66.00,APPROVED
PA: PITTSBURGH,10/09/2015 06:52:00,,2606.00,1835.00,530.00,310.00,177.00,219.00,135.00,67.00,APPROVED
PA: PITTSBURGH,10/09/2015 07:52:00,,2580.00,1795.00,521.00,302.00,174.00,214.00,138.00,67.00,APPROVED
PA: PITTSBURGH,10/09/2015 08:53:00,,2526.00,1757.00,508.00,291.00,171.00,210.00,135.00,65.00,APPROVED
PA: PITTSBURGH,10/09/2015 09:53:00,,2501.00,1720.00,501.00,287.00,168.00,206.00,134.00,65.00,APPROVED
PA: PITTSBURGH,10/09/2015 10:53:00,,2463.00,1702.00,497.00,281.00,167.00,202.00,133.00,64.00,APPROVED
PA: PITTSBURGH,10/09/2015 11:53:00,,2457.00,1675.00,503.00,280.00,168.00,207.00,132.00,64.00,APPROVED
PA: PITTSBURGH,10/09/2015 12:53:00,,2435.00,1664.00,494.00,273.00,162.00,205.00,132.00,65.00,APPROVED
PA: PITTSBURGH,10/09/2015 13:54:00,,2400.00,1645.00,487.00,275.00,166.00,199.00,132.00,65.00,APPROVED
PA: PITTSBURGH,10/09/2015 14:54:00,,2361.00,1605.00,482.00,275.00,162.00,198.00,135.00,64.00,APPROVED
PA: PITTSBURGH,10/09/2015 15:54:00,,2695.00,1922.00,554.00,326.00,186.00,230.00,148.00,70.00,APPROVED
PA: PITTSBURGH,10/09/2015 16:54:00,,3633.00,2818.00,797.00,512.00,257.00,335.00,196.00,83.00,APPROVED
PA: PITTSBURGH,10/09/2015 17:54:00,,3103.00,2305.00,683.00,427.00,221.00,291.00,173.00,76.00,APPROVED
PA: PITTSBURGH,10/09/2015 18:55:00,,2613.00,1855.00,561.00,330.00,185.00,237.00,149.00,67.00,APPROVED
PA: PITTSBURGH,10/09/2015 19:55:00,,2416.00,1707.00,522.00,299.00,172.00,219.00,144.00,68.00,APPROVED
PA: PITTSBURGH,10/09/2015 20:55:00,,2369.00,1668.00,493.00,292.00,171.00,209.00,137.00,66.00,APPROVED
PA: PITTSBURGH,10/09/2015 21:55:00,,2404.00,1665.00,487.00,286.00,168.00,202.00,133.00,63.00,APPROVED
PA: PITTSBURGH,10/09/2015 22:55:00,,2432.00,1694.00,498.00,291.00,170.00,207.00,132.00,64.00,APPROVED
PA: PITTSBURGH,10/09/2015 23:56:00,,2422.00,1654.00,489.00,279.00,161.00,199.00,131.00,62.00,APPROVED
PA: PITTSBURGH,10/10/2015 00:56:00,,2384.00,1607.00,469.00,261.00,158.00,190.00,124.00,61.00,APPROVED
PA: PITTSBURGH,10/10/2015 01:56:00,,2390.00,1569.00,450.00,252.00,151.00,181.00,118.00,61.00,APPROVED
PA: PITTSBURGH,10/10/2015 02:56:00,,2390.00,1574.00,445.00,244.00,148.00,176.00,119.00,59.00,APPROVED
PA: PITTSBURGH,10/10/2015 03:56:00,,2400.00,1581.00,443.00,245.00,147.00,178.00,117.00,58.00,APPROVED
PA: PITTSBURGH,10/10/2015 04:57:00,,2398.00,1584.00,453.00,242.00,149.00,178.00,117.00,59.00,APPROVED
PA: PITTSBURGH,10/10/2015 05:57:00,,2409.00,1569.00,450.00,245.00,151.00,177.00,118.00,61.00,APPROVED
PA: PITTSBURGH,10/10/2015 06:57:00,,2452.00,1602.00,450.00,242.00,150.00,180.00,118.00,60.00,APPROVED
PA: PITTSBURGH,10/10/2015 07:57:00,,2474.00,1630.00,460.00,249.00,151.00,178.00,116.00,61.00,APPROVED
PA: PITTSBURGH,10/10/2015 08:57:00,,2508.00,1647.00,462.00,247.00,155.00,178.00,114.00,57.00,APPROVED
PA: PITTSBURGH,10/10/2015 09:58:00,,2535.00,1656.00,458.00,244.00,151.00,179.00,115.00,58.00,APPROVED
PA: PITTSBURGH,10/10/2015 10:58:00,,2573.00,1686.00,464.00,253.00,153.00,180.00,116.00,61.00,APPROVED
PA: PITTSBURGH,10/10/2015 11:58:00,,2628.00,1741.00,479.00,261.00,158.00,188.00,118.00,61.00,APPROVED
PA: PITTSBURGH,10/10/2015 12:58:00,,2620.00,1744.00,483.00,266.00,161.00,195.00,120.00,61.00,APPROVED
PA: PITTSBURGH,10/10/2015 13:58:00,,2572.00,1700.00,471.00,256.00,155.00,185.00,116.00,59.00,APPROVED
PA: PITTSBURGH,10/10/2015 14:59:00,,2488.00,1621.00,461.00,247.00,152.00,181.00,115.00,60.00,APPROVED
PA: PITTSBURGH,10/10/2015 15:59:00,,2412.00,1551.00,442.00,235.00,148.00,171.00,114.00,56.00,APPROVED
PA: PITTSBURGH,10/10/2015 16:59:00,,2367.00,1510.00,438.00,226.00,145.00,169.00,113.00,58.00,APPROVED
PA: PITTSBURGH,10/10/2015 17:59:00,,2288.00,1460.00,431.00,228.00,143.00,167.00,113.00,58.00,APPROVED
PA: PITTSBURGH,10/10/2015 18:59:00,,2158.00,1377.00,420.00,216.00,143.00,164.00,112.00,58.00,APPROVED
PA: PITTSBURGH,10/10/2015 20:00:00,,2123.00,1352.00,413.00,213.00,143.00,163.00,113.00,58.00,APPROVED
PA: PITTSBURGH,10/10/2015 21:00:00,,2206.00,1395.00,416.00,219.00,141.00,161.00,113.00,58.00,APPROVED
PA: PITTSBURGH,10/10/2015 22:00:00,,2222.00,1409.00,418.00,217.00,142.00,164.00,114.00,57.00,APPROVED
PA: PITTSBURGH,10/10/2015 23:00:00,,2225.00,1416.00,422.00,216.00,145.00,160.00,111.00,59.00,APPROVED
PA: PITTSBURGH,10/11/2015 00:00:00,,2306.00,1473.00,425.00,222.00,144.00,164.00,114.00,56.00,APPROVED
PA: PITTSBURGH,10/11/2015 01:01:00,,2395.00,1529.00,433.00,229.00,148.00,168.00,112.00,56.00,APPROVED
PA: PITTSBURGH,10/11/2015 02:01:00,,2489.00,1598.00,442.00,243.00,148.00,173.00,112.00,58.00,APPROVED
PA: PITTSBURGH,10/11/2015 03:01:00,,2589.00,1673.00,460.00,249.00,154.00,179.00,114.00,61.00,APPROVED
PA: PITTSBURGH,10/11/2015 04:01:00,,2676.00,1749.00,478.00,258.00,157.00,188.00,116.00,60.00,APPROVED
PA: PITTSBURGH,10/11/2015 05:02:00,,2752.00,1820.00,490.00,270.00,160.00,193.00,120.00,61.00,APPROVED
PA: PITTSBURGH,10/11/2015 06:02:00,,2832.00,1867.00,511.00,282.00,166.00,199.00,123.00,61.00,APPROVED
PA: PITTSBURGH,10/11/2015 07:02:00,,2896.00,1941.00,520.00,294.00,171.00,212.00,123.00,63.00,APPROVED
PA: PITTSBURGH,10/11/2015 08:02:00,,2946.00,2006.00,534.00,303.00,170.00,214.00,128.00,64.00,APPROVED
PA: PITTSBURGH,10/11/2015 09:02:00,,3011.00,2058.00,549.00,317.00,178.00,223.00,129.00,65.00,APPROVED
PA: PITTSBURGH,10/11/2015 10:03:00,,3085.00,2141.00,570.00,331.00,185.00,235.00,135.00,66.00,APPROVED
PA: PITTSBURGH,10/11/2015 11:03:00,,3152.00,2200.00,586.00,348.00,187.00,238.00,137.00,64.00,APPROVED
PA: PITTSBURGH,10/11/2015 12:03:00,,3221.00,2331.00,614.00,380.00,200.00,261.00,148.00,70.00,APPROVED
PA: PITTSBURGH,10/11/2015 13:03:00,,3286.00,2447.00,655.00,413.00,211.00,283.00,158.00,72.00,APPROVED
PA: PITTSBURGH,10/11/2015 14:03:00,,3166.00,2334.00,633.00,400.00,207.00,270.00,154.00,71.00,APPROVED
PA: PITTSBURGH,10/11/2015 15:04:00,,2881.00,2045.00,567.00,344.00,186.00,239.00,139.00,65.00,APPROVED
PA: PITTSBURGH,10/11/2015 16:04:00,,2615.00,1775.00,512.00,294.00,167.00,209.00,129.00,63.00,APPROVED
PA: PITTSBURGH,10/11/2015 17:04:00,,2415.00,1619.00,471.00,261.00,158.00,191.00,124.00,60.00,APPROVED
PA: PITTSBURGH,10/11/2015 18:04:00,,2280.00,1494.00,445.00,241.00,152.00,178.00,120.00,59.00,APPROVED
PA: PITTSBURGH,10/11/2015 19:04:00,,2142.00,1388.00,433.00,228.00,149.00,169.00,122.00,60.00,APPROVED
PA: PITTSBURGH,10/11/2015 20:05:00,,2130.00,1386.00,428.00,226.00,149.00,170.00,119.00,60.00,APPROVED
PA: PITTSBURGH,10/11/2015 21:05:00,,2182.00,1402.00,431.00,227.00,146.00,173.00,119.00,60.00,APPROVED
PA: PITTSBURGH,10/11/2015 22:05:00,,2184.00,1408.00,431.00,229.00,145.00,171.00,120.00,58.00,APPROVED
PA: PITTSBURGH,10/11/2015 23:05:00,,2205.00,1413.00,428.00,227.00,147.00,171.00,116.00,58.00,APPROVED
PA: PITTSBURGH,10/12/2015 00:05:00,,2283.00,1491.00,430.00,232.00,148.00,171.00,118.00,58.00,APPROVED
PA: PITTSBURGH,10/12/2015 01:06:00,,2399.00,1560.00,447.00,244.00,152.00,179.00,121.00,58.00,APPROVED
PA: PITTSBURGH,10/12/2015 02:06:00,,2493.00,1639.00,469.00,258.00,158.00,183.00,123.00,60.00,APPROVED
PA: PITTSBURGH,10/12/2015 03:06:00,,2578.00,1710.00,476.00,261.00,158.00,189.00,124.00,61.00,APPROVED
PA: PITTSBURGH,10/12/2015 04:06:00,,2646.00,1770.00,498.00,275.00,161.00,198.00,123.00,61.00,APPROVED
PA: PITTSBURGH,10/12/2015 05:06:00,,2709.00,1816.00,500.00,282.00,162.00,200.00,127.00,64.00,APPROVED
PA: PITTSBURGH,10/12/2015 06:07:00,,2770.00,1878.00,513.00,288.00,173.00,207.00,129.00,63.00,APPROVED
PA: PITTSBURGH,10/12/2015 07:07:00,,2840.00,1933.00,525.00,303.00,174.00,214.00,130.00,63.00,APPROVED
PA: PITTSBURGH,10/12/2015 08:07:00,,2892.00,1985.00,544.00,309.00,174.00,215.00,133.00,65.00,APPROVED
PA: PITTSBURGH,10/12/2015 09:07:00,,2929.00,2031.00,546.00,318.00,177.00,222.00,133.00,64.00,APPROVED
PA: PITTSBURGH,10/12/2015 10:07:00,,2974.00,2073.00,551.00,329.00,183.00,228.00,135.00,65.00,APPROVED
PA: PITTSBURGH,10/12/2015 11:08:00,,3029.00,2110.00,564.00,334.00,184.00,234.00,139.00,65.00,APPROVED
PA: PITTSBURGH,10/12/2015 13:08:00,,3059.00,2161.00,583.00,349.00,188.00,239.00,138.00,67.00,APPROVED
PA: PITTSBURGH,10/12/2015 14:08:00,,2908.00,2062.00,562.00,334.00,184.00,239.00,138.00,66.00,APPROVED
PA: PITTSBURGH,10/12/2015 15:08:00,,2682.00,1836.00,520.00,306.00,171.00,214.00,132.00,62.00,APPROVED
PA: PITTSBURGH,10/12/2015 16:09:00,,2483.00,1699.00,486.00,274.00,166.00,200.00,128.00,62.00,APPROVED
PA: PITTSBURGH,10/12/2015 17:09:00,,2398.00,1617.00,471.00,266.00,162.00,191.00,127.00,63.00,APPROVED
PA: PITTSBURGH,10/12/2015 18:09:00,,2294.00,1556.00,469.00,263.00,162.00,191.00,128.00,62.00,APPROVED
PA: PITTSBURGH,10/12/2015 19:09:00,,2234.00,1507.00,460.00,251.00,162.00,195.00,129.00,63.00,APPROVED
PA: PITTSBURGH,10/12/2015 21:10:00,,2394.00,1612.00,463.00,268.00,157.00,188.00,128.00,64.00,APPROVED
PA: PITTSBURGH,10/12/2015 22:10:00,,2240.00,1493.00,452.00,250.00,158.00,182.00,124.00,61.00,APPROVED
PA: PITTSBURGH,10/12/2015 23:10:00,,2229.00,1470.00,443.00,244.00,153.00,180.00,124.00,62.00,APPROVED
PA: PITTSBURGH,10/13/2015 00:10:00,,2243.00,1467.00,444.00,239.00,153.00,180.00,123.00,61.00,APPROVED
PA: PITTSBURGH,10/13/2015 01:10:00,,2258.00,1476.00,451.00,241.00,153.00,179.00,123.00,61.00,APPROVED
PA: PITTSBURGH,10/13/2015 02:11:00,,2265.00,1490.00,448.00,242.00,152.00,178.00,121.00,62.00,APPROVED
PA: PITTSBURGH,10/13/2015 03:11:00,,2374.00,1589.00,469.00,261.00,159.00,190.00,127.00,62.00,APPROVED
PA: PITTSBURGH,10/13/2015 04:11:00,,2479.00,1679.00,495.00,280.00,167.00,197.00,131.00,63.00,APPROVED
PA: PITTSBURGH,10/13/2015 05:11:00,,2530.00,1721.00,489.00,282.00,164.00,200.00,132.00,61.00,APPROVED
PA: PITTSBURGH,10/13/2015 06:11:00,,2890.00,2063.00,573.00,345.00,190.00,237.00,147.00,67.00,APPROVED
PA: PITTSBURGH,10/13/2015 07:12:00,,2906.00,2076.00,591.00,357.00,191.00,242.00,150.00,67.00,APPROVED
PA: PITTSBURGH,10/13/2015 08:12:00,,2770.00,1931.00,559.00,324.00,182.00,226.00,141.00,64.00,APPROVED
PA: PITTSBURGH,10/13/2015 09:12:00,,2557.00,1727.00,499.00,281.00,165.00,203.00,130.00,63.00,APPROVED
PA: PITTSBURGH,10/13/2015 10:12:00,,2521.00,1692.00,485.00,274.00,161.00,195.00,128.00,64.00,APPROVED
PA: PITTSBURGH,10/13/2015 11:12:00,,2534.00,1700.00,485.00,275.00,162.00,198.00,128.00,62.00,APPROVED
PA: PITTSBURGH,10/13/2015 12:13:00,,2541.00,1710.00,489.00,284.00,167.00,200.00,128.00,63.00,APPROVED
PA: PITTSBURGH,10/13/2015 13:13:00,,2542.00,1735.00,499.00,287.00,163.00,203.00,130.00,64.00,APPROVED
PA: PITTSBURGH,10/13/2015 14:13:00,,2511.00,1709.00,495.00,285.00,168.00,204.00,133.00,64.00,APPROVED
PA: PITTSBURGH,10/13/2015 15:13:00,,2453.00,1680.00,486.00,280.00,163.00,200.00,130.00,61.00,APPROVED
PA: PITTSBURGH,10/13/2015 16:13:00,,2411.00,1635.00,481.00,268.00,162.00,194.00,129.00,64.00,APPROVED
PA: PITTSBURGH,10/13/2015 17:14:00,,2408.00,1616.00,469.00,268.00,161.00,193.00,126.00,63.00,APPROVED
PA: PITTSBURGH,10/13/2015 18:14:00,,2423.00,1627.00,474.00,264.00,162.00,194.00,129.00,63.00,APPROVED
PA: PITTSBURGH,10/13/2015 19:14:00,,2443.00,1644.00,479.00,270.00,159.00,195.00,128.00,62.00,APPROVED
PA: PITTSBURGH,10/13/2015 20:14:00,,2527.00,1731.00,497.00,284.00,167.00,203.00,132.00,61.00,APPROVED
PA: PITTSBURGH,10/13/2015 21:14:00,,2550.00,1728.00,504.00,281.00,165.00,200.00,130.00,63.00,APPROVED
PA: PITTSBURGH,10/13/2015 22:15:00,,2472.00,1664.00,486.00,269.00,165.00,196.00,125.00,61.00,APPROVED
PA: PITTSBURGH,10/13/2015 23:15:00,,2467.00,1646.00,467.00,263.00,158.00,193.00,126.00,63.00,APPROVED
PA: PITTSBURGH,10/14/2015 00:15:00,,2446.00,1634.00,467.00,256.00,154.00,185.00,122.00,61.00,APPROVED
PA: PITTSBURGH,10/14/2015 01:15:00,,2446.00,1606.00,458.00,247.00,153.00,180.00,120.00,59.00,APPROVED
PA: PITTSBURGH,10/14/2015 02:15:00,,2455.00,1612.00,460.00,248.00,153.00,179.00,119.00,60.00,APPROVED
PA: PITTSBURGH,10/14/2015 03:16:00,,2462.00,1613.00,458.00,247.00,152.00,182.00,118.00,59.00,APPROVED
PA: PITTSBURGH,10/14/2015 04:16:00,,2473.00,1625.00,457.00,247.00,154.00,179.00,116.00,59.00,APPROVED
PA: PITTSBURGH,10/14/2015 05:16:00,,2497.00,1638.00,466.00,252.00,152.00,184.00,118.00,61.00,APPROVED
PA: PITTSBURGH,10/14/2015 06:16:00,,2535.00,1665.00,472.00,259.00,157.00,184.00,120.00,60.00,APPROVED
PA: PITTSBURGH,10/14/2015 07:16:00,,2556.00,1672.00,471.00,258.00,155.00,186.00,118.00,61.00,APPROVED
PA: PITTSBURGH,10/14/2015 08:17:00,,2576.00,1695.00,478.00,263.00,157.00,189.00,121.00,61.00,APPROVED
PA: PITTSBURGH,10/14/2015 09:17:00,,2585.00,1706.00,488.00,262.00,157.00,189.00,121.00,61.00,APPROVED
PA: PITTSBURGH,10/14/2015 10:17:00,,2592.00,1725.00,485.00,268.00,159.00,189.00,121.00,61.00,APPROVED
PA: PITTSBURGH,10/14/2015 11:17:00,,2565.00,1700.00,476.00,263.00,159.00,189.00,119.00,61.00,APPROVED
PA: PITTSBURGH,10/14/2015 12:17:00,,2546.00,1676.00,472.00,260.00,153.00,187.00,119.00,61.00,APPROVED
PA: PITTSBURGH,10/14/2015 13:18:00,,2534.00,1660.00,470.00,255.00,158.00,187.00,116.00,63.00,APPROVED
PA: PITTSBURGH,10/14/2015 14:18:00,,2497.00,1635.00,465.00,254.00,156.00,185.00,116.00,59.00,APPROVED
PA: PITTSBURGH,10/14/2015 15:18:00,,2429.00,1619.00,464.00,246.00,155.00,184.00,118.00,62.00,APPROVED
PA: PITTSBURGH,10/14/2015 16:18:00,,2363.00,1561.00,450.00,245.00,154.00,179.00,116.00,60.00,APPROVED
PA: PITTSBURGH,10/14/2015 17:18:00,,2375.00,1534.00,452.00,237.00,151.00,177.00,115.00,59.00,APPROVED
PA: PITTSBURGH,10/14/2015 18:19:00,,2346.00,1535.00,446.00,237.00,151.00,176.00,116.00,60.00,APPROVED
PA: PITTSBURGH,10/14/2015 19:19:00,,2340.00,1512.00,438.00,235.00,148.00,174.00,118.00,60.00,APPROVED
PA: PITTSBURGH,10/14/2015 20:19:00,,2365.00,1541.00,443.00,240.00,149.00,178.00,118.00,59.00,APPROVED
PA: PITTSBURGH,10/14/2015 21:19:00,,2405.00,1555.00,444.00,239.00,152.00,174.00,119.00,59.00,APPROVED
PA: PITTSBURGH,10/14/2015 22:19:00,,2401.00,1545.00,450.00,238.00,149.00,174.00,116.00,59.00,APPROVED
PA: PITTSBURGH,10/17/2015 01:51:00,,2614.00,1645.00,441.00,226.00,147.00,168.00,108.00,56.00,APPROVED
PA: PITTSBURGH,10/17/2015 02:52:00,,2585.00,1645.00,444.00,233.00,147.00,170.00,107.00,58.00,APPROVED
PA: PITTSBURGH,10/17/2015 03:52:00,,2605.00,1641.00,449.00,237.00,148.00,172.00,111.00,59.00,APPROVED
PA: PITTSBURGH,10/17/2015 04:52:00,,2631.00,1660.00,456.00,238.00,149.00,176.00,108.00,57.00,APPROVED
PA: PITTSBURGH,10/17/2015 05:52:00,,2657.00,1689.00,458.00,244.00,150.00,178.00,108.00,58.00,APPROVED
PA: PITTSBURGH,10/17/2015 06:52:00,,2686.00,1727.00,466.00,241.00,152.00,182.00,108.00,59.00,APPROVED
PA: PITTSBURGH,10/17/2015 07:53:00,,2691.00,1723.00,461.00,246.00,151.00,184.00,109.00,59.00,APPROVED
PA: PITTSBURGH,10/17/2015 08:53:00,,2701.00,1736.00,474.00,250.00,156.00,189.00,110.00,59.00,APPROVED
PA: PITTSBURGH,10/17/2015 09:53:00,,2712.00,1734.00,472.00,248.00,154.00,185.00,111.00,59.00,APPROVED
PA: PITTSBURGH,10/17/2015 10:53:00,,2745.00,1756.00,471.00,247.00,155.00,187.00,110.00,61.00,APPROVED
PA: PITTSBURGH,10/17/2015 11:53:00,,2726.00,1762.00,476.00,254.00,156.00,184.00,113.00,60.00,APPROVED
PA: PITTSBURGH,10/17/2015 12:54:00,,2701.00,1748.00,472.00,251.00,157.00,186.00,109.00,58.00,APPROVED
PA: PITTSBURGH,10/17/2015 14:54:00,,2632.00,1660.00,458.00,235.00,146.00,178.00,109.00,57.00,APPROVED
PA: PITTSBURGH,10/17/2015 15:54:00,,2586.00,1639.00,444.00,232.00,148.00,174.00,107.00,59.00,APPROVED
PA: PITTSBURGH,10/17/2015 16:54:00,,2559.00,1604.00,443.00,224.00,143.00,171.00,106.00,57.00,APPROVED
PA: PITTSBURGH,10/17/2015 17:55:00,,2527.00,1587.00,438.00,224.00,145.00,169.00,105.00,58.00,APPROVED
PA: PITTSBURGH,10/17/2015 18:55:00,,2528.00,1594.00,432.00,221.00,142.00,166.00,105.00,57.00,APPROVED
PA: PITTSBURGH,10/17/2015 19:55:00,,2531.00,1595.00,436.00,221.00,142.00,165.00,106.00,58.00,APPROVED
PA: PITTSBURGH,10/17/2015 20:55:00,,2558.00,1591.00,437.00,221.00,145.00,170.00,103.00,57.00,APPROVED
PA: PITTSBURGH,10/17/2015 21:55:00,,2564.00,1593.00,435.00,223.00,142.00,166.00,103.00,56.00,APPROVED
PA: PITTSBURGH,10/17/2015 22:56:00,,2561.00,1609.00,433.00,223.00,139.00,167.00,104.00,57.00,APPROVED
PA: PITTSBURGH,10/17/2015 23:56:00,,2599.00,1616.00,435.00,222.00,145.00,171.00,103.00,56.00,APPROVED
PA: PITTSBURGH,10/18/2015 00:56:00,,2617.00,1622.00,443.00,222.00,145.00,171.00,101.00,56.00,APPROVED
PA: PITTSBURGH,10/18/2015 01:56:00,,2677.00,1665.00,444.00,225.00,146.00,173.00,102.00,58.00,APPROVED
PA: PITTSBURGH,10/18/2015 02:56:00,,2708.00,1687.00,461.00,230.00,146.00,177.00,102.00,59.00,APPROVED
PA: PITTSBURGH,10/18/2015 03:57:00,,2744.00,1717.00,462.00,235.00,150.00,177.00,102.00,57.00,APPROVED
PA: PITTSBURGH,10/18/2015 04:57:00,,2775.00,1741.00,469.00,238.00,151.00,181.00,104.00,61.00,APPROVED
PA: PITTSBURGH,10/18/2015 05:57:00,,2786.00,1766.00,476.00,241.00,150.00,186.00,107.00,59.00,APPROVED
PA: PITTSBURGH,10/18/2015 06:57:00,,2826.00,1793.00,479.00,250.00,156.00,189.00,106.00,59.00,APPROVED
PA: PITTSBURGH,10/18/2015 07:57:00,,2860.00,1823.00,491.00,257.00,159.00,190.00,107.00,60.00,APPROVED
PA: PITTSBURGH,10/18/2015 08:58:00,,2858.00,1822.00,484.00,255.00,159.00,193.00,107.00,58.00,APPROVED
PA: PITTSBURGH,10/18/2015 09:58:00,,2888.00,1843.00,493.00,259.00,160.00,193.00,104.00,60.00,APPROVED
PA: PITTSBURGH,10/18/2015 10:58:00,,2868.00,1845.00,486.00,253.00,154.00,194.00,107.00,59.00,APPROVED
PA: PITTSBURGH,10/18/2015 11:58:00,,2866.00,1848.00,486.00,256.00,157.00,195.00,106.00,58.00,APPROVED
PA: PITTSBURGH,10/18/2015 12:58:00,,2898.00,1872.00,494.00,264.00,156.00,197.00,108.00,60.00,APPROVED
PA: PITTSBURGH,10/18/2015 13:59:00,,2923.00,1887.00,500.00,265.00,159.00,202.00,109.00,61.00,APPROVED
PA: PITTSBURGH,10/18/2015 14:59:00,,2915.00,1882.00,498.00,267.00,159.00,198.00,109.00,61.00,APPROVED
PA: PITTSBURGH,10/18/2015 15:59:00,,2759.00,1790.00,481.00,251.00,157.00,190.00,110.00,61.00,APPROVED
PA: PITTSBURGH,10/18/2015 16:59:00,,2671.00,1702.00,462.00,247.00,155.00,180.00,112.00,58.00,APPROVED
PA: PITTSBURGH,10/18/2015 17:59:00,,2760.00,1781.00,483.00,254.00,156.00,188.00,109.00,59.00,APPROVED
PA: PITTSBURGH,10/18/2015 19:00:00,,2762.00,1793.00,482.00,259.00,158.00,186.00,111.00,61.00,APPROVED
PA: PITTSBURGH,10/18/2015 20:00:00,,2774.00,1783.00,482.00,255.00,153.00,189.00,110.00,60.00,APPROVED
PA: PITTSBURGH,10/18/2015 21:00:00,,2672.00,1682.00,455.00,234.00,148.00,175.00,106.00,61.00,APPROVED
PA: PITTSBURGH,10/18/2015 22:00:00,,2600.00,1646.00,449.00,226.00,145.00,172.00,103.00,57.00,APPROVED
PA: PITTSBURGH,10/18/2015 23:00:00,,2606.00,1625.00,439.00,226.00,148.00,170.00,105.00,58.00,APPROVED
PA: PITTSBURGH,10/19/2015 00:01:00,,2623.00,1637.00,440.00,226.00,147.00,167.00,103.00,57.00,APPROVED
PA: PITTSBURGH,10/19/2015 01:01:00,,2679.00,1668.00,451.00,229.00,146.00,175.00,101.00,58.00,APPROVED
PA: PITTSBURGH,10/19/2015 02:01:00,,2731.00,1710.00,457.00,231.00,149.00,179.00,101.00,59.00,APPROVED
PA: PITTSBURGH,10/19/2015 03:01:00,,2798.00,1758.00,463.00,237.00,151.00,182.00,101.00,57.00,APPROVED
PA: PITTSBURGH,10/19/2015 04:01:00,,2862.00,1815.00,482.00,248.00,151.00,187.00,103.00,59.00,APPROVED
PA: PITTSBURGH,10/19/2015 05:02:00,,2899.00,1859.00,484.00,254.00,160.00,195.00,104.00,58.00,APPROVED
PA: PITTSBURGH,10/19/2015 06:02:00,,2979.00,1926.00,502.00,265.00,159.00,199.00,108.00,62.00,APPROVED
PA: PITTSBURGH,10/19/2015 07:02:00,,3061.00,2000.00,528.00,284.00,166.00,210.00,110.00,62.00,APPROVED
PA: PITTSBURGH,10/19/2015 08:02:00,,3143.00,2060.00,538.00,290.00,168.00,218.00,113.00,63.00,APPROVED
PA: PITTSBURGH,10/19/2015 09:02:00,,3191.00,2127.00,561.00,305.00,174.00,224.00,117.00,64.00,APPROVED
PA: PITTSBURGH,10/19/2015 10:03:00,,3235.00,2176.00,568.00,315.00,180.00,235.00,119.00,66.00,APPROVED
PA: PITTSBURGH,10/19/2015 11:03:00,,3311.00,2251.00,600.00,334.00,182.00,247.00,125.00,63.00,APPROVED
PA: PITTSBURGH,10/19/2015 12:03:00,,3346.00,2301.00,616.00,342.00,191.00,252.00,128.00,67.00,APPROVED
PA: PITTSBURGH,10/19/2015 13:03:00,,3288.00,2262.00,606.00,339.00,190.00,253.00,129.00,64.00,APPROVED
PA: PITTSBURGH,10/19/2015 14:03:00,,3070.00,2093.00,564.00,313.00,178.00,237.00,120.00,63.00,APPROVED
PA: PITTSBURGH,10/19/2015 15:04:00,,2925.00,1927.00,522.00,282.00,168.00,210.00,116.00,62.00,APPROVED
PA: PITTSBURGH,10/19/2015 16:04:00,,2758.00,1801.00,490.00,264.00,160.00,193.00,115.00,60.00,APPROVED
PA: PITTSBURGH,10/19/2015 17:04:00,,2662.00,1743.00,479.00,256.00,157.00,191.00,117.00,59.00,APPROVED
PA: PITTSBURGH,10/19/2015 18:04:00,,2560.00,1678.00,464.00,250.00,156.00,185.00,119.00,62.00,APPROVED
PA: PITTSBURGH,10/19/2015 19:04:00,,2377.00,1561.00,449.00,244.00,150.00,181.00,120.00,62.00,APPROVED
PA: PITTSBURGH,10/19/2015 20:05:00,,2343.00,1539.00,448.00,238.00,150.00,177.00,119.00,60.00,APPROVED
PA: PITTSBURGH,10/19/2015 21:05:00,,2403.00,1557.00,451.00,241.00,153.00,178.00,118.00,60.00,APPROVED
PA: PITTSBURGH,10/19/2015 22:05:00,,2436.00,1573.00,452.00,243.00,152.00,179.00,119.00,60.00,APPROVED
PA: PITTSBURGH,10/19/2015 23:05:00,,2456.00,1598.00,460.00,247.00,154.00,183.00,119.00,60.00,APPROVED
PA: PITTSBURGH,10/20/2015 00:05:00,,2500.00,1639.00,462.00,254.00,155.00,181.00,119.00,60.00,APPROVED
PA: PITTSBURGH,10/20/2015 01:06:00,,2552.00,1658.00,471.00,254.00,154.00,182.00,121.00,61.00,APPROVED
PA: PITTSBURGH,10/20/2015 02:06:00,,2583.00,1683.00,474.00,253.00,157.00,184.00,121.00,57.00,APPROVED
PA: PITTSBURGH,10/20/2015 03:06:00,,2609.00,1701.00,475.00,258.00,156.00,186.00,120.00,62.00,APPROVED
PA: PITTSBURGH,10/20/2015 04:06:00,,2647.00,1731.00,482.00,255.00,155.00,190.00,117.00,61.00,APPROVED
PA: PITTSBURGH,10/20/2015 05:06:00,,2676.00,1756.00,479.00,259.00,158.00,190.00,121.00,62.00,APPROVED
PA: PITTSBURGH,10/20/2015 06:07:00,,2691.00,1772.00,487.00,263.00,159.00,189.00,119.00,62.00,APPROVED
PA: PITTSBURGH,10/20/2015 07:07:00,,2749.00,1808.00,486.00,269.00,161.00,192.00,120.00,60.00,APPROVED
PA: PITTSBURGH,10/20/2015 08:07:00,,2742.00,1811.00,492.00,270.00,164.00,194.00,119.00,62.00,APPROVED
PA: PITTSBURGH,10/20/2015 09:07:00,,2754.00,1821.00,493.00,271.00,163.00,195.00,121.00,61.00,APPROVED
PA: PITTSBURGH,10/20/2015 10:07:00,,2769.00,1832.00,495.00,270.00,163.00,196.00,119.00,61.00,APPROVED
PA: PITTSBURGH,10/20/2015 11:08:00,,2798.00,1849.00,505.00,274.00,160.00,199.00,121.00,62.00,APPROVED
PA: PITTSBURGH,10/20/2015 12:08:00,,2788.00,1868.00,506.00,277.00,164.00,197.00,123.00,60.00,APPROVED
PA: PITTSBURGH,10/20/2015 13:08:00,,2787.00,1863.00,503.00,280.00,162.00,198.00,124.00,62.00,APPROVED
PA: PITTSBURGH,10/20/2015 14:08:00,,2752.00,1841.00,505.00,275.00,166.00,203.00,123.00,61.00,APPROVED
PA: PITTSBURGH,10/20/2015 15:08:00,,2671.00,1789.00,496.00,281.00,165.00,198.00,124.00,62.00,APPROVED
PA: PITTSBURGH,10/20/2015 16:09:00,,2531.00,1696.00,486.00,268.00,164.00,195.00,125.00,61.00,APPROVED
PA: PITTSBURGH,10/20/2015 16:52:00,,2484.00,1671.00,481.00,267.00,160.00,195.00,128.00,61.00,APPROVED
PA: PITTSBURGH,10/20/2015 17:59:00,,2444.00,1573.00,447.00,238.00,153.00,173.00,116.00,58.00,APPROVED
PA: PITTSBURGH,10/20/2015 18:59:00,,2272.00,1487.00,448.00,240.00,153.00,176.00,122.00,59.00,APPROVED
PA: PITTSBURGH,10/20/2015 20:00:00,,2226.00,1451.00,443.00,238.00,156.00,181.00,124.00,58.00,APPROVED
PA: PITTSBURGH,10/20/2015 21:00:00,,2259.00,1475.00,444.00,241.00,151.00,176.00,123.00,59.00,APPROVED
PA: PITTSBURGH,10/20/2015 22:00:00,,2265.00,1480.00,445.00,243.00,153.00,182.00,122.00,59.00,APPROVED
PA: PITTSBURGH,10/20/2015 23:00:00,,2281.00,1491.00,445.00,242.00,157.00,181.00,121.00,60.00,APPROVED
PA: PITTSBURGH,10/21/2015 00:00:00,,2330.00,1520.00,445.00,242.00,154.00,183.00,123.00,60.00,APPROVED
PA: PITTSBURGH,10/21/2015 01:01:00,,2387.00,1560.00,449.00,244.00,152.00,181.00,121.00,60.00,APPROVED
PA: PITTSBURGH,10/21/2015 02:01:00,,2479.00,1616.00,460.00,253.00,156.00,182.00,120.00,59.00,APPROVED
PA: PITTSBURGH,10/21/2015 03:01:00,,2610.00,1706.00,475.00,257.00,159.00,187.00,123.00,59.00,APPROVED
PA: PITTSBURGH,10/21/2015 04:01:00,,2688.00,1784.00,491.00,273.00,163.00,197.00,126.00,61.00,APPROVED
PA: PITTSBURGH,10/21/2015 05:01:00,,2798.00,1860.00,507.00,287.00,167.00,205.00,127.00,62.00,APPROVED
PA: PITTSBURGH,10/21/2015 06:02:00,,2874.00,1949.00,528.00,301.00,170.00,210.00,128.00,62.00,APPROVED
PA: PITTSBURGH,10/21/2015 07:02:00,,2942.00,2033.00,545.00,309.00,176.00,219.00,132.00,63.00,APPROVED
PA: PITTSBURGH,10/21/2015 08:02:00,,3010.00,2079.00,558.00,325.00,182.00,226.00,136.00,64.00,APPROVED
PA: PITTSBURGH,10/21/2015 09:02:00,,3062.00,2128.00,573.00,330.00,185.00,234.00,136.00,66.00,APPROVED
PA: PITTSBURGH,10/21/2015 10:02:00,,3132.00,2189.00,583.00,345.00,187.00,241.00,141.00,67.00,APPROVED
PA: PITTSBURGH,10/21/2015 11:03:00,,3183.00,2249.00,598.00,359.00,191.00,246.00,144.00,66.00,APPROVED
PA: PITTSBURGH,10/21/2015 12:03:00,,3208.00,2291.00,597.00,365.00,195.00,252.00,145.00,69.00,APPROVED
PA: PITTSBURGH,10/21/2015 13:03:00,,3261.00,2315.00,618.00,371.00,197.00,258.00,146.00,69.00,APPROVED
PA: PITTSBURGH,10/21/2015 14:03:00,,3188.00,2304.00,616.00,378.00,200.00,258.00,149.00,68.00,APPROVED
PA: PITTSBURGH,10/21/2015 15:03:00,,2978.00,2135.00,589.00,354.00,189.00,247.00,144.00,68.00,APPROVED
PA: PITTSBURGH,10/21/2015 16:04:00,,2701.00,1893.00,536.00,318.00,179.00,225.00,140.00,66.00,APPROVED
PA: PITTSBURGH,10/21/2015 17:04:00,,2456.00,1657.00,485.00,274.00,163.00,196.00,131.00,63.00,APPROVED
PA: PITTSBURGH,10/21/2015 18:04:00,,2332.00,1553.00,463.00,256.00,157.00,191.00,123.00,63.00,APPROVED
PA: PITTSBURGH,10/21/2015 19:04:00,,2198.00,1453.00,453.00,243.00,155.00,180.00,126.00,61.00,APPROVED
PA: PITTSBURGH,10/21/2015 20:04:00,,2158.00,1428.00,442.00,234.00,153.00,182.00,126.00,62.00,APPROVED
PA: PITTSBURGH,10/21/2015 21:05:00,,2197.00,1441.00,440.00,239.00,152.00,180.00,124.00,61.00,APPROVED
PA: PITTSBURGH,10/21/2015 22:05:00,,2197.00,1444.00,441.00,240.00,153.00,178.00,124.00,62.00,APPROVED
PA: PITTSBURGH,10/21/2015 23:05:00,,2240.00,1461.00,442.00,240.00,152.00,176.00,122.00,60.00,APPROVED
PA: PITTSBURGH,10/22/2015 00:05:00,,2336.00,1528.00,449.00,245.00,150.00,180.00,125.00,62.00,APPROVED
PA: PITTSBURGH,10/22/2015 01:05:00,,2455.00,1628.00,464.00,257.00,156.00,183.00,125.00,60.00,APPROVED
PA: PITTSBURGH,10/22/2015 02:06:00,,2571.00,1709.00,483.00,268.00,162.00,194.00,125.00,62.00,APPROVED
PA: PITTSBURGH,10/22/2015 03:06:00,,2656.00,1795.00,499.00,283.00,164.00,202.00,128.00,62.00,APPROVED
PA: PITTSBURGH,10/22/2015 04:06:00,,2710.00,1854.00,514.00,291.00,172.00,206.00,131.00,63.00,APPROVED
PA: PITTSBURGH,10/22/2015 05:06:00,,2767.00,1907.00,521.00,304.00,174.00,215.00,133.00,65.00,APPROVED
PA: PITTSBURGH,10/22/2015 06:06:00,,2819.00,1950.00,540.00,312.00,173.00,217.00,136.00,67.00,APPROVED
PA: PITTSBURGH,10/22/2015 07:07:00,,2822.00,1972.00,543.00,319.00,182.00,225.00,139.00,66.00,APPROVED
PA: PITTSBURGH,10/22/2015 08:07:00,,2814.00,1974.00,549.00,322.00,180.00,225.00,140.00,66.00,APPROVED
PA: PITTSBURGH,10/22/2015 09:07:00,,2815.00,1971.00,548.00,327.00,184.00,227.00,140.00,67.00,APPROVED
PA: PITTSBURGH,10/22/2015 10:07:00,,2793.00,1974.00,542.00,326.00,180.00,225.00,142.00,68.00,APPROVED
PA: PITTSBURGH,10/22/2015 11:07:00,,2746.00,1911.00,536.00,311.00,175.00,221.00,139.00,65.00,APPROVED
PA: PITTSBURGH,10/22/2015 12:08:00,,2705.00,1856.00,519.00,301.00,172.00,211.00,134.00,66.00,APPROVED
PA: PITTSBURGH,10/22/2015 13:08:00,,2664.00,1825.00,511.00,294.00,173.00,208.00,131.00,63.00,APPROVED
PA: PITTSBURGH,10/22/2015 14:08:00,,2614.00,1794.00,510.00,286.00,167.00,210.00,134.00,64.00,APPROVED
PA: PITTSBURGH,10/22/2015 15:08:00,,2500.00,1702.00,492.00,276.00,166.00,203.00,131.00,64.00,APPROVED
PA: PITTSBURGH,10/22/2015 16:08:00,,2387.00,1614.00,477.00,267.00,160.00,198.00,128.00,62.00,APPROVED
PA: PITTSBURGH,10/22/2015 17:09:00,,2324.00,1568.00,473.00,265.00,161.00,192.00,132.00,63.00,APPROVED
PA: PITTSBURGH,10/22/2015 18:09:00,,2290.00,1545.00,469.00,258.00,162.00,189.00,130.00,64.00,APPROVED
PA: PITTSBURGH,10/22/2015 19:09:00,,2316.00,1569.00,476.00,262.00,165.00,195.00,131.00,63.00,APPROVED
PA: PITTSBURGH,10/22/2015 20:09:00,,2628.00,1850.00,547.00,319.00,182.00,229.00,145.00,68.00,APPROVED
PA: PITTSBURGH,10/22/2015 21:09:00,,2986.00,2179.00,618.00,377.00,202.00,255.00,158.00,72.00,APPROVED
PA: PITTSBURGH,10/22/2015 22:10:00,,2764.00,1927.00,562.00,335.00,188.00,234.00,147.00,67.00,APPROVED
PA: PITTSBURGH,10/22/2015 23:10:00,,2595.00,1783.00,520.00,305.00,172.00,212.00,134.00,65.00,APPROVED
PA: PITTSBURGH,10/23/2015 00:10:00,,2580.00,1773.00,516.00,296.00,172.00,212.00,138.00,63.00,APPROVED
PA: PITTSBURGH,10/23/2015 01:10:00,,2599.00,1788.00,518.00,302.00,173.00,214.00,135.00,64.00,APPROVED
PA: PITTSBURGH,10/23/2015 02:10:00,,2665.00,1873.00,532.00,314.00,176.00,222.00,142.00,67.00,APPROVED
PA: PITTSBURGH,10/23/2015 03:11:00,,2701.00,1908.00,543.00,321.00,181.00,223.00,141.00,69.00,APPROVED
PA: PITTSBURGH,10/23/2015 04:11:00,,2733.00,1930.00,538.00,324.00,181.00,226.00,143.00,66.00,APPROVED
PA: PITTSBURGH,10/23/2015 05:11:00,,2786.00,1965.00,549.00,332.00,181.00,228.00,140.00,66.00,APPROVED
PA: PITTSBURGH,10/23/2015 06:11:00,,2860.00,2041.00,561.00,343.00,183.00,231.00,141.00,66.00,APPROVED
PA: PITTSBURGH,10/23/2015 07:11:00,,2932.00,2114.00,576.00,355.00,192.00,244.00,146.00,70.00,APPROVED
PA: PITTSBURGH,10/23/2015 08:12:00,,2938.00,2142.00,577.00,363.00,193.00,247.00,146.00,68.00,APPROVED
PA: PITTSBURGH,10/23/2015 09:12:00,,2955.00,2143.00,585.00,359.00,193.00,246.00,146.00,68.00,APPROVED
PA: PITTSBURGH,10/23/2015 10:12:00,,2923.00,2120.00,582.00,354.00,189.00,241.00,143.00,68.00,APPROVED
PA: PITTSBURGH,10/23/2015 11:12:00,,2943.00,2122.00,571.00,346.00,187.00,244.00,142.00,67.00,APPROVED
PA: PITTSBURGH,10/23/2015 12:12:00,,2971.00,2122.00,573.00,348.00,185.00,238.00,143.00,67.00,APPROVED
PA: PITTSBURGH,10/23/2015 13:13:00,,3011.00,2153.00,579.00,354.00,189.00,243.00,142.00,68.00,APPROVED
PA: PITTSBURGH,10/23/2015 14:13:00,,2970.00,2142.00,580.00,352.00,191.00,247.00,145.00,70.00,APPROVED
PA: PITTSBURGH,10/23/2015 15:13:00,,2794.00,1974.00,540.00,320.00,178.00,226.00,134.00,66.00,APPROVED
PA: PITTSBURGH,10/23/2015 16:13:00,,2646.00,1789.00,494.00,274.00,162.00,198.00,124.00,64.00,APPROVED
PA: PITTSBURGH,10/23/2015 17:13:00,,2516.00,1673.00,469.00,253.00,154.00,186.00,120.00,62.00,APPROVED
PA: PITTSBURGH,10/23/2015 18:14:00,,2409.00,1556.00,447.00,238.00,152.00,176.00,118.00,61.00,APPROVED
PA: PITTSBURGH,10/23/2015 20:14:00,,2252.00,1453.00,432.00,233.00,144.00,168.00,116.00,59.00,APPROVED
PA: PITTSBURGH,10/23/2015 21:14:00,,2304.00,1486.00,433.00,231.00,146.00,171.00,118.00,59.00,APPROVED
PA: PITTSBURGH,10/23/2015 22:14:00,,2326.00,1517.00,438.00,231.00,148.00,172.00,117.00,59.00,APPROVED
PA: PITTSBURGH,10/23/2015 23:15:00,,2380.00,1547.00,440.00,232.00,150.00,172.00,118.00,60.00,APPROVED
PA: PITTSBURGH,10/24/2015 00:15:00,,2472.00,1608.00,459.00,243.00,150.00,175.00,117.00,59.00,APPROVED
PA: PITTSBURGH,10/24/2015 01:15:00,,2580.00,1685.00,466.00,253.00,154.00,182.00,118.00,61.00,APPROVED
PA: PITTSBURGH,10/24/2015 02:15:00,,2664.00,1750.00,483.00,259.00,159.00,189.00,121.00,62.00,APPROVED
PA: PITTSBURGH,10/24/2015 03:15:00,,2752.00,1826.00,496.00,269.00,160.00,196.00,122.00,62.00,APPROVED
PA: PITTSBURGH,10/24/2015 04:16:00,,2772.00,1855.00,505.00,279.00,164.00,203.00,124.00,62.00,APPROVED
PA: PITTSBURGH,10/24/2015 05:16:00,,2757.00,1849.00,508.00,281.00,163.00,201.00,124.00,62.00,APPROVED
PA: PITTSBURGH,10/24/2015 06:16:00,,2749.00,1837.00,507.00,282.00,166.00,199.00,123.00,62.00,APPROVED
PA: PITTSBURGH,10/24/2015 07:16:00,,2739.00,1834.00,502.00,276.00,166.00,198.00,124.00,62.00,APPROVED
PA: PITTSBURGH,10/24/2015 08:16:00,,2787.00,1888.00,514.00,290.00,165.00,206.00,126.00,64.00,APPROVED
PA: PITTSBURGH,10/24/2015 09:17:00,,2826.00,1935.00,527.00,299.00,173.00,211.00,129.00,64.00,APPROVED
PA: PITTSBURGH,10/24/2015 10:17:00,,2838.00,1940.00,531.00,299.00,174.00,213.00,131.00,63.00,APPROVED
PA: PITTSBURGH,10/24/2015 11:17:00,,2852.00,1976.00,536.00,310.00,176.00,215.00,135.00,64.00,APPROVED
PA: PITTSBURGH,10/24/2015 12:17:00,,2860.00,1986.00,545.00,316.00,178.00,226.00,134.00,64.00,APPROVED
PA: PITTSBURGH,10/24/2015 13:17:00,,2825.00,1965.00,541.00,319.00,177.00,221.00,135.00,65.00,APPROVED
PA: PITTSBURGH,10/24/2015 14:18:00,,2771.00,1923.00,527.00,309.00,177.00,221.00,134.00,64.00,APPROVED
PA: PITTSBURGH,10/24/2015 15:18:00,,2682.00,1830.00,519.00,296.00,171.00,211.00,134.00,66.00,APPROVED
PA: PITTSBURGH,10/24/2015 16:18:00,,2584.00,1763.00,510.00,291.00,170.00,208.00,133.00,64.00,APPROVED
PA: PITTSBURGH,10/24/2015 17:18:00,,2580.00,1781.00,518.00,296.00,175.00,215.00,137.00,66.00,APPROVED
PA: PITTSBURGH,10/24/2015 18:18:00,,2522.00,1771.00,518.00,301.00,179.00,219.00,141.00,66.00,APPROVED
PA: PITTSBURGH,10/24/2015 19:19:00,,2479.00,1738.00,515.00,299.00,175.00,217.00,140.00,66.00,APPROVED
PA: PITTSBURGH,10/24/2015 20:19:00,,2606.00,1847.00,538.00,322.00,178.00,223.00,145.00,67.00,APPROVED
PA: PITTSBURGH,10/24/2015 21:19:00,,2676.00,1907.00,548.00,333.00,187.00,236.00,149.00,70.00,APPROVED
PA: PITTSBURGH,10/24/2015 22:19:00,,2661.00,1870.00,544.00,326.00,181.00,229.00,145.00,67.00,APPROVED
PA: PITTSBURGH,10/24/2015 23:19:00,,2636.00,1845.00,535.00,317.00,176.00,218.00,141.00,66.00,APPROVED
PA: PITTSBURGH,10/25/2015 00:20:00,,2601.00,1807.00,525.00,309.00,173.00,217.00,137.00,65.00,APPROVED
PA: PITTSBURGH,10/25/2015 01:20:00,,2528.00,1744.00,501.00,287.00,167.00,207.00,132.00,64.00,APPROVED
PA: PITTSBURGH,10/25/2015 02:20:00,,2635.00,1842.00,525.00,307.00,174.00,215.00,137.00,66.00,APPROVED
PA: PITTSBURGH,10/25/2015 03:20:00,,2794.00,2000.00,561.00,338.00,186.00,232.00,144.00,67.00,APPROVED
PA: PITTSBURGH,10/25/2015 04:20:00,,2933.00,2106.00,595.00,364.00,193.00,248.00,151.00,70.00,APPROVED
PA: PITTSBURGH,10/25/2015 05:21:00,,2729.00,1928.00,551.00,329.00,183.00,230.00,146.00,68.00,APPROVED
PA: PITTSBURGH,10/25/2015 06:21:00,,2620.00,1825.00,521.00,307.00,175.00,215.00,136.00,65.00,APPROVED
PA: PITTSBURGH,10/25/2015 07:21:00,,3020.00,2200.00,623.00,385.00,202.00,256.00,158.00,70.00,APPROVED
PA: PITTSBURGH,10/25/2015 08:21:00,,2748.00,1918.00,541.00,326.00,181.00,226.00,144.00,65.00,APPROVED
PA: PITTSBURGH,10/25/2015 09:21:00,,2623.00,1804.00,511.00,295.00,169.00,210.00,132.00,65.00,APPROVED
PA: PITTSBURGH,10/25/2015 10:22:00,,2612.00,1778.00,508.00,292.00,171.00,207.00,130.00,64.00,APPROVED
PA: PITTSBURGH,10/25/2015 11:22:00,,2606.00,1786.00,508.00,293.00,166.00,209.00,132.00,64.00,APPROVED
PA: PITTSBURGH,10/25/2015 12:22:00,,2600.00,1782.00,507.00,295.00,171.00,209.00,133.00,64.00,APPROVED
PA: PITTSBURGH,10/25/2015 13:22:00,,2523.00,1718.00,490.00,283.00,165.00,200.00,128.00,62.00,APPROVED
PA: PITTSBURGH,10/25/2015 14:22:00,,2484.00,1642.00,470.00,260.00,158.00,186.00,121.00,63.00,APPROVED
PA: PITTSBURGH,10/25/2015 15:23:00,,2470.00,1632.00,462.00,255.00,152.00,183.00,121.00,61.00,APPROVED
PA: PITTSBURGH,10/25/2015 16:23:00,,2483.00,1622.00,461.00,250.00,151.00,177.00,118.00,61.00,APPROVED
PA: PITTSBURGH,10/25/2015 17:23:00,,2449.00,1596.00,449.00,242.00,150.00,175.00,115.00,61.00,APPROVED
PA: PITTSBURGH,10/25/2015 18:23:00,,2439.00,1585.00,443.00,237.00,147.00,175.00,115.00,58.00,APPROVED
PA: PITTSBURGH,10/25/2015 19:23:00,,2438.00,1563.00,444.00,238.00,149.00,171.00,116.00,58.00,APPROVED
PA: PITTSBURGH,10/25/2015 20:24:00,,2402.00,1537.00,441.00,233.00,146.00,167.00,113.00,58.00,APPROVED
PA: PITTSBURGH,10/25/2015 21:24:00,,2385.00,1530.00,435.00,232.00,149.00,169.00,115.00,58.00,APPROVED
PA: PITTSBURGH,10/25/2015 22:24:00,,2386.00,1545.00,438.00,232.00,145.00,173.00,116.00,61.00,APPROVED
PA: PITTSBURGH,10/25/2015 23:24:00,,2443.00,1572.00,446.00,234.00,149.00,171.00,114.00,59.00,APPROVED
PA: PITTSBURGH,10/26/2015 01:25:00,,2595.00,1690.00,464.00,246.00,152.00,178.00,114.00,61.00,APPROVED
PA: PITTSBURGH,10/26/2015 02:25:00,,2656.00,1748.00,475.00,259.00,155.00,188.00,115.00,62.00,APPROVED
PA: PITTSBURGH,10/26/2015 03:25:00,,2682.00,1756.00,480.00,264.00,156.00,188.00,118.00,61.00,APPROVED
PA: PITTSBURGH,10/26/2015 04:25:00,,2682.00,1764.00,480.00,262.00,158.00,190.00,115.00,60.00,APPROVED
PA: PITTSBURGH,10/26/2015 05:25:00,,2726.00,1785.00,475.00,257.00,157.00,194.00,113.00,60.00,APPROVED
PA: PITTSBURGH,10/26/2015 06:26:00,,2737.00,1802.00,486.00,265.00,158.00,194.00,117.00,62.00,APPROVED
PA: PITTSBURGH,10/26/2015 07:26:00,,2816.00,1886.00,504.00,278.00,162.00,203.00,116.00,62.00,APPROVED
PA: PITTSBURGH,10/26/2015 08:26:00,,2923.00,1975.00,526.00,293.00,170.00,212.00,121.00,63.00,APPROVED
PA: PITTSBURGH,10/26/2015 09:26:00,,2979.00,2029.00,542.00,303.00,172.00,220.00,123.00,63.00,APPROVED
PA: PITTSBURGH,10/26/2015 10:26:00,,3079.00,2126.00,562.00,323.00,180.00,234.00,129.00,65.00,APPROVED
PA: PITTSBURGH,10/26/2015 11:27:00,,3146.00,2224.00,597.00,349.00,187.00,250.00,137.00,64.00,APPROVED
PA: PITTSBURGH,10/26/2015 12:27:00,,3197.00,2339.00,623.00,381.00,198.00,266.00,145.00,68.00,APPROVED
PA: PITTSBURGH,10/26/2015 13:27:00,,3221.00,2364.00,638.00,391.00,207.00,277.00,148.00,68.00,APPROVED
PA: PITTSBURGH,10/26/2015 14:27:00,,3104.00,2250.00,616.00,371.00,195.00,263.00,141.00,70.00,APPROVED
PA: PITTSBURGH,10/26/2015 15:27:00,,2884.00,1992.00,545.00,321.00,179.00,231.00,129.00,65.00,APPROVED
PA: PITTSBURGH,10/26/2015 16:28:00,,2710.00,1820.00,505.00,281.00,166.00,206.00,126.00,62.00,APPROVED
PA: PITTSBURGH,10/26/2015 17:28:00,,2548.00,1678.00,473.00,253.00,155.00,184.00,118.00,59.00,APPROVED
PA: PITTSBURGH,10/26/2015 18:21:00,,2446.00,1588.00,446.00,237.00,150.00,174.00,114.00,59.00,APPROVED
PA: PITTSBURGH,10/26/2015 19:28:00,,2320.00,1472.00,421.00,219.00,141.00,164.00,112.00,58.00,APPROVED
PA: PITTSBURGH,10/26/2015 20:28:00,,2350.00,1500.00,429.00,227.00,144.00,168.00,116.00,57.00,APPROVED
PA: PITTSBURGH,10/26/2015 21:28:00,,2364.00,1511.00,437.00,229.00,145.00,167.00,118.00,57.00,APPROVED
PA: PITTSBURGH,10/26/2015 22:29:00,,2404.00,1524.00,436.00,230.00,145.00,167.00,112.00,60.00,APPROVED
PA: PITTSBURGH,10/26/2015 23:29:00,,2420.00,1550.00,437.00,228.00,147.00,171.00,112.00,57.00,APPROVED
PA: PITTSBURGH,10/27/2015 00:29:00,,2485.00,1589.00,435.00,231.00,150.00,173.00,113.00,58.00,APPROVED
PA: PITTSBURGH,10/27/2015 01:29:00,,2581.00,1638.00,448.00,242.00,152.00,177.00,109.00,58.00,APPROVED
PA: PITTSBURGH,10/27/2015 02:29:00,,2664.00,1730.00,466.00,250.00,150.00,184.00,113.00,60.00,APPROVED
PA: PITTSBURGH,10/27/2015 03:30:00,,2711.00,1751.00,470.00,255.00,156.00,188.00,114.00,60.00,APPROVED
PA: PITTSBURGH,10/27/2015 04:30:00,,2758.00,1786.00,477.00,259.00,157.00,190.00,114.00,60.00,APPROVED
PA: PITTSBURGH,10/27/2015 05:30:00,,2794.00,1823.00,493.00,269.00,159.00,196.00,117.00,60.00,APPROVED
PA: PITTSBURGH,10/27/2015 06:30:00,,2855.00,1877.00,503.00,277.00,163.00,200.00,117.00,59.00,APPROVED
PA: PITTSBURGH,10/27/2015 07:30:00,,2917.00,1945.00,513.00,288.00,168.00,206.00,117.00,61.00,APPROVED
PA: PITTSBURGH,10/27/2015 08:31:00,,2950.00,1978.00,523.00,291.00,170.00,213.00,119.00,62.00,APPROVED
PA: PITTSBURGH,10/27/2015 09:31:00,,2980.00,2003.00,529.00,296.00,170.00,217.00,122.00,64.00,APPROVED
PA: PITTSBURGH,10/27/2015 10:31:00,,2962.00,1988.00,531.00,299.00,170.00,214.00,119.00,60.00,APPROVED
PA: PITTSBURGH,10/27/2015 11:31:00,,2934.00,1950.00,523.00,289.00,169.00,214.00,121.00,63.00,APPROVED
PA: PITTSBURGH,10/27/2015 12:31:00,,2933.00,1950.00,524.00,297.00,170.00,212.00,119.00,63.00,APPROVED
PA: PITTSBURGH,10/27/2015 13:32:00,,2916.00,1960.00,524.00,291.00,170.00,215.00,123.00,63.00,APPROVED
PA: PITTSBURGH,10/27/2015 14:32:00,,2863.00,1933.00,515.00,291.00,165.00,213.00,123.00,63.00,APPROVED
PA: PITTSBURGH,10/27/2015 15:32:00,,2792.00,1878.00,509.00,286.00,167.00,210.00,123.00,62.00,APPROVED
PA: PITTSBURGH,10/27/2015 16:32:00,,2696.00,1805.00,492.00,276.00,162.00,196.00,122.00,61.00,APPROVED
PA: PITTSBURGH,10/27/2015 17:32:00,,2509.00,1647.00,465.00,250.00,155.00,186.00,118.00,60.00,APPROVED
PA: PITTSBURGH,10/27/2015 18:33:00,,2346.00,1520.00,441.00,234.00,149.00,173.00,115.00,58.00,APPROVED
PA: PITTSBURGH,10/27/2015 19:33:00,,2255.00,1452.00,430.00,228.00,148.00,172.00,114.00,57.00,APPROVED
PA: PITTSBURGH,10/27/2015 21:33:00,,2352.00,1502.00,431.00,229.00,146.00,169.00,115.00,58.00,APPROVED
PA: PITTSBURGH,10/27/2015 22:33:00,,2409.00,1544.00,439.00,230.00,148.00,172.00,112.00,59.00,APPROVED
PA: PITTSBURGH,10/27/2015 23:34:00,,2417.00,1559.00,444.00,236.00,149.00,172.00,114.00,58.00,APPROVED
PA: PITTSBURGH,10/28/2015 00:34:00,,2436.00,1564.00,444.00,236.00,149.00,175.00,116.00,57.00,APPROVED
PA: PITTSBURGH,10/28/2015 01:34:00,,2506.00,1626.00,458.00,245.00,155.00,176.00,113.00,59.00,APPROVED
PA: PITTSBURGH,10/28/2015 02:34:00,,2600.00,1689.00,471.00,256.00,153.00,185.00,119.00,60.00,APPROVED
PA: PITTSBURGH,10/28/2015 03:34:00,,2677.00,1770.00,491.00,269.00,162.00,188.00,121.00,61.00,APPROVED
PA: PITTSBURGH,10/28/2015 04:35:00,,2708.00,1810.00,500.00,275.00,162.00,201.00,124.00,61.00,APPROVED
PA: PITTSBURGH,10/28/2015 05:35:00,,2645.00,1746.00,487.00,263.00,158.00,188.00,120.00,60.00,APPROVED
PA: PITTSBURGH,10/28/2015 06:35:00,,2572.00,1687.00,471.00,255.00,156.00,187.00,119.00,60.00,APPROVED
PA: PITTSBURGH,10/28/2015 07:35:00,,2656.00,1761.00,481.00,262.00,161.00,193.00,120.00,59.00,APPROVED
PA: PITTSBURGH,10/28/2015 08:36:00,,2628.00,1729.00,483.00,266.00,155.00,191.00,121.00,61.00,APPROVED
PA: PITTSBURGH,10/28/2015 09:36:00,,2595.00,1720.00,480.00,263.00,157.00,188.00,119.00,59.00,APPROVED
PA: PITTSBURGH,10/28/2015 10:36:00,,2561.00,1691.00,475.00,258.00,156.00,189.00,119.00,59.00,APPROVED
PA: PITTSBURGH,10/28/2015 11:36:00,,2545.00,1663.00,471.00,257.00,155.00,184.00,116.00,58.00,APPROVED
PA: PITTSBURGH,10/28/2015 12:36:00,,2430.00,1546.00,439.00,236.00,147.00,172.00,114.00,58.00,APPROVED
PA: PITTSBURGH,10/28/2015 13:37:00,,2386.00,1534.00,438.00,228.00,145.00,169.00,112.00,57.00,APPROVED
PA: PITTSBURGH,10/28/2015 14:37:00,,2332.00,1499.00,435.00,230.00,144.00,168.00,110.00,58.00,APPROVED
PA: PITTSBURGH,10/28/2015 15:37:00,,2257.00,1446.00,420.00,220.00,143.00,166.00,108.00,56.00,APPROVED
PA: PITTSBURGH,10/28/2015 16:37:00,,2314.00,1515.00,439.00,235.00,147.00,174.00,115.00,59.00,APPROVED
PA: PITTSBURGH,10/28/2015 17:37:00,,2305.00,1490.00,442.00,239.00,145.00,174.00,114.00,59.00,APPROVED
PA: PITTSBURGH,10/28/2015 18:38:00,,2223.00,1435.00,429.00,225.00,145.00,171.00,113.00,57.00,APPROVED
PA: PITTSBURGH,10/28/2015 19:38:00,,2430.00,1638.00,476.00,264.00,160.00,192.00,124.00,60.00,APPROVED
PA: PITTSBURGH,10/28/2015 20:38:00,,2313.00,1533.00,458.00,249.00,155.00,186.00,123.00,60.00,APPROVED
PA: PITTSBURGH,10/28/2015 21:38:00,,2271.00,1484.00,444.00,239.00,152.00,178.00,122.00,59.00,APPROVED
PA: PITTSBURGH,10/28/2015 23:39:00,,2667.00,1871.00,547.00,320.00,181.00,225.00,142.00,67.00,APPROVED
PA: PITTSBURGH,10/29/2015 00:39:00,,2359.00,1575.00,473.00,262.00,159.00,191.00,124.00,60.00,APPROVED
PA: PITTSBURGH,10/29/2015 01:39:00,,2268.00,1490.00,444.00,240.00,150.00,182.00,120.00,58.00,APPROVED
PA: PITTSBURGH,10/29/2015 02:39:00,,2289.00,1488.00,442.00,245.00,150.00,176.00,116.00,59.00,APPROVED
PA: PITTSBURGH,10/29/2015 03:39:00,,2275.00,1484.00,434.00,237.00,148.00,171.00,116.00,59.00,APPROVED
PA: PITTSBURGH,10/29/2015 04:40:00,,2289.00,1486.00,432.00,237.00,147.00,173.00,119.00,58.00,APPROVED
PA: PITTSBURGH,10/29/2015 05:40:00,,2303.00,1512.00,449.00,243.00,151.00,178.00,119.00,60.00,APPROVED
PA: PITTSBURGH,10/29/2015 06:40:00,,2497.00,1698.00,484.00,276.00,163.00,202.00,126.00,62.00,APPROVED
PA: PITTSBURGH,10/29/2015 07:40:00,,2670.00,1846.00,531.00,309.00,175.00,220.00,134.00,63.00,APPROVED
PA: PITTSBURGH,10/29/2015 08:40:00,,2696.00,1877.00,534.00,314.00,176.00,218.00,134.00,63.00,APPROVED
PA: PITTSBURGH,10/29/2015 09:41:00,,2651.00,1825.00,521.00,299.00,169.00,213.00,132.00,63.00,APPROVED
PA: PITTSBURGH,10/29/2015 10:41:00,,2688.00,1837.00,515.00,301.00,174.00,212.00,133.00,62.00,APPROVED
PA: PITTSBURGH,10/29/2015 11:41:00,,2668.00,1821.00,511.00,294.00,168.00,209.00,128.00,62.00,APPROVED
PA: PITTSBURGH,10/29/2015 12:41:00,,2602.00,1740.00,479.00,275.00,156.00,196.00,120.00,61.00,APPROVED
PA: PITTSBURGH,10/29/2015 13:41:00,,2583.00,1690.00,471.00,258.00,157.00,188.00,117.00,60.00,APPROVED
PA: PITTSBURGH,10/29/2015 14:42:00,,2540.00,1659.00,460.00,255.00,153.00,183.00,112.00,59.00,APPROVED
PA: PITTSBURGH,10/29/2015 15:42:00,,2495.00,1635.00,463.00,252.00,153.00,184.00,115.00,58.00,APPROVED
PA: PITTSBURGH,10/29/2015 16:42:00,,2455.00,1620.00,458.00,252.00,153.00,184.00,117.00,59.00,APPROVED
PA: PITTSBURGH,10/29/2015 17:42:00,,2416.00,1586.00,455.00,249.00,154.00,181.00,116.00,59.00,APPROVED
PA: PITTSBURGH,10/29/2015 18:42:00,,2406.00,1578.00,452.00,247.00,152.00,181.00,116.00,58.00,APPROVED
PA: PITTSBURGH,10/29/2015 19:43:00,,2406.00,1574.00,455.00,248.00,152.00,181.00,119.00,59.00,APPROVED
PA: PITTSBURGH,10/29/2015 20:43:00,,2408.00,1587.00,454.00,248.00,152.00,183.00,119.00,59.00,APPROVED
PA: PITTSBURGH,10/29/2015 21:43:00,,2427.00,1587.00,454.00,246.00,152.00,180.00,120.00,60.00,APPROVED
PA: PITTSBURGH,10/29/2015 22:43:00,,2448.00,1597.00,453.00,245.00,151.00,180.00,116.00,59.00,APPROVED
PA: PITTSBURGH,10/29/2015 23:43:00,,2439.00,1582.00,448.00,238.00,151.00,177.00,114.00,60.00,APPROVED
PA: PITTSBURGH,10/30/2015 00:44:00,,2459.00,1589.00,446.00,239.00,151.00,172.00,110.00,58.00,APPROVED
PA: PITTSBURGH,10/30/2015 01:44:00,,2517.00,1613.00,443.00,237.00,148.00,175.00,111.00,58.00,APPROVED
PA: PITTSBURGH,10/30/2015 02:44:00,,2544.00,1635.00,451.00,240.00,147.00,176.00,113.00,57.00,APPROVED
PA: PITTSBURGH,10/30/2015 03:44:00,,2608.00,1666.00,464.00,240.00,151.00,178.00,109.00,58.00,APPROVED
PA: PITTSBURGH,10/30/2015 04:44:00,,2639.00,1697.00,465.00,248.00,154.00,181.00,109.00,56.00,APPROVED
PA: PITTSBURGH,10/30/2015 05:45:00,,2649.00,1722.00,471.00,253.00,151.00,188.00,111.00,57.00,APPROVED
PA: PITTSBURGH,10/30/2015 06:45:00,,2633.00,1726.00,471.00,250.00,154.00,185.00,113.00,59.00,APPROVED
PA: PITTSBURGH,10/30/2015 07:45:00,,2637.00,1720.00,471.00,254.00,152.00,189.00,111.00,59.00,APPROVED
PA: PITTSBURGH,10/30/2015 08:45:00,,2667.00,1752.00,481.00,257.00,153.00,189.00,113.00,59.00,APPROVED
PA: PITTSBURGH,10/30/2015 09:45:00,,2704.00,1768.00,481.00,259.00,154.00,192.00,113.00,60.00,APPROVED
PA: PITTSBURGH,10/30/2015 10:46:00,,2712.00,1776.00,483.00,257.00,157.00,194.00,112.00,59.00,APPROVED
PA: PITTSBURGH,10/30/2015 11:46:00,,2710.00,1775.00,486.00,263.00,158.00,199.00,117.00,61.00,APPROVED
PA: PITTSBURGH,10/30/2015 12:46:00,,2709.00,1776.00,488.00,264.00,159.00,197.00,115.00,60.00,APPROVED
PA: PITTSBURGH,10/30/2015 13:46:00,,2724.00,1819.00,495.00,269.00,160.00,198.00,116.00,62.00,APPROVED
PA: PITTSBURGH,10/30/2015 14:46:00,,2736.00,1829.00,497.00,281.00,165.00,201.00,117.00,59.00,APPROVED
PA: PITTSBURGH,10/30/2015 15:47:00,,2681.00,1790.00,492.00,272.00,163.00,203.00,120.00,63.00,APPROVED
PA: PITTSBURGH,10/30/2015 16:47:00,,2647.00,1758.00,482.00,268.00,162.00,195.00,122.00,59.00,APPROVED
PA: PITTSBURGH,10/30/2015 17:47:00,,2633.00,1750.00,489.00,268.00,162.00,196.00,121.00,61.00,APPROVED
PA: PITTSBURGH,10/30/2015 18:47:00,,2606.00,1737.00,483.00,267.00,159.00,196.00,118.00,61.00,APPROVED
PA: PITTSBURGH,10/30/2015 19:47:00,,2583.00,1716.00,473.00,260.00,156.00,190.00,116.00,60.00,APPROVED
PA: PITTSBURGH,10/30/2015 20:48:00,,2583.00,1699.00,472.00,257.00,156.00,183.00,117.00,60.00,APPROVED
PA: PITTSBURGH,10/30/2015 21:48:00,,2571.00,1681.00,468.00,253.00,155.00,186.00,114.00,60.00,APPROVED
PA: PITTSBURGH,10/30/2015 22:48:00,,2591.00,1691.00,462.00,251.00,153.00,185.00,115.00,60.00,APPROVED
PA: PITTSBURGH,10/30/2015 23:48:00,,2579.00,1685.00,462.00,252.00,153.00,186.00,113.00,61.00,APPROVED
PA: PITTSBURGH,10/31/2015 00:48:00,,2559.00,1676.00,461.00,249.00,154.00,180.00,114.00,57.00,APPROVED
PA: PITTSBURGH,10/31/2015 01:49:00,,2560.00,1664.00,458.00,246.00,154.00,182.00,114.00,59.00,APPROVED
PA: PITTSBURGH,10/31/2015 02:49:00,,2573.00,1669.00,462.00,250.00,153.00,181.00,112.00,59.00,APPROVED
PA: PITTSBURGH,10/31/2015 03:49:00,,2565.00,1680.00,461.00,249.00,152.00,183.00,113.00,61.00,APPROVED
PA: PITTSBURGH,10/31/2015 04:49:00,,2608.00,1697.00,464.00,254.00,153.00,186.00,115.00,61.00,APPROVED
PA: PITTSBURGH,10/31/2015 05:49:00,,2640.00,1741.00,475.00,261.00,155.00,194.00,116.00,60.00,APPROVED
PA: PITTSBURGH,10/31/2015 06:50:00,,2657.00,1755.00,482.00,265.00,157.00,192.00,118.00,61.00,APPROVED
PA: PITTSBURGH,10/31/2015 07:50:00,,2679.00,1781.00,485.00,268.00,162.00,196.00,118.00,61.00,APPROVED
PA: PITTSBURGH,10/31/2015 08:50:00,,2751.00,1836.00,499.00,282.00,166.00,201.00,123.00,63.00,APPROVED
PA: PITTSBURGH,10/31/2015 09:50:00,,2806.00,1902.00,514.00,293.00,168.00,211.00,126.00,63.00,APPROVED
PA: PITTSBURGH,10/31/2015 10:50:00,,2832.00,1952.00,521.00,303.00,172.00,215.00,127.00,65.00,APPROVED
PA: PITTSBURGH,10/31/2015 11:51:00,,2832.00,1944.00,528.00,305.00,171.00,215.00,126.00,62.00,APPROVED
PA: PITTSBURGH,10/31/2015 12:51:00,,2847.00,1948.00,525.00,307.00,172.00,214.00,130.00,63.00,APPROVED
PA: PITTSBURGH,10/31/2015 13:51:00,,2693.00,1820.00,497.00,286.00,167.00,205.00,121.00,62.00,APPROVED
PA: PITTSBURGH,10/31/2015 14:51:00,,2585.00,1711.00,475.00,259.00,156.00,187.00,119.00,60.00,APPROVED
PA: PITTSBURGH,10/31/2015 15:51:00,,2523.00,1653.00,462.00,248.00,151.00,182.00,114.00,59.00,APPROVED
PA: PITTSBURGH,10/31/2015 16:52:00,,2481.00,1623.00,459.00,246.00,152.00,182.00,117.00,59.00,APPROVED
PA: PITTSBURGH,10/31/2015 17:52:00,,2456.00,1600.00,463.00,247.00,154.00,183.00,117.00,59.00,APPROVED
PA: PITTSBURGH,10/31/2015 18:52:00,,2437.00,1594.00,458.00,248.00,153.00,183.00,118.00,60.00,APPROVED
PA: PITTSBURGH,10/31/2015 19:52:00,,2432.00,1591.00,457.00,247.00,155.00,180.00,120.00,58.00,APPROVED
PA: PITTSBURGH,10/31/2015 20:52:00,,2434.00,1598.00,462.00,250.00,156.00,181.00,120.00,60.00,APPROVED
PA: PITTSBURGH,10/31/2015 21:53:00,,2439.00,1600.00,462.00,249.00,155.00,183.00,119.00,59.00,APPROVED
PA: PITTSBURGH,10/31/2015 22:53:00,,2456.00,1609.00,462.00,250.00,153.00,178.00,121.00,60.00,APPROVED
PA: PITTSBURGH,10/31/2015 23:53:00,,2478.00,1627.00,463.00,253.00,154.00,183.00,121.00,60.00,APPROVED
PA: PITTSBURGH,11/01/2015 00:53:00,,2493.00,1635.00,466.00,256.00,156.00,185.00,118.00,62.00,APPROVED
PA: PITTSBURGH,11/01/2015 01:53:00,,2509.00,1645.00,467.00,255.00,155.00,190.00,124.00,60.00,APPROVED
PA: PITTSBURGH,11/01/2015 02:54:00,,2574.00,1726.00,487.00,275.00,161.00,194.00,123.00,63.00,APPROVED
PA: PITTSBURGH,11/01/2015 03:54:00,,2647.00,1759.00,499.00,284.00,166.00,203.00,125.00,64.00,APPROVED
PA: PITTSBURGH,11/01/2015 04:54:00,,2567.00,1707.00,486.00,268.00,161.00,197.00,126.00,62.00,APPROVED
PA: PITTSBURGH,11/01/2015 05:54:00,,2457.00,1625.00,468.00,261.00,158.00,187.00,120.00,59.00,APPROVED
PA: PITTSBURGH,11/01/2015 06:54:00,,2446.00,1626.00,475.00,260.00,156.00,189.00,122.00,60.00,APPROVED
PA: PITTSBURGH,11/01/2015 07:55:00,,2473.00,1656.00,477.00,260.00,160.00,191.00,124.00,63.00,APPROVED
PA: PITTSBURGH,11/01/2015 08:55:00,,2538.00,1699.00,490.00,271.00,160.00,195.00,121.00,62.00,APPROVED
PA: PITTSBURGH,11/01/2015 09:55:00,,2518.00,1669.00,478.00,259.00,159.00,192.00,120.00,60.00,APPROVED
PA: PITTSBURGH,11/01/2015 10:55:00,,2486.00,1638.00,467.00,254.00,155.00,188.00,119.00,61.00,APPROVED
PA: PITTSBURGH,11/01/2015 12:56:00,,2629.00,1764.00,499.00,280.00,165.00,201.00,128.00,64.00,APPROVED
PA: PITTSBURGH,11/01/2015 13:56:00,,2689.00,1849.00,518.00,299.00,171.00,211.00,131.00,62.00,APPROVED
PA: PITTSBURGH,11/01/2015 14:56:00,,2539.00,1688.00,482.00,267.00,161.00,197.00,123.00,62.00,APPROVED
PA: PITTSBURGH,11/01/2015 15:56:00,,2459.00,1628.00,472.00,259.00,155.00,192.00,120.00,59.00,APPROVED
PA: PITTSBURGH,11/01/2015 16:56:00,,2388.00,1582.00,465.00,255.00,156.00,192.00,120.00,61.00,APPROVED
PA: PITTSBURGH,11/01/2015 17:57:00,,2347.00,1576.00,464.00,251.00,153.00,186.00,123.00,60.00,APPROVED
PA: PITTSBURGH,11/01/2015 18:57:00,,2252.00,1480.00,452.00,244.00,153.00,185.00,122.00,60.00,APPROVED
PA: PITTSBURGH,11/01/2015 19:57:00,,2193.00,1431.00,448.00,237.00,153.00,181.00,120.00,60.00,APPROVED
PA: PITTSBURGH,11/01/2015 20:57:00,,2194.00,1440.00,443.00,236.00,149.00,180.00,120.00,60.00,APPROVED
PA: PITTSBURGH,11/01/2015 21:57:00,,2206.00,1445.00,447.00,241.00,150.00,180.00,119.00,57.00,APPROVED
PA: PITTSBURGH,11/01/2015 22:58:00,,2222.00,1464.00,444.00,238.00,151.00,180.00,118.00,59.00,APPROVED
PA: PITTSBURGH,11/01/2015 23:58:00,,2289.00,1488.00,448.00,241.00,152.00,184.00,117.00,60.00,APPROVED
PA: PITTSBURGH,11/02/2015 00:58:00,,2366.00,1564.00,462.00,252.00,157.00,185.00,119.00,60.00,APPROVED
PA: PITTSBURGH,11/02/2015 01:58:00,,2421.00,1585.00,463.00,252.00,157.00,187.00,120.00,61.00,APPROVED
PA: PITTSBURGH,11/02/2015 02:58:00,,2460.00,1623.00,467.00,253.00,155.00,186.00,123.00,61.00,APPROVED
PA: PITTSBURGH,11/02/2015 03:59:00,,2473.00,1633.00,473.00,259.00,158.00,193.00,122.00,61.00,APPROVED
PA: PITTSBURGH,11/02/2015 04:59:00,,2487.00,1656.00,473.00,257.00,157.00,189.00,122.00,60.00,APPROVED
PA: PITTSBURGH,11/02/2015 05:59:00,,2526.00,1670.00,477.00,261.00,158.00,192.00,118.00,60.00,APPROVED
PA: PITTSBURGH,11/02/2015 06:59:00,,2557.00,1703.00,486.00,266.00,164.00,194.00,121.00,60.00,APPROVED
PA: PITTSBURGH,11/02/2015 07:59:00,,2638.00,1818.00,507.00,298.00,168.00,209.00,130.00,61.00,APPROVED
PA: PITTSBURGH,11/02/2015 09:00:00,,2756.00,1940.00,532.00,311.00,178.00,223.00,135.00,65.00,APPROVED
PA: PITTSBURGH,11/02/2015 10:00:00,,2833.00,2026.00,553.00,331.00,182.00,234.00,139.00,66.00,APPROVED
PA: PITTSBURGH,11/02/2015 11:00:00,,2900.00,2105.00,580.00,349.00,190.00,245.00,142.00,67.00,APPROVED
PA: PITTSBURGH,11/02/2015 12:00:00,,2992.00,2171.00,601.00,371.00,197.00,259.00,147.00,68.00,APPROVED
PA: PITTSBURGH,11/02/2015 13:00:00,,3048.00,2271.00,623.00,390.00,205.00,270.00,149.00,68.00,APPROVED
PA: PITTSBURGH,11/02/2015 14:01:00,,3094.00,2371.00,653.00,418.00,213.00,292.00,162.00,71.00,APPROVED
PA: PITTSBURGH,11/02/2015 15:01:00,,3062.00,2334.00,653.00,413.00,209.00,284.00,160.00,72.00,APPROVED
PA: PITTSBURGH,11/02/2015 16:01:00,,2925.00,2183.00,622.00,389.00,203.00,272.00,156.00,70.00,APPROVED
PA: PITTSBURGH,11/02/2015 17:01:00,,2664.00,1922.00,559.00,333.00,179.00,236.00,143.00,68.00,APPROVED
PA: PITTSBURGH,11/02/2015 18:01:00,,2424.00,1650.00,497.00,283.00,166.00,201.00,130.00,64.00,APPROVED
PA: PITTSBURGH,11/02/2015 19:02:00,,2181.00,1445.00,447.00,241.00,152.00,182.00,121.00,60.00,APPROVED
PA: PITTSBURGH,11/02/2015 20:02:00,,2107.00,1375.00,429.00,225.00,145.00,176.00,121.00,61.00,APPROVED
PA: PITTSBURGH,11/02/2015 21:02:00,,2126.00,1391.00,429.00,225.00,146.00,174.00,120.00,60.00,APPROVED
PA: PITTSBURGH,11/02/2015 22:37:00,,2242.00,1415.00,415.00,217.00,143.00,161.00,116.00,58.00,APPROVED
PA: PITTSBURGH,11/02/2015 23:38:00,,2320.00,1488.00,430.00,229.00,146.00,169.00,113.00,56.00,APPROVED
PA: PITTSBURGH,11/03/2015 00:38:00,,2424.00,1574.00,445.00,242.00,153.00,178.00,116.00,58.00,APPROVED
PA: PITTSBURGH,11/03/2015 01:38:00,,2525.00,1647.00,463.00,251.00,158.00,185.00,116.00,57.00,APPROVED
PA: PITTSBURGH,11/03/2015 02:38:00,,2621.00,1720.00,473.00,258.00,158.00,191.00,120.00,59.00,APPROVED
PA: PITTSBURGH,11/03/2015 03:38:00,,2689.00,1793.00,495.00,268.00,160.00,199.00,122.00,60.00,APPROVED
PA: PITTSBURGH,11/03/2015 04:39:00,,2775.00,1854.00,505.00,282.00,166.00,200.00,123.00,61.00,APPROVED
PA: PITTSBURGH,11/03/2015 05:39:00,,2840.00,1908.00,514.00,291.00,167.00,208.00,124.00,63.00,APPROVED
PA: PITTSBURGH,11/03/2015 06:39:00,,2919.00,1965.00,534.00,299.00,173.00,217.00,126.00,62.00,APPROVED
PA: PITTSBURGH,11/03/2015 07:39:00,,3001.00,2048.00,549.00,315.00,176.00,221.00,130.00,65.00,APPROVED
PA: PITTSBURGH,11/03/2015 08:40:00,,3063.00,2113.00,559.00,321.00,182.00,233.00,133.00,65.00,APPROVED
PA: PITTSBURGH,11/03/2015 09:40:00,,3088.00,2150.00,571.00,335.00,184.00,236.00,135.00,67.00,APPROVED
PA: PITTSBURGH,11/03/2015 10:40:00,,3125.00,2162.00,581.00,341.00,186.00,238.00,134.00,65.00,APPROVED
PA: PITTSBURGH,11/03/2015 11:40:00,,3147.00,2215.00,592.00,347.00,188.00,247.00,138.00,65.00,APPROVED
PA: PITTSBURGH,11/03/2015 12:40:00,,3196.00,2271.00,601.00,358.00,192.00,254.00,139.00,66.00,APPROVED
PA: PITTSBURGH,11/03/2015 13:41:00,,3259.00,2316.00,618.00,370.00,199.00,261.00,144.00,68.00,APPROVED
PA: PITTSBURGH,11/03/2015 14:41:00,,3181.00,2290.00,621.00,377.00,201.00,265.00,144.00,68.00,APPROVED
PA: PITTSBURGH,11/03/2015 15:41:00,,2996.00,2158.00,593.00,359.00,195.00,254.00,144.00,68.00,APPROVED
PA: PITTSBURGH,11/03/2015 16:41:00,,2757.00,1984.00,565.00,337.00,185.00,238.00,144.00,66.00,APPROVED
PA: PITTSBURGH,11/03/2015 17:41:00,,2552.00,1796.00,524.00,302.00,176.00,218.00,137.00,64.00,APPROVED
PA: PITTSBURGH,11/03/2015 18:42:00,,2323.00,1563.00,483.00,265.00,160.00,202.00,130.00,64.00,APPROVED
PA: PITTSBURGH,11/03/2015 19:42:00,,2394.00,1620.00,467.00,272.00,162.00,195.00,129.00,64.00,APPROVED
PA: PITTSBURGH,11/03/2015 20:42:00,,2530.00,1704.00,470.00,277.00,161.00,188.00,131.00,62.00,APPROVED
PA: PITTSBURGH,11/03/2015 21:42:00,,2532.00,1684.00,460.00,268.00,157.00,187.00,126.00,63.00,APPROVED
PA: PITTSBURGH,11/03/2015 22:42:00,,2340.00,1564.00,455.00,251.00,158.00,181.00,122.00,59.00,APPROVED
PA: PITTSBURGH,11/03/2015 23:43:00,,2350.00,1557.00,459.00,252.00,156.00,187.00,123.00,61.00,APPROVED
PA: PITTSBURGH,11/04/2015 00:43:00,,2439.00,1645.00,475.00,272.00,159.00,193.00,126.00,63.00,APPROVED
PA: PITTSBURGH,11/04/2015 01:43:00,,2560.00,1737.00,493.00,281.00,161.00,201.00,128.00,64.00,APPROVED
PA: PITTSBURGH,11/04/2015 02:43:00,,2628.00,1801.00,503.00,289.00,168.00,204.00,132.00,64.00,APPROVED
PA: PITTSBURGH,11/04/2015 03:43:00,,2699.00,1855.00,509.00,297.00,172.00,214.00,130.00,63.00,APPROVED
PA: PITTSBURGH,11/04/2015 04:44:00,,2764.00,1904.00,528.00,301.00,169.00,213.00,132.00,65.00,APPROVED
PA: PITTSBURGH,11/04/2015 05:44:00,,2838.00,1967.00,543.00,316.00,175.00,225.00,135.00,65.00,APPROVED
PA: PITTSBURGH,11/04/2015 06:44:00,,2898.00,2027.00,554.00,328.00,181.00,230.00,137.00,65.00,APPROVED
PA: PITTSBURGH,11/04/2015 07:44:00,,2950.00,2078.00,565.00,333.00,183.00,233.00,138.00,66.00,APPROVED
PA: PITTSBURGH,11/04/2015 08:44:00,,3003.00,2142.00,580.00,338.00,188.00,241.00,137.00,66.00,APPROVED
PA: PITTSBURGH,11/04/2015 09:45:00,,3081.00,2183.00,590.00,355.00,188.00,247.00,143.00,67.00,APPROVED
PA: PITTSBURGH,11/04/2015 10:45:00,,3125.00,2227.00,605.00,367.00,194.00,252.00,146.00,69.00,APPROVED
PA: PITTSBURGH,11/04/2015 11:45:00,,3160.00,2287.00,608.00,375.00,197.00,259.00,144.00,68.00,APPROVED
PA: PITTSBURGH,11/04/2015 12:45:00,,3221.00,2340.00,632.00,383.00,202.00,269.00,149.00,71.00,APPROVED
PA: PITTSBURGH,11/04/2015 13:45:00,,3219.00,2368.00,636.00,392.00,201.00,272.00,152.00,70.00,APPROVED
PA: PITTSBURGH,11/04/2015 14:46:00,,3140.00,2325.00,636.00,394.00,209.00,278.00,158.00,70.00,APPROVED
PA: PITTSBURGH,11/04/2015 15:46:00,,2969.00,2204.00,620.00,386.00,202.00,265.00,156.00,72.00,APPROVED
PA: PITTSBURGH,11/04/2015 16:46:00,,2689.00,1961.00,569.00,338.00,193.00,248.00,148.00,71.00,APPROVED
PA: PITTSBURGH,11/04/2015 17:46:00,,2389.00,1670.00,511.00,294.00,171.00,213.00,139.00,64.00,APPROVED
PA: PITTSBURGH,11/04/2015 18:46:00,,2249.00,1532.00,467.00,261.00,158.00,195.00,131.00,65.00,APPROVED
PA: PITTSBURGH,11/04/2015 19:47:00,,2322.00,1566.00,457.00,266.00,156.00,184.00,130.00,63.00,APPROVED
PA: PITTSBURGH,11/04/2015 20:47:00,,2371.00,1591.00,454.00,258.00,155.00,183.00,126.00,60.00,APPROVED
PA: PITTSBURGH,11/04/2015 21:47:00,,2399.00,1612.00,456.00,257.00,156.00,177.00,121.00,60.00,APPROVED
PA: PITTSBURGH,11/04/2015 22:47:00,,2412.00,1610.00,451.00,254.00,153.00,177.00,123.00,62.00,APPROVED
PA: PITTSBURGH,11/04/2015 23:47:00,,2303.00,1563.00,457.00,256.00,156.00,183.00,126.00,62.00,APPROVED
PA: PITTSBURGH,11/05/2015 00:48:00,,2363.00,1617.00,478.00,270.00,161.00,197.00,129.00,62.00,APPROVED
PA: PITTSBURGH,11/05/2015 01:48:00,,2455.00,1711.00,506.00,289.00,172.00,209.00,139.00,64.00,APPROVED
PA: PITTSBURGH,11/05/2015 02:48:00,,2519.00,1786.00,519.00,308.00,175.00,219.00,141.00,65.00,APPROVED
PA: PITTSBURGH,11/05/2015 03:48:00,,2602.00,1860.00,540.00,323.00,182.00,231.00,144.00,67.00,APPROVED
PA: PITTSBURGH,11/05/2015 04:48:00,,2668.00,1920.00,552.00,336.00,182.00,239.00,146.00,70.00,APPROVED
PA: PITTSBURGH,11/05/2015 05:49:00,,2746.00,1988.00,575.00,348.00,193.00,246.00,151.00,68.00,APPROVED
PA: PITTSBURGH,11/05/2015 06:49:00,,2756.00,2015.00,580.00,348.00,195.00,248.00,150.00,71.00,APPROVED
PA: PITTSBURGH,11/05/2015 07:49:00,,2816.00,2076.00,590.00,364.00,193.00,257.00,152.00,69.00,APPROVED
PA: PITTSBURGH,11/05/2015 08:49:00,,2886.00,2149.00,610.00,382.00,205.00,265.00,160.00,70.00,APPROVED
PA: PITTSBURGH,11/05/2015 09:49:00,,2895.00,2160.00,619.00,388.00,207.00,273.00,163.00,73.00,APPROVED
PA: PITTSBURGH,11/05/2015 10:50:00,,2898.00,2178.00,622.00,391.00,208.00,275.00,162.00,72.00,APPROVED
PA: PITTSBURGH,11/05/2015 11:50:00,,2924.00,2211.00,629.00,403.00,207.00,276.00,164.00,71.00,APPROVED
PA: PITTSBURGH,11/05/2015 12:50:00,,2920.00,2211.00,631.00,400.00,211.00,276.00,164.00,71.00,APPROVED
PA: PITTSBURGH,11/05/2015 13:50:00,,2788.00,2111.00,614.00,384.00,205.00,269.00,159.00,71.00,APPROVED
PA: PITTSBURGH,11/05/2015 14:50:00,,2564.00,1917.00,575.00,350.00,192.00,252.00,151.00,70.00,APPROVED
PA: PITTSBURGH,11/05/2015 15:51:00,,2352.00,1678.00,520.00,299.00,176.00,222.00,141.00,71.00,APPROVED
PA: PITTSBURGH,11/05/2015 16:51:00,,2244.00,1533.00,479.00,261.00,163.00,198.00,133.00,61.00,APPROVED
PA: PITTSBURGH,11/05/2015 17:51:00,,2191.00,1478.00,467.00,248.00,155.00,192.00,123.00,63.00,APPROVED
PA: PITTSBURGH,11/05/2015 18:51:00,,2304.00,1581.00,469.00,271.00,165.00,194.00,133.00,65.00,APPROVED
PA: PITTSBURGH,11/05/2015 19:51:00,,2429.00,1684.00,475.00,286.00,169.00,197.00,133.00,66.00,APPROVED
PA: PITTSBURGH,11/05/2015 20:52:00,,2420.00,1654.00,465.00,277.00,160.00,191.00,130.00,62.00,APPROVED
PA: PITTSBURGH,11/05/2015 21:52:00,,2407.00,1622.00,453.00,266.00,156.00,183.00,128.00,64.00,APPROVED
PA: PITTSBURGH,11/05/2015 22:52:00,,2451.00,1642.00,460.00,263.00,155.00,185.00,125.00,61.00,APPROVED
PA: PITTSBURGH,11/05/2015 23:52:00,,2423.00,1610.00,452.00,262.00,157.00,184.00,126.00,62.00,APPROVED
PA: PITTSBURGH,11/06/2015 00:52:00,,2359.00,1603.00,470.00,268.00,161.00,193.00,128.00,63.00,APPROVED
PA: PITTSBURGH,11/06/2015 01:53:00,,2416.00,1689.00,505.00,283.00,170.00,207.00,133.00,67.00,APPROVED
PA: PITTSBURGH,11/06/2015 02:53:00,,2471.00,1773.00,523.00,308.00,181.00,222.00,141.00,66.00,APPROVED
PA: PITTSBURGH,11/06/2015 03:53:00,,2466.00,1788.00,531.00,314.00,180.00,226.00,144.00,66.00,APPROVED
PA: PITTSBURGH,11/06/2015 04:53:00,,2496.00,1792.00,533.00,316.00,179.00,230.00,144.00,66.00,APPROVED
PA: PITTSBURGH,11/06/2015 05:53:00,,2564.00,1879.00,551.00,333.00,186.00,236.00,148.00,68.00,APPROVED
PA: PITTSBURGH,11/06/2015 06:54:00,,2589.00,1931.00,567.00,347.00,194.00,247.00,150.00,69.00,APPROVED
PA: PITTSBURGH,11/06/2015 07:54:00,,2642.00,1986.00,578.00,356.00,192.00,254.00,156.00,69.00,APPROVED
PA: PITTSBURGH,11/06/2015 08:54:00,,2583.00,1918.00,575.00,352.00,189.00,249.00,154.00,72.00,APPROVED
PA: PITTSBURGH,11/06/2015 09:54:00,,2422.00,1717.00,520.00,303.00,174.00,218.00,139.00,66.00,APPROVED
PA: PITTSBURGH,11/06/2015 10:54:00,,2390.00,1654.00,497.00,282.00,168.00,206.00,132.00,63.00,APPROVED
PA: PITTSBURGH,11/06/2015 11:55:00,,2345.00,1605.00,488.00,274.00,162.00,204.00,131.00,64.00,APPROVED
PA: PITTSBURGH,11/06/2015 12:55:00,,2288.00,1556.00,478.00,265.00,164.00,195.00,130.00,64.00,APPROVED
PA: PITTSBURGH,11/06/2015 13:55:00,,2385.00,1660.00,495.00,280.00,167.00,204.00,135.00,65.00,APPROVED
PA: PITTSBURGH,11/06/2015 14:55:00,,2904.00,2166.00,628.00,376.00,202.00,257.00,159.00,72.00,APPROVED
PA: PITTSBURGH,11/06/2015 15:55:00,,2648.00,1902.00,569.00,336.00,187.00,238.00,146.00,68.00,APPROVED
PA: PITTSBURGH,11/06/2015 16:56:00,,2449.00,1705.00,526.00,292.00,171.00,213.00,136.00,64.00,APPROVED
PA: PITTSBURGH,11/06/2015 17:56:00,,2306.00,1561.00,479.00,262.00,160.00,194.00,128.00,63.00,APPROVED
PA: PITTSBURGH,11/06/2015 18:56:00,,2202.00,1464.00,453.00,246.00,152.00,184.00,121.00,60.00,APPROVED
PA: PITTSBURGH,11/06/2015 19:56:00,,2144.00,1415.00,440.00,234.00,149.00,179.00,121.00,58.00,APPROVED
PA: PITTSBURGH,11/06/2015 20:56:00,,2122.00,1386.00,437.00,229.00,149.00,174.00,120.00,60.00,APPROVED
PA: PITTSBURGH,11/06/2015 21:57:00,,2124.00,1395.00,430.00,229.00,148.00,175.00,117.00,62.00,APPROVED
PA: PITTSBURGH,11/06/2015 22:57:00,,2143.00,1399.00,432.00,232.00,146.00,170.00,119.00,61.00,APPROVED
PA: PITTSBURGH,11/06/2015 23:57:00,,2178.00,1424.00,430.00,230.00,149.00,173.00,118.00,60.00,APPROVED
PA: PITTSBURGH,11/07/2015 00:57:00,,2215.00,1436.00,431.00,231.00,145.00,172.00,118.00,60.00,APPROVED
PA: PITTSBURGH,11/07/2015 01:57:00,,2220.00,1459.00,441.00,234.00,150.00,176.00,119.00,61.00,APPROVED
PA: PITTSBURGH,11/07/2015 02:58:00,,2273.00,1485.00,443.00,240.00,149.00,179.00,119.00,60.00,APPROVED
PA: PITTSBURGH,11/07/2015 03:58:00,,2326.00,1530.00,449.00,247.00,153.00,185.00,118.00,60.00,APPROVED
PA: PITTSBURGH,11/07/2015 04:58:00,,2389.00,1569.00,461.00,249.00,154.00,182.00,121.00,60.00,APPROVED
PA: PITTSBURGH,11/07/2015 05:58:00,,2511.00,1671.00,477.00,264.00,159.00,196.00,126.00,62.00,APPROVED
PA: PITTSBURGH,11/07/2015 06:58:00,,2547.00,1735.00,499.00,284.00,166.00,203.00,128.00,64.00,APPROVED
PA: PITTSBURGH,11/07/2015 07:59:00,,2583.00,1764.00,503.00,287.00,170.00,200.00,127.00,62.00,APPROVED
PA: PITTSBURGH,11/07/2015 08:59:00,,2613.00,1783.00,506.00,284.00,166.00,207.00,130.00,62.00,APPROVED
PA: PITTSBURGH,11/07/2015 09:59:00,,2631.00,1799.00,503.00,285.00,168.00,209.00,126.00,62.00,APPROVED
PA: PITTSBURGH,11/07/2015 10:59:00,,2643.00,1810.00,513.00,288.00,167.00,206.00,125.00,61.00,APPROVED
PA: PITTSBURGH,11/07/2015 11:59:00,,2648.00,1811.00,505.00,287.00,164.00,209.00,127.00,62.00,APPROVED
PA: PITTSBURGH,11/07/2015 13:00:00,,2670.00,1814.00,510.00,286.00,166.00,209.00,126.00,63.00,APPROVED
PA: PITTSBURGH,11/07/2015 14:00:00,,2672.00,1826.00,506.00,285.00,166.00,208.00,127.00,62.00,APPROVED
PA: PITTSBURGH,11/07/2015 15:00:00,,2683.00,1831.00,511.00,294.00,166.00,213.00,126.00,62.00,APPROVED
PA: PITTSBURGH,11/07/2015 16:00:00,,2648.00,1809.00,514.00,287.00,168.00,209.00,126.00,65.00,APPROVED
PA: PITTSBURGH,11/07/2015 17:00:00,,2596.00,1762.00,504.00,282.00,165.00,205.00,126.00,63.00,APPROVED
PA: PITTSBURGH,11/07/2015 18:01:00,,2491.00,1690.00,483.00,266.00,160.00,197.00,124.00,62.00,APPROVED
PA: PITTSBURGH,11/07/2015 19:01:00,,2425.00,1611.00,470.00,256.00,157.00,192.00,120.00,61.00,APPROVED
PA: PITTSBURGH,11/07/2015 20:01:00,,2418.00,1593.00,464.00,251.00,154.00,186.00,118.00,60.00,APPROVED
PA: PITTSBURGH,11/07/2015 21:01:00,,2435.00,1606.00,461.00,249.00,151.00,185.00,117.00,61.00,APPROVED
PA: PITTSBURGH,11/07/2015 22:01:00,,2438.00,1595.00,459.00,248.00,152.00,180.00,114.00,61.00,APPROVED
PA: PITTSBURGH,11/07/2015 23:02:00,,2435.00,1586.00,456.00,243.00,149.00,178.00,114.00,58.00,APPROVED
PA: PITTSBURGH,11/08/2015 00:02:00,,2464.00,1600.00,452.00,240.00,150.00,175.00,116.00,58.00,APPROVED
PA: PITTSBURGH,11/08/2015 01:02:00,,2480.00,1600.00,449.00,241.00,152.00,175.00,113.00,59.00,APPROVED
PA: PITTSBURGH,11/08/2015 02:02:00,,2514.00,1624.00,451.00,239.00,151.00,176.00,112.00,60.00,APPROVED
PA: PITTSBURGH,11/08/2015 03:02:00,,2585.00,1684.00,464.00,248.00,154.00,180.00,115.00,59.00,APPROVED
PA: PITTSBURGH,11/08/2015 04:03:00,,2642.00,1728.00,464.00,256.00,155.00,189.00,113.00,60.00,APPROVED
PA: PITTSBURGH,11/08/2015 05:03:00,,2680.00,1769.00,479.00,255.00,156.00,191.00,117.00,60.00,APPROVED
PA: PITTSBURGH,11/08/2015 06:03:00,,2721.00,1791.00,487.00,263.00,157.00,195.00,115.00,59.00,APPROVED
PA: PITTSBURGH,11/08/2015 07:03:00,,2711.00,1783.00,489.00,264.00,159.00,196.00,112.00,59.00,APPROVED
PA: PITTSBURGH,11/08/2015 08:03:00,,2731.00,1813.00,498.00,271.00,158.00,204.00,114.00,61.00,APPROVED
PA: PITTSBURGH,11/08/2015 09:04:00,,2773.00,1839.00,497.00,272.00,164.00,200.00,114.00,61.00,APPROVED
PA: PITTSBURGH,11/08/2015 10:04:00,,2863.00,1954.00,524.00,291.00,168.00,213.00,120.00,63.00,APPROVED
PA: PITTSBURGH,11/08/2015 11:04:00,,2978.00,2065.00,560.00,313.00,178.00,230.00,127.00,65.00,APPROVED
PA: PITTSBURGH,11/08/2015 12:04:00,,3074.00,2151.00,581.00,330.00,183.00,245.00,129.00,66.00,APPROVED
PA: PITTSBURGH,11/08/2015 13:04:00,,3121.00,2214.00,594.00,344.00,188.00,254.00,133.00,66.00,APPROVED
PA: PITTSBURGH,11/08/2015 14:05:00,,3135.00,2253.00,615.00,358.00,192.00,259.00,138.00,66.00,APPROVED
PA: PITTSBURGH,11/08/2015 15:05:00,,2908.00,2043.00,568.00,326.00,179.00,238.00,131.00,64.00,APPROVED
PA: PITTSBURGH,11/08/2015 16:05:00,,2645.00,1779.00,498.00,273.00,164.00,203.00,118.00,62.00,APPROVED
PA: PITTSBURGH,11/08/2015 17:05:00,,2565.00,1678.00,478.00,252.00,154.00,190.00,115.00,61.00,APPROVED
PA: PITTSBURGH,11/08/2015 18:05:00,,2524.00,1638.00,459.00,248.00,152.00,181.00,114.00,59.00,APPROVED
PA: PITTSBURGH,11/08/2015 19:06:00,,2388.00,1542.00,443.00,233.00,150.00,179.00,111.00,61.00,APPROVED
PA: PITTSBURGH,11/08/2015 20:06:00,,2337.00,1490.00,447.00,230.00,152.00,173.00,116.00,60.00,APPROVED
PA: PITTSBURGH,11/08/2015 21:06:00,,2357.00,1524.00,446.00,236.00,148.00,173.00,112.00,59.00,APPROVED
PA: PITTSBURGH,11/08/2015 22:06:00,,2387.00,1548.00,445.00,236.00,150.00,174.00,115.00,59.00,APPROVED
PA: PITTSBURGH,11/08/2015 23:06:00,,2468.00,1596.00,455.00,239.00,148.00,177.00,113.00,57.00,APPROVED
PA: PITTSBURGH,11/09/2015 00:07:00,,2573.00,1665.00,463.00,246.00,152.00,180.00,113.00,60.00,APPROVED
PA: PITTSBURGH,11/09/2015 01:07:00,,2673.00,1752.00,478.00,258.00,157.00,189.00,113.00,61.00,APPROVED
PA: PITTSBURGH,11/09/2015 02:07:00,,2780.00,1843.00,498.00,274.00,165.00,201.00,117.00,61.00,APPROVED
PA: PITTSBURGH,11/09/2015 03:07:00,,2870.00,1928.00,524.00,288.00,172.00,216.00,120.00,63.00,APPROVED
PA: PITTSBURGH,11/09/2015 04:07:00,,2924.00,2008.00,543.00,303.00,172.00,221.00,124.00,64.00,APPROVED
PA: PITTSBURGH,11/09/2015 05:08:00,,3047.00,2105.00,562.00,320.00,178.00,234.00,128.00,64.00,APPROVED
PA: PITTSBURGH,11/09/2015 06:08:00,,3113.00,2183.00,586.00,336.00,184.00,243.00,132.00,64.00,APPROVED
PA: PITTSBURGH,11/09/2015 07:08:00,,3171.00,2222.00,593.00,345.00,191.00,250.00,133.00,65.00,APPROVED
PA: PITTSBURGH,11/09/2015 08:08:00,,3247.00,2323.00,622.00,360.00,194.00,265.00,134.00,68.00,APPROVED
PA: PITTSBURGH,11/09/2015 09:08:00,,3335.00,2388.00,644.00,375.00,201.00,271.00,142.00,68.00,APPROVED
PA: PITTSBURGH,11/09/2015 10:09:00,,3410.00,2477.00,666.00,393.00,208.00,282.00,144.00,69.00,APPROVED
PA: PITTSBURGH,11/09/2015 11:09:00,,3469.00,2526.00,680.00,404.00,212.00,291.00,147.00,71.00,APPROVED
PA: PITTSBURGH,11/09/2015 12:09:00,,3513.00,2592.00,697.00,409.00,215.00,298.00,150.00,71.00,APPROVED
PA: PITTSBURGH,11/09/2015 13:09:00,,3556.00,2645.00,713.00,422.00,217.00,309.00,155.00,73.00,APPROVED
PA: PITTSBURGH,11/09/2015 14:42:00,,3230.00,2113.00,545.00,287.00,170.00,216.00,116.00,62.00,APPROVED
PA: PITTSBURGH,11/09/2015 15:42:00,,3239.00,2270.00,596.00,353.00,189.00,251.00,134.00,64.00,APPROVED
PA: PITTSBURGH,11/09/2015 16:42:00,,3092.00,2147.00,579.00,341.00,190.00,245.00,134.00,63.00,APPROVED
PA: PITTSBURGH,11/09/2015 17:42:00,,2905.00,1988.00,544.00,312.00,179.00,227.00,128.00,61.00,APPROVED
PA: PITTSBURGH,11/09/2015 18:42:00,,2580.00,1736.00,494.00,279.00,164.00,202.00,125.00,60.00,APPROVED
PA: PITTSBURGH,11/09/2015 19:43:00,,2392.00,1577.00,459.00,248.00,153.00,185.00,118.00,58.00,APPROVED
PA: PITTSBURGH,11/09/2015 20:43:00,,2413.00,1559.00,454.00,248.00,156.00,182.00,120.00,59.00,APPROVED
PA: PITTSBURGH,11/09/2015 21:43:00,,2353.00,1530.00,440.00,240.00,150.00,178.00,118.00,58.00,APPROVED
PA: PITTSBURGH,11/09/2015 22:43:00,,2378.00,1530.00,439.00,237.00,151.00,176.00,114.00,60.00,APPROVED
PA: PITTSBURGH,11/09/2015 23:43:00,,2415.00,1550.00,444.00,240.00,150.00,175.00,116.00,58.00,APPROVED
PA: PITTSBURGH,11/10/2015 00:44:00,,2441.00,1570.00,447.00,241.00,149.00,177.00,115.00,58.00,APPROVED
PA: PITTSBURGH,11/10/2015 01:44:00,,2456.00,1579.00,447.00,239.00,150.00,177.00,116.00,61.00,APPROVED
PA: PITTSBURGH,11/10/2015 02:44:00,,2457.00,1596.00,452.00,242.00,149.00,177.00,117.00,58.00,APPROVED
PA: PITTSBURGH,11/10/2015 03:44:00,,2473.00,1597.00,448.00,244.00,153.00,178.00,114.00,59.00,APPROVED
PA: PITTSBURGH,11/10/2015 04:44:00,,2473.00,1598.00,449.00,247.00,149.00,177.00,117.00,58.00,APPROVED
PA: PITTSBURGH,11/10/2015 05:45:00,,2481.00,1610.00,449.00,242.00,151.00,178.00,116.00,58.00,APPROVED
PA: PITTSBURGH,11/10/2015 06:45:00,,2449.00,1581.00,450.00,239.00,150.00,175.00,113.00,58.00,APPROVED
PA: PITTSBURGH,11/10/2015 07:45:00,,2459.00,1569.00,446.00,237.00,150.00,173.00,115.00,59.00,APPROVED
PA: PITTSBURGH,11/10/2015 08:45:00,,2479.00,1579.00,445.00,237.00,150.00,176.00,115.00,58.00,APPROVED
PA: PITTSBURGH,11/10/2015 09:45:00,,2469.00,1590.00,443.00,232.00,151.00,175.00,113.00,59.00,APPROVED
PA: PITTSBURGH,11/10/2015 10:46:00,,2521.00,1624.00,456.00,242.00,149.00,177.00,114.00,58.00,APPROVED
PA: PITTSBURGH,11/10/2015 11:46:00,,2538.00,1661.00,464.00,251.00,155.00,183.00,117.00,60.00,APPROVED
PA: PITTSBURGH,11/10/2015 12:46:00,,2577.00,1704.00,470.00,262.00,152.00,186.00,117.00,59.00,APPROVED
PA: PITTSBURGH,11/10/2015 13:46:00,,2584.00,1722.00,478.00,261.00,159.00,192.00,119.00,59.00,APPROVED
PA: PITTSBURGH,11/10/2015 14:46:00,,2643.00,1792.00,495.00,281.00,165.00,198.00,123.00,61.00,APPROVED
PA: PITTSBURGH,11/10/2015 15:47:00,,2683.00,1825.00,511.00,289.00,170.00,205.00,125.00,64.00,APPROVED
PA: PITTSBURGH,11/10/2015 16:47:00,,2684.00,1834.00,516.00,291.00,167.00,208.00,127.00,63.00,APPROVED
PA: PITTSBURGH,11/10/2015 17:47:00,,2802.00,1962.00,541.00,314.00,176.00,221.00,133.00,65.00,APPROVED
PA: PITTSBURGH,11/10/2015 18:47:00,,2877.00,2035.00,571.00,337.00,184.00,233.00,142.00,63.00,APPROVED
PA: PITTSBURGH,11/10/2015 19:47:00,,3125.00,2267.00,622.00,376.00,198.00,255.00,151.00,68.00,APPROVED
PA: PITTSBURGH,11/10/2015 20:48:00,,3217.00,2357.00,652.00,405.00,209.00,265.00,155.00,70.00,APPROVED
PA: PITTSBURGH,11/10/2015 21:48:00,,2968.00,2114.00,584.00,356.00,192.00,245.00,145.00,67.00,APPROVED
PA: PITTSBURGH,11/10/2015 22:48:00,,2899.00,2034.00,558.00,339.00,184.00,230.00,138.00,66.00,APPROVED
PA: PITTSBURGH,11/10/2015 23:48:00,,2922.00,2037.00,554.00,338.00,186.00,226.00,139.00,64.00,APPROVED
PA: PITTSBURGH,11/11/2015 00:48:00,,3014.00,2129.00,587.00,354.00,190.00,243.00,142.00,66.00,APPROVED
PA: PITTSBURGH,11/11/2015 01:49:00,,2952.00,2068.00,566.00,344.00,184.00,235.00,138.00,65.00,APPROVED
PA: PITTSBURGH,11/11/2015 02:49:00,,2831.00,1944.00,533.00,315.00,177.00,220.00,134.00,62.00,APPROVED
PA: PITTSBURGH,11/11/2015 03:49:00,,2694.00,1798.00,495.00,283.00,163.00,198.00,125.00,62.00,APPROVED
PA: PITTSBURGH,11/11/2015 04:49:00,,2712.00,1808.00,496.00,276.00,159.00,201.00,120.00,61.00,APPROVED
PA: PITTSBURGH,11/11/2015 05:49:00,,2736.00,1828.00,506.00,285.00,163.00,202.00,122.00,62.00,APPROVED
PA: PITTSBURGH,11/11/2015 06:50:00,,2737.00,1833.00,496.00,287.00,162.00,201.00,125.00,62.00,APPROVED
PA: PITTSBURGH,11/11/2015 07:50:00,,2748.00,1842.00,502.00,287.00,164.00,203.00,124.00,62.00,APPROVED
PA: PITTSBURGH,11/11/2015 08:50:00,,2728.00,1822.00,497.00,287.00,164.00,200.00,126.00,62.00,APPROVED
PA: PITTSBURGH,11/11/2015 09:50:00,,2727.00,1839.00,504.00,288.00,165.00,202.00,123.00,61.00,APPROVED
PA: PITTSBURGH,11/11/2015 10:50:00,,2757.00,1871.00,507.00,294.00,165.00,206.00,124.00,62.00,APPROVED
PA: PITTSBURGH,11/11/2015 11:51:00,,2747.00,1850.00,502.00,291.00,165.00,206.00,126.00,62.00,APPROVED
PA: PITTSBURGH,11/11/2015 12:51:00,,2712.00,1825.00,503.00,286.00,161.00,204.00,125.00,63.00,APPROVED
PA: PITTSBURGH,11/11/2015 13:51:00,,2696.00,1820.00,494.00,284.00,163.00,201.00,125.00,63.00,APPROVED
PA: PITTSBURGH,11/11/2015 14:51:00,,2681.00,1802.00,499.00,287.00,167.00,204.00,125.00,59.00,APPROVED
PA: PITTSBURGH,11/11/2015 15:51:00,,2665.00,1790.00,497.00,284.00,163.00,205.00,123.00,62.00,APPROVED
PA: PITTSBURGH,11/11/2015 16:52:00,,2603.00,1763.00,493.00,278.00,162.00,204.00,122.00,62.00,APPROVED
PA: PITTSBURGH,11/11/2015 17:52:00,,2579.00,1734.00,480.00,270.00,162.00,197.00,123.00,61.00,APPROVED
PA: PITTSBURGH,11/11/2015 18:52:00,,2531.00,1692.00,479.00,266.00,158.00,192.00,122.00,61.00,APPROVED
PA: PITTSBURGH,11/11/2015 19:52:00,,2501.00,1665.00,475.00,262.00,158.00,190.00,121.00,61.00,APPROVED
PA: PITTSBURGH,11/11/2015 20:52:00,,2485.00,1649.00,472.00,257.00,153.00,188.00,122.00,60.00,APPROVED
PA: PITTSBURGH,11/11/2015 21:53:00,,2522.00,1665.00,470.00,265.00,158.00,190.00,119.00,59.00,APPROVED
PA: PITTSBURGH,11/11/2015 22:53:00,,2560.00,1689.00,473.00,261.00,157.00,190.00,116.00,59.00,APPROVED
PA: PITTSBURGH,11/11/2015 23:53:00,,2610.00,1719.00,477.00,262.00,159.00,191.00,121.00,60.00,APPROVED
PA: PITTSBURGH,11/12/2015 00:53:00,,2647.00,1761.00,487.00,271.00,160.00,195.00,118.00,62.00,APPROVED
PA: PITTSBURGH,11/12/2015 01:53:00,,2747.00,1841.00,499.00,280.00,163.00,200.00,124.00,60.00,APPROVED
PA: PITTSBURGH,11/12/2015 02:54:00,,2828.00,1927.00,519.00,299.00,169.00,216.00,123.00,63.00,APPROVED
PA: PITTSBURGH,11/12/2015 03:54:00,,2876.00,1986.00,539.00,314.00,176.00,218.00,125.00,64.00,APPROVED
PA: PITTSBURGH,11/12/2015 04:54:00,,2901.00,2020.00,540.00,316.00,177.00,227.00,131.00,64.00,APPROVED
PA: PITTSBURGH,11/12/2015 05:54:00,,2896.00,2025.00,550.00,323.00,181.00,232.00,130.00,64.00,APPROVED
PA: PITTSBURGH,11/12/2015 06:54:00,,2828.00,1953.00,541.00,309.00,171.00,223.00,124.00,64.00,APPROVED
PA: PITTSBURGH,11/12/2015 07:55:00,,2791.00,1906.00,521.00,297.00,170.00,214.00,126.00,62.00,APPROVED
PA: PITTSBURGH,11/12/2015 08:55:00,,2782.00,1894.00,514.00,293.00,168.00,212.00,124.00,63.00,APPROVED
PA: PITTSBURGH,11/12/2015 09:55:00,,2818.00,1928.00,526.00,302.00,171.00,214.00,125.00,63.00,APPROVED
PA: PITTSBURGH,11/12/2015 10:55:00,,2902.00,2001.00,537.00,312.00,177.00,221.00,131.00,64.00,APPROVED
PA: PITTSBURGH,11/12/2015 11:55:00,,3062.00,2152.00,580.00,346.00,187.00,236.00,139.00,65.00,APPROVED
PA: PITTSBURGH,11/12/2015 12:56:00,,2840.00,1916.00,528.00,297.00,172.00,214.00,124.00,65.00,APPROVED
PA: PITTSBURGH,11/12/2015 13:56:00,,2669.00,1766.00,486.00,271.00,159.00,197.00,119.00,60.00,APPROVED
PA: PITTSBURGH,11/12/2015 14:56:00,,2564.00,1691.00,476.00,258.00,152.00,188.00,121.00,59.00,APPROVED
PA: PITTSBURGH,11/12/2015 15:56:00,,2483.00,1647.00,462.00,250.00,155.00,186.00,116.00,61.00,APPROVED
PA: PITTSBURGH,11/12/2015 16:56:00,,2368.00,1574.00,453.00,247.00,153.00,182.00,117.00,60.00,APPROVED
PA: PITTSBURGH,11/12/2015 17:57:00,,2313.00,1540.00,445.00,245.00,150.00,179.00,118.00,58.00,APPROVED
PA: PITTSBURGH,11/12/2015 18:57:00,,2298.00,1516.00,444.00,244.00,155.00,181.00,119.00,60.00,APPROVED
PA: PITTSBURGH,11/12/2015 19:57:00,,2407.00,1617.00,473.00,259.00,158.00,190.00,126.00,61.00,APPROVED
PA: PITTSBURGH,11/12/2015 20:57:00,,2498.00,1700.00,489.00,273.00,161.00,199.00,128.00,63.00,APPROVED
PA: PITTSBURGH,11/12/2015 21:57:00,,2634.00,1805.00,504.00,292.00,167.00,205.00,128.00,62.00,APPROVED
PA: PITTSBURGH,11/12/2015 22:58:00,,2730.00,1878.00,520.00,306.00,171.00,212.00,130.00,63.00,APPROVED
PA: PITTSBURGH,11/12/2015 23:58:00,,2741.00,1882.00,517.00,301.00,172.00,215.00,129.00,65.00,APPROVED
PA: PITTSBURGH,11/13/2015 00:58:00,,2762.00,1908.00,520.00,306.00,171.00,208.00,127.00,62.00,APPROVED
PA: PITTSBURGH,11/13/2015 01:58:00,,2769.00,1903.00,527.00,304.00,171.00,214.00,129.00,63.00,APPROVED
PA: PITTSBURGH,11/13/2015 02:59:00,,2788.00,1926.00,532.00,308.00,172.00,218.00,131.00,65.00,APPROVED
PA: PITTSBURGH,11/13/2015 03:59:00,,2783.00,1894.00,525.00,301.00,174.00,215.00,131.00,63.00,APPROVED
PA: PITTSBURGH,11/13/2015 04:59:00,,2724.00,1840.00,510.00,290.00,167.00,208.00,124.00,63.00,APPROVED
PA: PITTSBURGH,11/13/2015 05:59:00,,2668.00,1796.00,497.00,281.00,163.00,200.00,123.00,63.00,APPROVED
PA: PITTSBURGH,11/13/2015 06:59:00,,2626.00,1758.00,485.00,272.00,163.00,196.00,122.00,59.00,APPROVED
PA: PITTSBURGH,11/13/2015 07:59:00,,2624.00,1741.00,480.00,265.00,158.00,188.00,118.00,60.00,APPROVED
PA: PITTSBURGH,11/13/2015 09:00:00,,2657.00,1769.00,476.00,260.00,156.00,186.00,116.00,62.00,APPROVED
PA: PITTSBURGH,11/13/2015 10:00:00,,2698.00,1784.00,484.00,268.00,158.00,193.00,119.00,60.00,APPROVED
PA: PITTSBURGH,11/13/2015 11:00:00,,2731.00,1811.00,487.00,267.00,160.00,195.00,117.00,61.00,APPROVED
PA: PITTSBURGH,11/13/2015 12:00:00,,2729.00,1799.00,486.00,269.00,158.00,193.00,117.00,62.00,APPROVED
PA: PITTSBURGH,11/13/2015 13:01:00,,2729.00,1784.00,489.00,267.00,158.00,195.00,113.00,61.00,APPROVED
PA: PITTSBURGH,11/13/2015 14:01:00,,2698.00,1785.00,487.00,267.00,158.00,198.00,115.00,61.00,APPROVED
PA: PITTSBURGH,11/13/2015 15:01:00,,2712.00,1788.00,484.00,264.00,160.00,198.00,116.00,61.00,APPROVED
PA: PITTSBURGH,11/13/2015 16:01:00,,2710.00,1808.00,492.00,269.00,162.00,200.00,117.00,61.00,APPROVED
PA: PITTSBURGH,11/13/2015 17:01:00,,2720.00,1813.00,498.00,269.00,158.00,198.00,115.00,60.00,APPROVED
PA: PITTSBURGH,11/13/2015 18:02:00,,2683.00,1779.00,494.00,268.00,160.00,193.00,116.00,59.00,APPROVED
PA: PITTSBURGH,11/13/2015 19:02:00,,2624.00,1736.00,480.00,265.00,159.00,190.00,115.00,62.00,APPROVED
PA: PITTSBURGH,11/13/2015 20:02:00,,2620.00,1717.00,475.00,261.00,156.00,187.00,117.00,61.00,APPROVED
PA: PITTSBURGH,11/13/2015 21:02:00,,2625.00,1712.00,472.00,255.00,155.00,185.00,115.00,60.00,APPROVED
PA: PITTSBURGH,11/13/2015 22:02:00,,2619.00,1714.00,469.00,254.00,155.00,184.00,111.00,60.00,APPROVED
PA: PITTSBURGH,11/13/2015 23:03:00,,2647.00,1719.00,465.00,249.00,153.00,179.00,113.00,60.00,APPROVED
PA: PITTSBURGH,11/14/2015 00:03:00,,2641.00,1707.00,466.00,250.00,152.00,185.00,109.00,60.00,APPROVED
PA: PITTSBURGH,11/14/2015 01:03:00,,2645.00,1699.00,464.00,249.00,154.00,183.00,108.00,61.00,APPROVED
PA: PITTSBURGH,11/14/2015 02:03:00,,2643.00,1706.00,466.00,247.00,152.00,185.00,109.00,57.00,APPROVED
PA: PITTSBURGH,11/14/2015 03:03:00,,2657.00,1713.00,468.00,244.00,151.00,182.00,108.00,59.00,APPROVED
PA: PITTSBURGH,11/14/2015 04:04:00,,2673.00,1714.00,465.00,244.00,152.00,183.00,109.00,59.00,APPROVED
PA: PITTSBURGH,11/14/2015 05:04:00,,2655.00,1697.00,463.00,241.00,150.00,182.00,106.00,59.00,APPROVED
PA: PITTSBURGH,11/14/2015 06:04:00,,2655.00,1687.00,459.00,238.00,148.00,180.00,104.00,59.00,APPROVED
PA: PITTSBURGH,11/14/2015 07:04:00,,2642.00,1700.00,464.00,237.00,148.00,180.00,107.00,59.00,APPROVED
PA: PITTSBURGH,11/14/2015 08:04:00,,2650.00,1692.00,458.00,238.00,149.00,178.00,104.00,58.00,APPROVED
PA: PITTSBURGH,11/14/2015 09:05:00,,2649.00,1691.00,462.00,239.00,147.00,182.00,104.00,56.00,APPROVED
PA: PITTSBURGH,11/14/2015 10:05:00,,2652.00,1694.00,461.00,241.00,148.00,180.00,106.00,58.00,APPROVED
PA: PITTSBURGH,11/14/2015 11:05:00,,2649.00,1681.00,456.00,238.00,151.00,179.00,106.00,57.00,APPROVED
PA: PITTSBURGH,11/14/2015 12:05:00,,2631.00,1670.00,451.00,233.00,147.00,181.00,105.00,59.00,APPROVED
PA: PITTSBURGH,11/14/2015 13:05:00,,2638.00,1674.00,458.00,235.00,145.00,177.00,106.00,59.00,APPROVED
PA: PITTSBURGH,11/14/2015 14:06:00,,2612.00,1668.00,456.00,236.00,144.00,178.00,104.00,59.00,APPROVED
PA: PITTSBURGH,11/14/2015 15:06:00,,2587.00,1649.00,452.00,234.00,147.00,178.00,104.00,59.00,APPROVED
PA: PITTSBURGH,11/14/2015 16:06:00,,2563.00,1630.00,444.00,229.00,145.00,173.00,104.00,58.00,APPROVED
PA: PITTSBURGH,11/14/2015 17:06:00,,2547.00,1622.00,445.00,224.00,144.00,172.00,103.00,60.00,APPROVED
PA: PITTSBURGH,11/14/2015 18:06:00,,2555.00,1619.00,442.00,229.00,146.00,170.00,107.00,57.00,APPROVED
PA: PITTSBURGH,11/14/2015 19:07:00,,2553.00,1622.00,442.00,232.00,146.00,171.00,107.00,59.00,APPROVED
PA: PITTSBURGH,11/14/2015 20:07:00,,2543.00,1616.00,446.00,229.00,145.00,173.00,106.00,58.00,APPROVED
PA: PITTSBURGH,11/14/2015 21:07:00,,2549.00,1629.00,448.00,233.00,145.00,172.00,105.00,58.00,APPROVED
PA: PITTSBURGH,11/14/2015 22:07:00,,2550.00,1633.00,445.00,235.00,147.00,174.00,108.00,57.00,APPROVED
PA: PITTSBURGH,11/14/2015 23:07:00,,2599.00,1646.00,452.00,235.00,149.00,175.00,108.00,57.00,APPROVED
PA: PITTSBURGH,11/15/2015 00:08:00,,2620.00,1668.00,456.00,238.00,147.00,176.00,108.00,61.00,APPROVED
PA: PITTSBURGH,11/15/2015 01:08:00,,2649.00,1686.00,463.00,243.00,149.00,179.00,107.00,58.00,APPROVED
PA: PITTSBURGH,11/15/2015 02:08:00,,2676.00,1718.00,465.00,244.00,151.00,184.00,108.00,60.00,APPROVED
PA: PITTSBURGH,11/15/2015 03:08:00,,2696.00,1736.00,477.00,244.00,150.00,185.00,107.00,59.00,APPROVED
PA: PITTSBURGH,11/15/2015 04:08:00,,2718.00,1751.00,475.00,245.00,153.00,189.00,109.00,60.00,APPROVED
PA: PITTSBURGH,11/15/2015 05:09:00,,2735.00,1772.00,481.00,252.00,154.00,192.00,106.00,59.00,APPROVED
PA: PITTSBURGH,11/15/2015 06:09:00,,2838.00,1881.00,503.00,268.00,161.00,202.00,116.00,61.00,APPROVED
PA: PITTSBURGH,11/15/2015 07:09:00,,2912.00,1962.00,527.00,291.00,165.00,217.00,115.00,61.00,APPROVED
PA: PITTSBURGH,11/15/2015 08:09:00,,3004.00,2056.00,553.00,309.00,175.00,224.00,120.00,62.00,APPROVED
PA: PITTSBURGH,11/15/2015 09:09:00,,3015.00,2078.00,555.00,312.00,176.00,232.00,123.00,64.00,APPROVED
PA: PITTSBURGH,11/15/2015 10:10:00,,3009.00,2065.00,555.00,313.00,176.00,232.00,118.00,66.00,APPROVED
PA: PITTSBURGH,11/15/2015 11:10:00,,2940.00,1986.00,536.00,295.00,168.00,219.00,119.00,63.00,APPROVED
PA: PITTSBURGH,11/15/2015 12:10:00,,2970.00,2013.00,541.00,300.00,173.00,225.00,120.00,63.00,APPROVED
PA: PITTSBURGH,11/15/2015 13:10:00,,3017.00,2052.00,549.00,307.00,177.00,225.00,120.00,64.00,APPROVED
PA: PITTSBURGH,11/15/2015 14:10:00,,2954.00,2013.00,556.00,307.00,177.00,229.00,123.00,64.00,APPROVED
PA: PITTSBURGH,11/15/2015 15:11:00,,2776.00,1864.00,509.00,279.00,165.00,206.00,119.00,62.00,APPROVED
PA: PITTSBURGH,11/15/2015 16:11:00,,2668.00,1770.00,489.00,268.00,156.00,190.00,119.00,61.00,APPROVED
PA: PITTSBURGH,11/15/2015 17:11:00,,2597.00,1721.00,476.00,261.00,157.00,193.00,120.00,60.00,APPROVED
PA: PITTSBURGH,11/15/2015 18:11:00,,2537.00,1684.00,475.00,261.00,159.00,191.00,123.00,62.00,APPROVED
PA: PITTSBURGH,11/15/2015 19:11:00,,2414.00,1593.00,466.00,254.00,157.00,185.00,122.00,61.00,APPROVED
PA: PITTSBURGH,11/15/2015 20:12:00,,2347.00,1545.00,456.00,245.00,153.00,185.00,122.00,61.00,APPROVED
PA: PITTSBURGH,11/15/2015 21:12:00,,2360.00,1561.00,456.00,251.00,153.00,184.00,120.00,61.00,APPROVED
PA: PITTSBURGH,11/15/2015 22:12:00,,2384.00,1573.00,458.00,249.00,154.00,178.00,123.00,61.00,APPROVED
PA: PITTSBURGH,11/15/2015 23:12:00,,2437.00,1602.00,457.00,251.00,154.00,183.00,122.00,62.00,APPROVED
PA: PITTSBURGH,11/16/2015 00:12:00,,2493.00,1659.00,468.00,256.00,156.00,187.00,120.00,59.00,APPROVED
PA: PITTSBURGH,11/16/2015 01:13:00,,2571.00,1687.00,477.00,259.00,156.00,187.00,120.00,61.00,APPROVED
PA: PITTSBURGH,11/16/2015 02:13:00,,2685.00,1788.00,488.00,276.00,164.00,199.00,124.00,61.00,APPROVED
PA: PITTSBURGH,11/16/2015 03:13:00,,2777.00,1900.00,515.00,291.00,168.00,209.00,127.00,64.00,APPROVED
PA: PITTSBURGH,11/16/2015 04:13:00,,2842.00,1948.00,526.00,301.00,174.00,214.00,125.00,63.00,APPROVED
PA: PITTSBURGH,11/16/2015 05:13:00,,2917.00,2026.00,551.00,313.00,178.00,221.00,129.00,65.00,APPROVED
PA: PITTSBURGH,11/16/2015 06:14:00,,2991.00,2084.00,564.00,327.00,181.00,236.00,132.00,65.00,APPROVED
PA: PITTSBURGH,11/16/2015 07:14:00,,3044.00,2157.00,582.00,332.00,188.00,243.00,138.00,67.00,APPROVED
PA: PITTSBURGH,11/16/2015 08:14:00,,3123.00,2220.00,599.00,352.00,192.00,250.00,139.00,66.00,APPROVED
PA: PITTSBURGH,11/16/2015 09:14:00,,3186.00,2295.00,612.00,364.00,195.00,259.00,140.00,68.00,APPROVED
PA: PITTSBURGH,11/16/2015 10:14:00,,3267.00,2347.00,626.00,372.00,200.00,268.00,139.00,67.00,APPROVED
PA: PITTSBURGH,11/16/2015 11:15:00,,3340.00,2428.00,655.00,384.00,205.00,280.00,143.00,68.00,APPROVED
PA: PITTSBURGH,11/16/2015 12:15:00,,3416.00,2518.00,670.00,404.00,213.00,288.00,151.00,70.00,APPROVED
PA: PITTSBURGH,11/16/2015 13:15:00,,3453.00,2578.00,692.00,420.00,217.00,295.00,157.00,74.00,APPROVED
PA: PITTSBURGH,11/16/2015 14:15:00,,3480.00,2608.00,708.00,431.00,221.00,306.00,154.00,73.00,APPROVED
PA: PITTSBURGH,11/16/2015 15:15:00,,3311.00,2492.00,686.00,418.00,215.00,300.00,157.00,72.00,APPROVED
PA: PITTSBURGH,11/16/2015 16:16:00,,3076.00,2314.00,639.00,398.00,209.00,277.00,155.00,73.00,APPROVED
PA: PITTSBURGH,11/16/2015 17:16:00,,2788.00,2031.00,580.00,346.00,187.00,248.00,144.00,68.00,APPROVED
PA: PITTSBURGH,11/16/2015 18:16:00,,2554.00,1793.00,525.00,300.00,173.00,218.00,137.00,65.00,APPROVED
PA: PITTSBURGH,11/16/2015 19:16:00,,2274.00,1537.00,470.00,260.00,157.00,194.00,126.00,62.00,APPROVED
PA: PITTSBURGH,11/16/2015 20:46:00,,2198.00,1393.00,416.00,215.00,140.00,160.00,114.00,59.00,APPROVED
PA: PITTSBURGH,11/16/2015 21:46:00,,2234.00,1426.00,424.00,226.00,146.00,169.00,114.00,58.00,APPROVED
PA: PITTSBURGH,11/16/2015 22:46:00,,2342.00,1501.00,432.00,232.00,150.00,172.00,116.00,57.00,APPROVED
PA: PITTSBURGH,11/16/2015 23:46:00,,2495.00,1613.00,444.00,241.00,154.00,176.00,119.00,58.00,APPROVED
PA: PITTSBURGH,11/17/2015 00:46:00,,2608.00,1715.00,468.00,258.00,156.00,187.00,118.00,60.00,APPROVED
PA: PITTSBURGH,11/17/2015 01:47:00,,2694.00,1785.00,485.00,268.00,161.00,197.00,118.00,60.00,APPROVED
PA: PITTSBURGH,11/17/2015 02:47:00,,2774.00,1858.00,502.00,280.00,169.00,206.00,122.00,63.00,APPROVED
PA: PITTSBURGH,11/17/2015 03:47:00,,2855.00,1938.00,513.00,297.00,172.00,214.00,126.00,63.00,APPROVED
PA: PITTSBURGH,11/17/2015 04:47:00,,2934.00,2001.00,533.00,308.00,177.00,221.00,127.00,62.00,APPROVED
PA: PITTSBURGH,11/17/2015 05:47:00,,2971.00,2030.00,545.00,312.00,174.00,226.00,127.00,65.00,APPROVED
PA: PITTSBURGH,11/17/2015 06:48:00,,3002.00,2095.00,561.00,323.00,184.00,233.00,130.00,63.00,APPROVED
PA: PITTSBURGH,11/17/2015 07:48:00,,3016.00,2115.00,571.00,334.00,183.00,236.00,134.00,65.00,APPROVED
PA: PITTSBURGH,11/17/2015 08:48:00,,3060.00,2151.00,582.00,341.00,185.00,244.00,132.00,66.00,APPROVED
PA: PITTSBURGH,11/17/2015 09:48:00,,3076.00,2178.00,588.00,350.00,191.00,247.00,137.00,66.00,APPROVED
PA: PITTSBURGH,11/17/2015 10:48:00,,3081.00,2198.00,589.00,351.00,188.00,247.00,139.00,68.00,APPROVED
PA: PITTSBURGH,11/17/2015 11:49:00,,3122.00,2209.00,597.00,349.00,193.00,253.00,138.00,67.00,APPROVED
PA: PITTSBURGH,11/17/2015 12:49:00,,3086.00,2188.00,594.00,354.00,192.00,252.00,137.00,66.00,APPROVED
PA: PITTSBURGH,11/17/2015 13:49:00,,3009.00,2136.00,579.00,334.00,188.00,240.00,137.00,65.00,APPROVED
PA: PITTSBURGH,11/17/2015 14:49:00,,2860.00,2035.00,561.00,329.00,185.00,233.00,138.00,67.00,APPROVED
PA: PITTSBURGH,11/17/2015 15:49:00,,2614.00,1817.00,518.00,299.00,173.00,212.00,131.00,63.00,APPROVED
PA: PITTSBURGH,11/17/2015 16:50:00,,2420.00,1631.00,475.00,261.00,157.00,195.00,125.00,63.00,APPROVED
PA: PITTSBURGH,11/17/2015 17:50:00,,2340.00,1556.00,459.00,255.00,156.00,184.00,120.00,61.00,APPROVED
PA: PITTSBURGH,11/17/2015 18:50:00,,2260.00,1491.00,445.00,242.00,151.00,181.00,122.00,60.00,APPROVED
PA: PITTSBURGH,11/17/2015 19:50:00,,2212.00,1450.00,440.00,235.00,149.00,181.00,120.00,59.00,APPROVED
PA: PITTSBURGH,11/17/2015 20:50:00,,2239.00,1478.00,445.00,240.00,153.00,180.00,122.00,61.00,APPROVED
PA: PITTSBURGH,11/17/2015 21:51:00,,2294.00,1502.00,450.00,243.00,153.00,182.00,122.00,59.00,APPROVED
PA: PITTSBURGH,11/17/2015 22:51:00,,2331.00,1542.00,457.00,246.00,153.00,181.00,122.00,62.00,APPROVED
PA: PITTSBURGH,11/17/2015 23:51:00,,2372.00,1550.00,453.00,248.00,154.00,181.00,121.00,60.00,APPROVED
PA: PITTSBURGH,11/18/2015 00:51:00,,2392.00,1570.00,454.00,248.00,156.00,182.00,120.00,58.00,APPROVED
PA: PITTSBURGH,11/18/2015 01:51:00,,2417.00,1583.00,456.00,248.00,152.00,181.00,120.00,59.00,APPROVED
PA: PITTSBURGH,11/18/2015 02:52:00,,2399.00,1570.00,452.00,240.00,153.00,183.00,120.00,60.00,APPROVED
PA: PITTSBURGH,11/18/2015 03:52:00,,2400.00,1564.00,454.00,246.00,152.00,181.00,119.00,60.00,APPROVED
PA: PITTSBURGH,11/18/2015 04:52:00,,2385.00,1563.00,447.00,243.00,151.00,179.00,116.00,59.00,APPROVED
PA: PITTSBURGH,11/18/2015 05:52:00,,2385.00,1552.00,450.00,243.00,152.00,175.00,119.00,61.00,APPROVED
PA: PITTSBURGH,11/18/2015 06:52:00,,2388.00,1546.00,447.00,239.00,151.00,175.00,119.00,60.00,APPROVED
PA: PITTSBURGH,11/18/2015 07:53:00,,2378.00,1555.00,445.00,243.00,145.00,175.00,116.00,58.00,APPROVED
PA: PITTSBURGH,11/18/2015 08:53:00,,2376.00,1545.00,447.00,239.00,151.00,173.00,115.00,61.00,APPROVED
PA: PITTSBURGH,11/18/2015 09:53:00,,2381.00,1543.00,441.00,237.00,150.00,175.00,115.00,58.00,APPROVED
PA: PITTSBURGH,11/18/2015 10:53:00,,2404.00,1550.00,448.00,236.00,150.00,175.00,117.00,58.00,APPROVED
PA: PITTSBURGH,11/18/2015 11:53:00,,2427.00,1559.00,449.00,233.00,148.00,176.00,113.00,59.00,APPROVED
PA: PITTSBURGH,11/18/2015 12:54:00,,2423.00,1564.00,442.00,235.00,150.00,175.00,113.00,60.00,APPROVED
PA: PITTSBURGH,11/18/2015 13:54:00,,2380.00,1539.00,443.00,232.00,149.00,171.00,113.00,58.00,APPROVED
PA: PITTSBURGH,11/18/2015 14:54:00,,2339.00,1494.00,437.00,227.00,145.00,169.00,116.00,58.00,APPROVED
PA: PITTSBURGH,11/18/2015 15:54:00,,2283.00,1465.00,425.00,222.00,144.00,167.00,115.00,59.00,APPROVED
PA: PITTSBURGH,11/18/2015 16:54:00,,2238.00,1442.00,427.00,222.00,144.00,166.00,113.00,61.00,APPROVED
PA: PITTSBURGH,11/18/2015 17:55:00,,2220.00,1425.00,427.00,222.00,145.00,163.00,114.00,58.00,APPROVED
PA: PITTSBURGH,11/18/2015 18:55:00,,2203.00,1410.00,422.00,223.00,143.00,164.00,114.00,57.00,APPROVED
PA: PITTSBURGH,11/18/2015 19:55:00,,2176.00,1387.00,418.00,224.00,143.00,167.00,114.00,58.00,APPROVED
PA: PITTSBURGH,11/18/2015 20:55:00,,2192.00,1406.00,424.00,222.00,145.00,170.00,117.00,57.00,APPROVED
PA: PITTSBURGH,11/18/2015 21:55:00,,2208.00,1435.00,422.00,224.00,142.00,167.00,113.00,58.00,APPROVED
PA: PITTSBURGH,11/18/2015 22:56:00,,2254.00,1443.00,424.00,225.00,145.00,167.00,115.00,57.00,APPROVED
PA: PITTSBURGH,11/18/2015 23:56:00,,2267.00,1457.00,425.00,222.00,144.00,167.00,114.00,59.00,APPROVED
PA: PITTSBURGH,11/19/2015 00:56:00,,2252.00,1448.00,426.00,225.00,146.00,171.00,115.00,57.00,APPROVED
PA: PITTSBURGH,11/19/2015 01:56:00,,2254.00,1448.00,425.00,226.00,144.00,169.00,114.00,59.00,APPROVED
PA: PITTSBURGH,11/19/2015 02:56:00,,2294.00,1494.00,441.00,234.00,149.00,172.00,117.00,58.00,APPROVED
PA: PITTSBURGH,11/19/2015 03:57:00,,2381.00,1567.00,452.00,242.00,154.00,177.00,120.00,59.00,APPROVED
PA: PITTSBURGH,11/19/2015 04:57:00,,2401.00,1559.00,454.00,245.00,155.00,182.00,119.00,59.00,APPROVED
PA: PITTSBURGH,11/19/2015 05:57:00,,2440.00,1593.00,460.00,254.00,155.00,183.00,120.00,60.00,APPROVED
PA: PITTSBURGH,11/19/2015 06:57:00,,2454.00,1617.00,465.00,259.00,156.00,183.00,122.00,61.00,APPROVED
PA: PITTSBURGH,11/19/2015 07:57:00,,2407.00,1575.00,456.00,248.00,154.00,180.00,118.00,59.00,APPROVED
PA: PITTSBURGH,11/19/2015 08:58:00,,2339.00,1497.00,434.00,229.00,147.00,170.00,115.00,58.00,APPROVED
PA: PITTSBURGH,11/19/2015 09:58:00,,2266.00,1448.00,420.00,224.00,144.00,165.00,113.00,58.00,APPROVED
PA: PITTSBURGH,11/19/2015 10:58:00,,2253.00,1441.00,422.00,225.00,146.00,167.00,115.00,57.00,APPROVED
PA: PITTSBURGH,11/19/2015 11:58:00,,2270.00,1455.00,430.00,220.00,143.00,167.00,112.00,58.00,APPROVED
PA: PITTSBURGH,11/19/2015 12:58:00,,2281.00,1454.00,427.00,225.00,146.00,170.00,115.00,58.00,APPROVED
PA: PITTSBURGH,11/19/2015 13:59:00,,2286.00,1476.00,433.00,224.00,146.00,169.00,112.00,60.00,APPROVED
PA: PITTSBURGH,11/19/2015 14:59:00,,2289.00,1480.00,429.00,233.00,145.00,173.00,114.00,58.00,APPROVED
PA: PITTSBURGH,11/19/2015 15:59:00,,2308.00,1500.00,438.00,233.00,146.00,176.00,116.00,59.00,APPROVED
PA: PITTSBURGH,11/19/2015 16:59:00,,2295.00,1483.00,433.00,235.00,149.00,174.00,115.00,60.00,APPROVED
PA: PITTSBURGH,11/19/2015 17:59:00,,2280.00,1475.00,435.00,231.00,151.00,173.00,118.00,58.00,APPROVED
PA: PITTSBURGH,11/19/2015 19:00:00,,2232.00,1455.00,431.00,231.00,146.00,174.00,117.00,59.00,APPROVED
PA: PITTSBURGH,11/19/2015 20:00:00,,2196.00,1427.00,432.00,230.00,148.00,175.00,117.00,60.00,APPROVED
PA: PITTSBURGH,11/19/2015 21:00:00,,2209.00,1434.00,431.00,227.00,151.00,172.00,117.00,59.00,APPROVED
PA: PITTSBURGH,11/19/2015 22:00:00,,2271.00,1477.00,438.00,234.00,149.00,175.00,118.00,58.00,APPROVED
PA: PITTSBURGH,11/19/2015 23:00:00,,2337.00,1520.00,437.00,244.00,150.00,175.00,118.00,59.00,APPROVED
PA: PITTSBURGH,11/20/2015 00:01:00,,2374.00,1547.00,444.00,238.00,149.00,178.00,119.00,58.00,APPROVED
PA: PITTSBURGH,11/20/2015 01:01:00,,2411.00,1565.00,450.00,239.00,150.00,178.00,119.00,61.00,APPROVED
PA: PITTSBURGH,11/20/2015 02:01:00,,2459.00,1593.00,450.00,245.00,151.00,176.00,116.00,58.00,APPROVED
PA: PITTSBURGH,11/20/2015 03:01:00,,2504.00,1637.00,454.00,244.00,150.00,177.00,114.00,59.00,APPROVED
PA: PITTSBURGH,11/20/2015 04:01:00,,2525.00,1641.00,456.00,244.00,153.00,179.00,117.00,58.00,APPROVED
PA: PITTSBURGH,11/20/2015 05:02:00,,2546.00,1642.00,455.00,245.00,150.00,182.00,113.00,60.00,APPROVED
PA: PITTSBURGH,11/20/2015 06:02:00,,2579.00,1667.00,459.00,245.00,151.00,177.00,111.00,59.00,APPROVED
PA: PITTSBURGH,11/20/2015 07:02:00,,2605.00,1672.00,458.00,242.00,151.00,180.00,109.00,59.00,APPROVED
PA: PITTSBURGH,11/20/2015 08:02:00,,2624.00,1678.00,456.00,239.00,151.00,178.00,109.00,58.00,APPROVED
PA: PITTSBURGH,11/20/2015 09:02:00,,2639.00,1672.00,454.00,239.00,149.00,178.00,106.00,59.00,APPROVED
PA: PITTSBURGH,11/20/2015 10:03:00,,2654.00,1686.00,457.00,241.00,149.00,180.00,104.00,58.00,APPROVED
PA: PITTSBURGH,11/20/2015 11:03:00,,2668.00,1703.00,458.00,235.00,148.00,182.00,103.00,60.00,APPROVED
PA: PITTSBURGH,11/20/2015 12:03:00,,2710.00,1726.00,463.00,242.00,152.00,180.00,103.00,60.00,APPROVED
PA: PITTSBURGH,11/20/2015 13:03:00,,2710.00,1735.00,466.00,241.00,149.00,184.00,106.00,58.00,APPROVED
PA: PITTSBURGH,11/20/2015 14:03:00,,2711.00,1723.00,469.00,240.00,149.00,185.00,105.00,59.00,APPROVED
PA: PITTSBURGH,11/20/2015 15:04:00,,2700.00,1719.00,464.00,243.00,151.00,181.00,106.00,59.00,APPROVED
PA: PITTSBURGH,11/20/2015 16:04:00,,2640.00,1695.00,458.00,242.00,147.00,182.00,105.00,60.00,APPROVED
PA: PITTSBURGH,11/20/2015 17:04:00,,2592.00,1652.00,450.00,232.00,147.00,182.00,108.00,57.00,APPROVED
PA: PITTSBURGH,11/20/2015 18:04:00,,2562.00,1633.00,453.00,236.00,149.00,176.00,110.00,58.00,APPROVED
PA: PITTSBURGH,11/20/2015 19:04:00,,2492.00,1603.00,447.00,237.00,147.00,176.00,109.00,57.00,APPROVED
PA: PITTSBURGH,11/20/2015 20:05:00,,2439.00,1566.00,440.00,230.00,147.00,174.00,110.00,59.00,APPROVED
PA: PITTSBURGH,11/20/2015 21:05:00,,2447.00,1575.00,441.00,229.00,148.00,173.00,108.00,58.00,APPROVED
PA: PITTSBURGH,11/20/2015 22:05:00,,2473.00,1578.00,442.00,233.00,148.00,171.00,111.00,59.00,APPROVED
PA: PITTSBURGH,11/20/2015 23:05:00,,2506.00,1603.00,438.00,231.00,149.00,170.00,105.00,57.00,APPROVED
PA: PITTSBURGH,11/21/2015 00:05:00,,2578.00,1635.00,442.00,232.00,146.00,173.00,107.00,56.00,APPROVED
PA: PITTSBURGH,11/21/2015 01:06:00,,2644.00,1702.00,454.00,242.00,150.00,180.00,107.00,57.00,APPROVED
PA: PITTSBURGH,11/21/2015 02:06:00,,2729.00,1776.00,476.00,251.00,150.00,189.00,107.00,60.00,APPROVED
PA: PITTSBURGH,11/21/2015 03:06:00,,2838.00,1855.00,492.00,267.00,160.00,200.00,110.00,60.00,APPROVED
PA: PITTSBURGH,11/21/2015 04:06:00,,2909.00,1930.00,517.00,281.00,165.00,211.00,112.00,60.00,APPROVED
PA: PITTSBURGH,11/21/2015 05:06:00,,2986.00,2014.00,535.00,299.00,169.00,220.00,117.00,61.00,APPROVED
PA: PITTSBURGH,11/21/2015 06:07:00,,3013.00,2054.00,552.00,308.00,176.00,228.00,121.00,63.00,APPROVED
PA: PITTSBURGH,11/21/2015 07:07:00,,3040.00,2088.00,562.00,316.00,179.00,236.00,125.00,64.00,APPROVED
PA: PITTSBURGH,11/21/2015 08:07:00,,3012.00,2060.00,553.00,308.00,176.00,230.00,123.00,63.00,APPROVED
PA: PITTSBURGH,11/21/2015 09:07:00,,3043.00,2070.00,561.00,308.00,179.00,227.00,124.00,63.00,APPROVED
PA: PITTSBURGH,11/21/2015 10:07:00,,3133.00,2160.00,578.00,330.00,184.00,241.00,125.00,63.00,APPROVED
PA: PITTSBURGH,11/21/2015 11:08:00,,3195.00,2212.00,593.00,336.00,183.00,246.00,127.00,65.00,APPROVED
PA: PITTSBURGH,11/21/2015 12:08:00,,3224.00,2246.00,602.00,341.00,190.00,249.00,129.00,66.00,APPROVED
PA: PITTSBURGH,11/21/2015 13:08:00,,3202.00,2235.00,598.00,344.00,189.00,257.00,128.00,64.00,APPROVED
PA: PITTSBURGH,11/21/2015 14:08:00,,3121.00,2187.00,585.00,335.00,186.00,246.00,127.00,64.00,APPROVED
PA: PITTSBURGH,11/21/2015 15:08:00,,3002.00,2065.00,559.00,315.00,177.00,232.00,124.00,65.00,APPROVED
PA: PITTSBURGH,11/21/2015 16:09:00,,2786.00,1876.00,509.00,280.00,163.00,209.00,118.00,61.00,APPROVED
PA: PITTSBURGH,11/21/2015 17:09:00,,2606.00,1739.00,485.00,260.00,159.00,193.00,116.00,60.00,APPROVED
PA: PITTSBURGH,11/21/2015 18:09:00,,2487.00,1635.00,464.00,245.00,154.00,186.00,113.00,62.00,APPROVED
PA: PITTSBURGH,11/21/2015 19:09:00,,2412.00,1559.00,449.00,238.00,149.00,178.00,115.00,62.00,APPROVED
PA: PITTSBURGH,11/21/2015 20:09:00,,2349.00,1527.00,451.00,239.00,152.00,178.00,116.00,59.00,APPROVED
PA: PITTSBURGH,11/21/2015 21:10:00,,2390.00,1553.00,453.00,242.00,153.00,180.00,116.00,59.00,APPROVED
PA: PITTSBURGH,11/21/2015 22:10:00,,2460.00,1622.00,460.00,252.00,155.00,184.00,119.00,63.00,APPROVED
PA: PITTSBURGH,11/21/2015 23:10:00,,2495.00,1642.00,468.00,257.00,155.00,185.00,120.00,62.00,APPROVED
PA: PITTSBURGH,11/22/2015 00:10:00,,2501.00,1637.00,462.00,248.00,153.00,182.00,117.00,57.00,APPROVED
PA: PITTSBURGH,11/22/2015 01:10:00,,2502.00,1620.00,453.00,243.00,153.00,180.00,117.00,60.00,APPROVED
PA: PITTSBURGH,11/22/2015 02:11:00,,2512.00,1628.00,460.00,248.00,151.00,179.00,113.00,60.00,APPROVED
PA: PITTSBURGH,11/22/2015 03:11:00,,2960.00,2054.00,556.00,318.00,179.00,224.00,133.00,64.00,APPROVED
PA: PITTSBURGH,11/22/2015 04:11:00,,3038.00,2117.00,572.00,329.00,185.00,234.00,131.00,65.00,APPROVED
PA: PITTSBURGH,11/22/2015 05:11:00,,2877.00,1922.00,519.00,285.00,168.00,208.00,116.00,61.00,APPROVED
PA: PITTSBURGH,11/22/2015 06:11:00,,2796.00,1824.00,493.00,265.00,160.00,193.00,111.00,60.00,APPROVED
PA: PITTSBURGH,11/22/2015 07:12:00,,2810.00,1831.00,493.00,267.00,161.00,198.00,114.00,60.00,APPROVED
PA: PITTSBURGH,11/22/2015 08:12:00,,2797.00,1830.00,496.00,265.00,159.00,198.00,112.00,62.00,APPROVED
PA: PITTSBURGH,11/22/2015 09:12:00,,2767.00,1806.00,484.00,256.00,159.00,195.00,109.00,60.00,APPROVED
PA: PITTSBURGH,11/22/2015 10:12:00,,2728.00,1746.00,479.00,247.00,153.00,192.00,105.00,60.00,APPROVED
PA: PITTSBURGH,11/22/2015 11:13:00,,2697.00,1699.00,459.00,238.00,146.00,182.00,100.00,59.00,APPROVED
PA: PITTSBURGH,11/22/2015 12:13:00,,2707.00,1697.00,462.00,229.00,149.00,181.00,101.00,58.00,APPROVED
PA: PITTSBURGH,11/22/2015 13:13:00,,2721.00,1709.00,464.00,234.00,148.00,182.00,100.00,58.00,APPROVED
PA: PITTSBURGH,11/22/2015 14:13:00,,2728.00,1725.00,465.00,241.00,148.00,184.00,103.00,58.00,APPROVED
PA: PITTSBURGH,11/22/2015 15:13:00,,2711.00,1719.00,466.00,237.00,150.00,184.00,100.00,56.00,APPROVED
PA: PITTSBURGH,11/22/2015 16:14:00,,2707.00,1701.00,461.00,237.00,148.00,182.00,99.00,59.00,APPROVED
PA: PITTSBURGH,11/22/2015 17:14:00,,2675.00,1682.00,457.00,232.00,147.00,178.00,99.00,59.00,APPROVED
PA: PITTSBURGH,11/22/2015 18:14:00,,2646.00,1660.00,452.00,229.00,147.00,178.00,99.00,57.00,APPROVED
PA: PITTSBURGH,11/22/2015 19:14:00,,2660.00,1668.00,453.00,229.00,147.00,180.00,99.00,58.00,APPROVED
PA: PITTSBURGH,11/22/2015 20:14:00,,2658.00,1678.00,454.00,228.00,147.00,177.00,100.00,59.00,APPROVED
PA: PITTSBURGH,11/22/2015 21:15:00,,2668.00,1672.00,450.00,228.00,146.00,180.00,100.00,58.00,APPROVED
PA: PITTSBURGH,11/22/2015 22:15:00,,2664.00,1690.00,454.00,242.00,149.00,176.00,112.00,59.00,APPROVED
PA: PITTSBURGH,11/22/2015 23:15:00,,2673.00,1709.00,452.00,243.00,152.00,175.00,115.00,59.00,APPROVED
PA: PITTSBURGH,11/23/2015 00:15:00,,2734.00,1736.00,463.00,237.00,148.00,181.00,103.00,60.00,APPROVED
PA: PITTSBURGH,11/23/2015 01:15:00,,2786.00,1757.00,471.00,238.00,150.00,188.00,101.00,58.00,APPROVED
PA: PITTSBURGH,11/23/2015 02:16:00,,2785.00,1746.00,469.00,238.00,150.00,187.00,96.00,58.00,APPROVED
PA: PITTSBURGH,11/23/2015 03:16:00,,2859.00,1754.00,472.00,236.00,151.00,186.00,96.00,58.00,APPROVED
PA: PITTSBURGH,11/23/2015 04:16:00,,2942.00,1772.00,472.00,237.00,152.00,188.00,96.00,58.00,APPROVED
PA: PITTSBURGH,11/23/2015 05:16:00,,3147.00,1824.00,485.00,242.00,149.00,194.00,96.00,60.00,APPROVED
PA: PITTSBURGH,11/23/2015 06:16:00,,3529.00,1850.00,490.00,248.00,157.00,201.00,97.00,60.00,APPROVED
PA: PITTSBURGH,11/23/2015 07:17:00,,3962.00,1871.00,503.00,254.00,158.00,200.00,96.00,58.00,APPROVED
PA: PITTSBURGH,11/23/2015 08:17:00,,4564.00,1877.00,500.00,254.00,158.00,207.00,97.00,60.00,APPROVED
PA: PITTSBURGH,11/23/2015 15:18:00,,4102.00,1917.00,522.00,270.00,161.00,215.00,102.00,60.00,APPROVED
PA: PITTSBURGH,11/23/2015 16:18:00,,3032.00,1860.00,498.00,263.00,154.00,204.00,99.00,61.00,APPROVED
PA: PITTSBURGH,11/23/2015 17:19:00,,2807.00,1797.00,485.00,250.00,152.00,196.00,103.00,60.00,APPROVED
PA: PITTSBURGH,11/23/2015 18:19:00,,2737.00,1732.00,467.00,241.00,153.00,188.00,100.00,59.00,APPROVED
PA: PITTSBURGH,11/23/2015 19:19:00,,2661.00,1701.00,461.00,239.00,150.00,184.00,102.00,58.00,APPROVED
PA: PITTSBURGH,11/23/2015 20:19:00,,2670.00,1704.00,463.00,238.00,150.00,183.00,104.00,60.00,APPROVED
PA: PITTSBURGH,11/23/2015 21:19:00,,2693.00,1706.00,466.00,240.00,152.00,185.00,104.00,59.00,APPROVED
PA: PITTSBURGH,11/23/2015 22:42:00,,2769.00,1711.00,447.00,225.00,144.00,174.00,102.00,56.00,APPROVED
PA: PITTSBURGH,11/23/2015 23:43:00,,2777.00,1716.00,449.00,232.00,149.00,176.00,99.00,57.00,APPROVED
PA: PITTSBURGH,11/24/2015 00:43:00,,2750.00,1725.00,459.00,232.00,148.00,181.00,97.00,57.00,APPROVED
PA: PITTSBURGH,11/24/2015 01:43:00,,2773.00,1728.00,461.00,234.00,148.00,180.00,102.00,58.00,APPROVED
PA: PITTSBURGH,11/24/2015 02:43:00,,2777.00,1736.00,460.00,236.00,149.00,183.00,103.00,58.00,APPROVED
PA: PITTSBURGH,11/24/2015 03:43:00,,2809.00,1749.00,464.00,240.00,153.00,185.00,102.00,58.00,APPROVED
PA: PITTSBURGH,11/24/2015 04:44:00,,2861.00,1801.00,467.00,245.00,151.00,184.00,102.00,57.00,APPROVED
PA: PITTSBURGH,11/24/2015 05:44:00,,2873.00,1803.00,477.00,248.00,154.00,187.00,103.00,58.00,APPROVED
PA: PITTSBURGH,11/24/2015 06:44:00,,2885.00,1835.00,484.00,249.00,153.00,193.00,101.00,61.00,APPROVED
PA: PITTSBURGH,11/24/2015 07:44:00,,2902.00,1846.00,482.00,254.00,154.00,193.00,104.00,60.00,APPROVED
PA: PITTSBURGH,11/24/2015 08:44:00,,2924.00,1880.00,491.00,262.00,158.00,196.00,109.00,61.00,APPROVED
PA: PITTSBURGH,11/24/2015 09:45:00,,2953.00,1916.00,504.00,268.00,163.00,201.00,109.00,60.00,APPROVED
PA: PITTSBURGH,11/24/2015 10:45:00,,3006.00,1952.00,511.00,278.00,164.00,205.00,112.00,61.00,APPROVED
PA: PITTSBURGH,11/24/2015 11:45:00,,2956.00,1911.00,505.00,271.00,162.00,201.00,111.00,60.00,APPROVED
PA: PITTSBURGH,11/24/2015 12:45:00,,2947.00,1901.00,498.00,263.00,162.00,199.00,108.00,59.00,APPROVED
PA: PITTSBURGH,11/24/2015 13:45:00,,3049.00,1977.00,521.00,281.00,164.00,203.00,111.00,60.00,APPROVED
PA: PITTSBURGH,11/24/2015 14:46:00,,3015.00,1980.00,527.00,284.00,166.00,214.00,113.00,62.00,APPROVED
PA: PITTSBURGH,11/24/2015 15:46:00,,2936.00,1925.00,510.00,277.00,163.00,204.00,114.00,60.00,APPROVED
PA: PITTSBURGH,11/24/2015 16:46:00,,2864.00,1868.00,500.00,270.00,159.00,200.00,114.00,60.00,APPROVED
PA: PITTSBURGH,11/24/2015 17:46:00,,2814.00,1825.00,490.00,264.00,160.00,193.00,111.00,60.00,APPROVED
PA: PITTSBURGH,11/24/2015 18:46:00,,2752.00,1791.00,480.00,254.00,155.00,189.00,113.00,60.00,APPROVED
PA: PITTSBURGH,11/24/2015 19:47:00,,2624.00,1690.00,465.00,249.00,154.00,184.00,113.00,59.00,APPROVED
PA: PITTSBURGH,11/24/2015 20:47:00,,2635.00,1692.00,466.00,246.00,156.00,184.00,111.00,60.00,APPROVED
PA: PITTSBURGH,11/24/2015 21:47:00,,2668.00,1715.00,466.00,249.00,152.00,181.00,113.00,60.00,APPROVED
PA: PITTSBURGH,11/24/2015 22:47:00,,2717.00,1735.00,469.00,250.00,154.00,178.00,111.00,60.00,APPROVED
PA: PITTSBURGH,11/24/2015 23:47:00,,2745.00,1764.00,473.00,252.00,155.00,182.00,110.00,60.00,APPROVED
PA: PITTSBURGH,11/25/2015 00:48:00,,2814.00,1825.00,483.00,261.00,154.00,191.00,110.00,59.00,APPROVED
PA: PITTSBURGH,11/25/2015 01:48:00,,2907.00,1883.00,495.00,266.00,159.00,199.00,112.00,60.00,APPROVED
PA: PITTSBURGH,11/25/2015 02:48:00,,2981.00,1949.00,514.00,276.00,165.00,204.00,113.00,60.00,APPROVED
PA: PITTSBURGH,11/25/2015 03:48:00,,3013.00,1997.00,521.00,283.00,166.00,212.00,112.00,61.00,APPROVED
PA: PITTSBURGH,11/25/2015 04:48:00,,3081.00,2034.00,532.00,288.00,170.00,216.00,116.00,62.00,APPROVED
PA: PITTSBURGH,11/25/2015 05:49:00,,3126.00,2075.00,544.00,299.00,171.00,225.00,116.00,61.00,APPROVED
PA: PITTSBURGH,11/25/2015 06:49:00,,3170.00,2117.00,558.00,306.00,176.00,226.00,117.00,66.00,APPROVED
PA: PITTSBURGH,11/25/2015 07:49:00,,3200.00,2134.00,564.00,306.00,176.00,230.00,118.00,62.00,APPROVED
PA: PITTSBURGH,11/25/2015 08:49:00,,3243.00,2154.00,568.00,309.00,180.00,233.00,118.00,62.00,APPROVED
PA: PITTSBURGH,11/25/2015 09:49:00,,3284.00,2198.00,578.00,321.00,177.00,236.00,123.00,65.00,APPROVED
PA: PITTSBURGH,11/25/2015 10:50:00,,3317.00,2227.00,587.00,325.00,183.00,242.00,120.00,62.00,APPROVED
PA: PITTSBURGH,11/25/2015 11:50:00,,3368.00,2264.00,601.00,331.00,186.00,247.00,126.00,65.00,APPROVED
PA: PITTSBURGH,11/25/2015 12:50:00,,3406.00,2310.00,611.00,340.00,187.00,254.00,124.00,65.00,APPROVED
PA: PITTSBURGH,11/25/2015 13:50:00,,3411.00,2340.00,617.00,347.00,195.00,259.00,129.00,67.00,APPROVED
PA: PITTSBURGH,11/25/2015 14:50:00,,3305.00,2298.00,609.00,346.00,188.00,258.00,126.00,67.00,APPROVED
PA: PITTSBURGH,11/25/2015 15:51:00,,3158.00,2162.00,577.00,329.00,182.00,238.00,127.00,64.00,APPROVED
PA: PITTSBURGH,11/25/2015 16:51:00,,2954.00,1996.00,536.00,299.00,168.00,217.00,122.00,65.00,APPROVED
PA: PITTSBURGH,11/25/2015 17:51:00,,2774.00,1835.00,507.00,276.00,163.00,198.00,122.00,61.00,APPROVED
PA: PITTSBURGH,11/25/2015 18:51:00,,2626.00,1723.00,481.00,259.00,162.00,190.00,118.00,60.00,APPROVED
PA: PITTSBURGH,11/25/2015 19:51:00,,2418.00,1591.00,458.00,250.00,155.00,184.00,119.00,61.00,APPROVED
PA: PITTSBURGH,11/25/2015 20:52:00,,2402.00,1565.00,447.00,245.00,151.00,176.00,118.00,60.00,APPROVED
PA: PITTSBURGH,11/25/2015 21:52:00,,2436.00,1585.00,450.00,239.00,151.00,175.00,118.00,60.00,APPROVED
PA: PITTSBURGH,11/25/2015 22:52:00,,2523.00,1641.00,453.00,247.00,151.00,177.00,118.00,60.00,APPROVED
PA: PITTSBURGH,11/25/2015 23:52:00,,2624.00,1708.00,465.00,254.00,155.00,181.00,119.00,58.00,APPROVED
PA: PITTSBURGH,11/26/2015 00:52:00,,2684.00,1755.00,472.00,258.00,156.00,182.00,118.00,61.00,APPROVED
PA: PITTSBURGH,11/26/2015 01:53:00,,2693.00,1744.00,475.00,261.00,157.00,184.00,120.00,60.00,APPROVED
PA: PITTSBURGH,11/26/2015 02:53:00,,2709.00,1759.00,477.00,259.00,154.00,186.00,116.00,59.00,APPROVED
PA: PITTSBURGH,11/26/2015 03:53:00,,2727.00,1787.00,474.00,260.00,160.00,186.00,112.00,60.00,APPROVED
PA: PITTSBURGH,11/26/2015 04:53:00,,2702.00,1759.00,478.00,257.00,156.00,186.00,117.00,59.00,APPROVED
PA: PITTSBURGH,11/26/2015 05:53:00,,2696.00,1737.00,474.00,255.00,154.00,184.00,111.00,59.00,APPROVED
PA: PITTSBURGH,11/26/2015 06:54:00,,2768.00,1792.00,492.00,260.00,157.00,191.00,114.00,58.00,APPROVED
PA: PITTSBURGH,11/26/2015 07:54:00,,2865.00,1908.00,510.00,281.00,164.00,203.00,117.00,61.00,APPROVED
PA: PITTSBURGH,11/26/2015 08:54:00,,2945.00,1984.00,530.00,292.00,168.00,213.00,120.00,63.00,APPROVED
PA: PITTSBURGH,11/26/2015 09:54:00,,2984.00,2006.00,538.00,301.00,171.00,218.00,122.00,63.00,APPROVED
PA: PITTSBURGH,11/26/2015 10:54:00,,2983.00,2047.00,540.00,307.00,171.00,225.00,125.00,64.00,APPROVED
PA: PITTSBURGH,11/26/2015 11:55:00,,2976.00,2038.00,549.00,316.00,177.00,224.00,127.00,62.00,APPROVED
PA: PITTSBURGH,11/26/2015 12:55:00,,2977.00,2067.00,553.00,321.00,180.00,231.00,129.00,66.00,APPROVED
PA: PITTSBURGH,11/26/2015 13:55:00,,2971.00,2107.00,563.00,329.00,182.00,235.00,133.00,65.00,APPROVED
PA: PITTSBURGH,11/26/2015 14:55:00,,2888.00,2041.00,557.00,329.00,180.00,233.00,132.00,64.00,APPROVED
PA: PITTSBURGH,11/26/2015 15:55:00,,2763.00,1920.00,524.00,305.00,170.00,218.00,130.00,63.00,APPROVED
PA: PITTSBURGH,11/26/2015 16:56:00,,2586.00,1724.00,485.00,271.00,162.00,197.00,121.00,62.00,APPROVED
PA: PITTSBURGH,11/26/2015 17:56:00,,2450.00,1613.00,456.00,248.00,152.00,181.00,119.00,61.00,APPROVED
PA: PITTSBURGH,11/26/2015 18:56:00,,2345.00,1522.00,439.00,235.00,148.00,177.00,119.00,60.00,APPROVED
PA: PITTSBURGH,11/26/2015 19:56:00,,2253.00,1446.00,438.00,233.00,148.00,172.00,118.00,60.00,APPROVED
PA: PITTSBURGH,11/26/2015 20:56:00,,2251.00,1455.00,432.00,230.00,146.00,171.00,117.00,59.00,APPROVED
PA: PITTSBURGH,11/26/2015 21:57:00,,2298.00,1474.00,436.00,232.00,145.00,168.00,115.00,59.00,APPROVED
PA: PITTSBURGH,11/26/2015 22:57:00,,2350.00,1517.00,434.00,229.00,149.00,169.00,116.00,59.00,APPROVED
PA: PITTSBURGH,11/26/2015 23:57:00,,2426.00,1576.00,439.00,239.00,148.00,171.00,117.00,59.00,APPROVED
PA: PITTSBURGH,11/27/2015 00:57:00,,2539.00,1674.00,456.00,249.00,152.00,180.00,119.00,58.00,APPROVED
PA: PITTSBURGH,11/27/2015 01:57:00,,2659.00,1767.00,478.00,266.00,160.00,191.00,119.00,60.00,APPROVED
PA: PITTSBURGH,11/27/2015 02:58:00,,2724.00,1813.00,491.00,272.00,162.00,194.00,121.00,62.00,APPROVED
PA: PITTSBURGH,11/27/2015 03:58:00,,2730.00,1823.00,493.00,273.00,161.00,193.00,119.00,61.00,APPROVED
PA: PITTSBURGH,11/27/2015 04:58:00,,2668.00,1751.00,485.00,263.00,156.00,191.00,117.00,61.00,APPROVED
PA: PITTSBURGH,11/27/2015 05:58:00,,2616.00,1714.00,468.00,257.00,153.00,181.00,116.00,63.00,APPROVED
PA: PITTSBURGH,11/27/2015 06:58:00,,2620.00,1676.00,462.00,245.00,152.00,179.00,114.00,60.00,APPROVED
PA: PITTSBURGH,11/27/2015 07:59:00,,2576.00,1650.00,449.00,240.00,151.00,178.00,112.00,59.00,APPROVED
PA: PITTSBURGH,11/27/2015 08:59:00,,2582.00,1657.00,454.00,240.00,149.00,175.00,114.00,59.00,APPROVED
PA: PITTSBURGH,11/27/2015 09:59:00,,2614.00,1685.00,461.00,244.00,150.00,180.00,114.00,57.00,APPROVED
PA: PITTSBURGH,11/27/2015 10:59:00,,2654.00,1728.00,465.00,253.00,154.00,179.00,113.00,61.00,APPROVED
PA: PITTSBURGH,11/27/2015 11:59:00,,2650.00,1743.00,470.00,256.00,153.00,184.00,114.00,60.00,APPROVED
PA: PITTSBURGH,11/27/2015 13:00:00,,2675.00,1748.00,474.00,261.00,154.00,188.00,114.00,60.00,APPROVED
PA: PITTSBURGH,11/27/2015 14:00:00,,2689.00,1797.00,486.00,268.00,158.00,195.00,119.00,59.00,APPROVED
PA: PITTSBURGH,11/27/2015 15:00:00,,2686.00,1823.00,495.00,279.00,163.00,202.00,122.00,61.00,APPROVED
PA: PITTSBURGH,11/27/2015 16:00:00,,2547.00,1686.00,476.00,260.00,154.00,189.00,120.00,61.00,APPROVED
PA: PITTSBURGH,11/27/2015 17:00:00,,2428.00,1582.00,451.00,244.00,153.00,178.00,117.00,62.00,APPROVED
PA: PITTSBURGH,11/27/2015 18:01:00,,2325.00,1510.00,436.00,237.00,149.00,170.00,117.00,61.00,APPROVED
PA: PITTSBURGH,11/27/2015 19:01:00,,2275.00,1469.00,441.00,230.00,148.00,171.00,117.00,59.00,APPROVED
PA: PITTSBURGH,11/27/2015 20:01:00,,2252.00,1449.00,430.00,225.00,146.00,169.00,119.00,59.00,APPROVED
PA: PITTSBURGH,11/27/2015 21:01:00,,2252.00,1452.00,426.00,224.00,147.00,171.00,118.00,61.00,APPROVED
PA: PITTSBURGH,11/27/2015 22:01:00,,2279.00,1468.00,428.00,227.00,148.00,168.00,117.00,59.00,APPROVED
PA: PITTSBURGH,11/27/2015 23:02:00,,2306.00,1480.00,431.00,229.00,148.00,169.00,116.00,58.00,APPROVED
PA: PITTSBURGH,11/28/2015 00:02:00,,2297.00,1481.00,433.00,230.00,148.00,168.00,117.00,58.00,APPROVED
PA: PITTSBURGH,11/28/2015 01:02:00,,2318.00,1493.00,433.00,233.00,148.00,172.00,115.00,59.00,APPROVED
PA: PITTSBURGH,11/28/2015 02:02:00,,2331.00,1500.00,438.00,235.00,153.00,171.00,118.00,59.00,APPROVED
PA: PITTSBURGH,11/28/2015 03:02:00,,2363.00,1532.00,438.00,235.00,150.00,172.00,120.00,59.00,APPROVED
PA: PITTSBURGH,11/28/2015 04:03:00,,2369.00,1543.00,444.00,239.00,151.00,174.00,116.00,59.00,APPROVED
PA: PITTSBURGH,11/28/2015 05:03:00,,2384.00,1542.00,447.00,235.00,151.00,175.00,117.00,59.00,APPROVED
PA: PITTSBURGH,11/28/2015 06:03:00,,2388.00,1567.00,449.00,240.00,151.00,175.00,118.00,61.00,APPROVED
PA: PITTSBURGH,11/28/2015 07:03:00,,2412.00,1563.00,448.00,243.00,150.00,178.00,119.00,58.00,APPROVED
PA: PITTSBURGH,11/28/2015 08:03:00,,2475.00,1619.00,457.00,253.00,153.00,182.00,121.00,61.00,APPROVED
PA: PITTSBURGH,11/28/2015 09:04:00,,2530.00,1663.00,465.00,261.00,157.00,182.00,121.00,60.00,APPROVED
PA: PITTSBURGH,11/28/2015 10:04:00,,2558.00,1675.00,469.00,254.00,159.00,181.00,121.00,62.00,APPROVED
PA: PITTSBURGH,11/28/2015 11:04:00,,2559.00,1688.00,464.00,262.00,156.00,186.00,117.00,60.00,APPROVED
PA: PITTSBURGH,11/28/2015 12:04:00,,2709.00,1827.00,494.00,282.00,163.00,198.00,126.00,61.00,APPROVED
PA: PITTSBURGH,11/28/2015 13:04:00,,2932.00,2033.00,550.00,314.00,174.00,219.00,133.00,63.00,APPROVED
PA: PITTSBURGH,11/28/2015 14:05:00,,2951.00,2012.00,540.00,315.00,174.00,219.00,131.00,63.00,APPROVED
PA: PITTSBURGH,11/28/2015 15:05:00,,2892.00,1949.00,526.00,303.00,171.00,213.00,126.00,62.00,APPROVED
PA: PITTSBURGH,11/28/2015 16:05:00,,2960.00,2015.00,546.00,314.00,176.00,217.00,130.00,65.00,APPROVED
PA: PITTSBURGH,11/28/2015 17:05:00,,2962.00,2035.00,554.00,318.00,178.00,223.00,134.00,64.00,APPROVED
PA: PITTSBURGH,11/28/2015 18:05:00,,3139.00,2226.00,596.00,353.00,187.00,240.00,140.00,66.00,APPROVED
PA: PITTSBURGH,11/28/2015 19:06:00,,3171.00,2255.00,606.00,361.00,194.00,243.00,145.00,66.00,APPROVED
PA: PITTSBURGH,11/28/2015 20:06:00,,3032.00,2089.00,568.00,331.00,183.00,226.00,133.00,65.00,APPROVED
PA: PITTSBURGH,11/28/2015 21:06:00,,2802.00,1871.00,502.00,283.00,163.00,202.00,123.00,61.00,APPROVED
PA: PITTSBURGH,11/28/2015 22:06:00,,2870.00,1923.00,517.00,290.00,166.00,209.00,121.00,62.00,APPROVED
PA: PITTSBURGH,11/28/2015 23:06:00,,2742.00,1782.00,484.00,267.00,160.00,194.00,116.00,59.00,APPROVED
PA: PITTSBURGH,11/29/2015 00:07:00,,2769.00,1811.00,489.00,268.00,161.00,195.00,116.00,59.00,APPROVED
PA: PITTSBURGH,11/29/2015 01:07:00,,2714.00,1777.00,478.00,257.00,157.00,188.00,115.00,60.00,APPROVED
PA: PITTSBURGH,11/29/2015 02:07:00,,2688.00,1742.00,471.00,255.00,155.00,190.00,113.00,59.00,APPROVED
PA: PITTSBURGH,11/29/2015 03:07:00,,2721.00,1763.00,479.00,255.00,153.00,192.00,113.00,60.00,APPROVED
PA: PITTSBURGH,11/29/2015 04:07:00,,2699.00,1742.00,469.00,254.00,159.00,185.00,113.00,59.00,APPROVED
PA: PITTSBURGH,11/29/2015 05:08:00,,2691.00,1738.00,472.00,248.00,157.00,189.00,111.00,59.00,APPROVED
PA: PITTSBURGH,11/29/2015 06:08:00,,2718.00,1768.00,477.00,260.00,155.00,188.00,111.00,59.00,APPROVED
PA: PITTSBURGH,11/29/2015 07:08:00,,2729.00,1779.00,480.00,257.00,158.00,193.00,112.00,60.00,APPROVED
PA: PITTSBURGH,11/29/2015 08:08:00,,2919.00,1945.00,527.00,294.00,168.00,211.00,119.00,61.00,APPROVED
PA: PITTSBURGH,11/29/2015 09:08:00,,2859.00,1884.00,511.00,279.00,168.00,205.00,117.00,60.00,APPROVED
PA: PITTSBURGH,11/29/2015 10:09:00,,2763.00,1796.00,484.00,263.00,154.00,196.00,112.00,61.00,APPROVED
PA: PITTSBURGH,11/29/2015 11:09:00,,2741.00,1769.00,473.00,256.00,156.00,186.00,109.00,58.00,APPROVED
PA: PITTSBURGH,11/29/2015 12:09:00,,2753.00,1769.00,475.00,254.00,156.00,190.00,109.00,61.00,APPROVED
PA: PITTSBURGH,11/29/2015 13:09:00,,2767.00,1781.00,483.00,257.00,156.00,189.00,111.00,60.00,APPROVED
PA: PITTSBURGH,11/29/2015 14:09:00,,2773.00,1798.00,488.00,258.00,157.00,195.00,108.00,60.00,APPROVED
PA: PITTSBURGH,11/29/2015 15:10:00,,2767.00,1808.00,493.00,262.00,157.00,195.00,115.00,61.00,APPROVED
PA: PITTSBURGH,11/29/2015 16:10:00,,2779.00,1795.00,483.00,258.00,157.00,189.00,108.00,60.00,APPROVED
PA: PITTSBURGH,11/29/2015 17:10:00,,2764.00,1768.00,478.00,258.00,158.00,192.00,109.00,58.00,APPROVED
PA: PITTSBURGH,11/29/2015 18:10:00,,2739.00,1758.00,471.00,251.00,155.00,188.00,107.00,59.00,APPROVED
PA: PITTSBURGH,11/29/2015 19:10:00,,2715.00,1731.00,469.00,244.00,153.00,182.00,109.00,61.00,APPROVED
PA: PITTSBURGH,11/29/2015 20:11:00,,2695.00,1719.00,465.00,242.00,149.00,182.00,109.00,59.00,APPROVED
PA: PITTSBURGH,11/29/2015 21:11:00,,2682.00,1717.00,461.00,242.00,151.00,178.00,108.00,59.00,APPROVED
PA: PITTSBURGH,11/29/2015 22:11:00,,2699.00,1725.00,464.00,242.00,151.00,181.00,108.00,60.00,APPROVED
PA: PITTSBURGH,11/29/2015 23:11:00,,2727.00,1741.00,468.00,242.00,151.00,182.00,108.00,57.00,APPROVED
PA: PITTSBURGH,11/30/2015 00:11:00,,2775.00,1777.00,473.00,255.00,152.00,189.00,109.00,59.00,APPROVED
PA: PITTSBURGH,11/30/2015 01:12:00,,2818.00,1814.00,482.00,255.00,154.00,189.00,108.00,60.00,APPROVED
PA: PITTSBURGH,11/30/2015 02:12:00,,2862.00,1843.00,493.00,261.00,157.00,198.00,111.00,59.00,APPROVED
PA: PITTSBURGH,11/30/2015 03:12:00,,2917.00,1898.00,506.00,278.00,163.00,202.00,113.00,60.00,APPROVED
PA: PITTSBURGH,11/30/2015 04:12:00,,2958.00,1943.00,514.00,283.00,169.00,208.00,113.00,60.00,APPROVED
PA: PITTSBURGH,11/30/2015 05:12:00,,3007.00,1985.00,525.00,286.00,168.00,213.00,114.00,61.00,APPROVED
PA: PITTSBURGH,11/30/2015 06:13:00,,2989.00,1968.00,522.00,282.00,166.00,214.00,112.00,61.00,APPROVED
PA: PITTSBURGH,11/30/2015 07:13:00,,2972.00,1956.00,525.00,279.00,165.00,209.00,114.00,62.00,APPROVED
PA: PITTSBURGH,11/30/2015 08:13:00,,2958.00,1948.00,518.00,279.00,164.00,209.00,114.00,61.00,APPROVED
PA: PITTSBURGH,11/30/2015 09:13:00,,2929.00,1896.00,510.00,269.00,162.00,203.00,110.00,59.00,APPROVED
PA: PITTSBURGH,11/30/2015 10:13:00,,2916.00,1862.00,498.00,260.00,157.00,197.00,103.00,60.00,APPROVED
PA: PITTSBURGH,11/30/2015 11:14:00,,2898.00,1834.00,491.00,256.00,157.00,194.00,102.00,60.00,APPROVED
PA: PITTSBURGH,11/30/2015 12:14:00,,2878.00,1823.00,484.00,250.00,155.00,194.00,103.00,60.00,APPROVED
PA: PITTSBURGH,11/30/2015 13:14:00,,2870.00,1806.00,480.00,248.00,153.00,188.00,101.00,58.00,APPROVED
PA: PITTSBURGH,11/30/2015 14:14:00,,2836.00,1798.00,478.00,246.00,155.00,186.00,103.00,59.00,APPROVED
PA: PITTSBURGH,11/30/2015 15:14:00,,2846.00,1801.00,480.00,247.00,155.00,190.00,102.00,58.00,APPROVED
PA: PITTSBURGH,11/30/2015 16:15:00,,2829.00,1810.00,480.00,248.00,153.00,192.00,105.00,59.00,APPROVED
PA: PITTSBURGH,11/30/2015 17:15:00,,2773.00,1788.00,476.00,253.00,155.00,190.00,108.00,58.00,APPROVED
PA: PITTSBURGH,11/30/2015 18:03:00,,2665.00,1717.00,464.00,250.00,152.00,187.00,108.00,59.00,APPROVED
PA: PITTSBURGH,11/30/2015 19:12:00,,2563.00,1604.00,440.00,222.00,143.00,168.00,105.00,58.00,APPROVED
PA: PITTSBURGH,11/30/2015 20:12:00,,2572.00,1633.00,446.00,233.00,148.00,176.00,112.00,58.00,APPROVED
PA: PITTSBURGH,11/30/2015 21:12:00,,2570.00,1652.00,453.00,238.00,148.00,178.00,109.00,59.00,APPROVED
PA: PITTSBURGH,11/30/2015 22:12:00,,2604.00,1670.00,460.00,243.00,151.00,177.00,113.00,59.00,APPROVED
PA: PITTSBURGH,11/30/2015 23:12:00,,2722.00,1796.00,483.00,268.00,161.00,196.00,115.00,60.00,APPROVED
PA: PITTSBURGH,12/01/2015 00:13:00,,2892.00,1937.00,531.00,298.00,171.00,215.00,124.00,62.00,APPROVED
PA: PITTSBURGH,12/01/2015 01:13:00,,2736.00,1801.00,487.00,264.00,164.00,197.00,113.00,59.00,APPROVED
PA: PITTSBURGH,12/01/2015 02:13:00,,2663.00,1707.00,467.00,247.00,154.00,184.00,110.00,59.00,APPROVED
PA: PITTSBURGH,12/01/2015 03:13:00,,2602.00,1655.00,451.00,238.00,152.00,179.00,110.00,58.00,APPROVED
PA: PITTSBURGH,12/01/2015 04:13:00,,2541.00,1609.00,439.00,229.00,144.00,173.00,102.00,60.00,APPROVED
PA: PITTSBURGH,12/01/2015 05:14:00,,2514.00,1578.00,437.00,223.00,145.00,170.00,105.00,59.00,APPROVED
PA: PITTSBURGH,12/01/2015 06:14:00,,2501.00,1589.00,440.00,224.00,145.00,169.00,107.00,57.00,APPROVED
PA: PITTSBURGH,12/01/2015 07:14:00,,2512.00,1589.00,438.00,228.00,144.00,170.00,105.00,59.00,APPROVED
PA: PITTSBURGH,12/01/2015 08:14:00,,2543.00,1594.00,440.00,229.00,149.00,174.00,106.00,57.00,APPROVED
PA: PITTSBURGH,12/01/2015 09:14:00,,2575.00,1619.00,449.00,232.00,149.00,174.00,109.00,59.00,APPROVED
PA: PITTSBURGH,12/01/2015 10:15:00,,2616.00,1684.00,467.00,248.00,155.00,185.00,113.00,60.00,APPROVED
PA: PITTSBURGH,12/01/2015 11:15:00,,2733.00,1768.00,486.00,265.00,158.00,190.00,116.00,60.00,APPROVED
PA: PITTSBURGH,12/01/2015 12:15:00,,3127.00,2182.00,586.00,342.00,186.00,239.00,135.00,64.00,APPROVED
PA: PITTSBURGH,12/01/2015 13:15:00,,2841.00,1915.00,523.00,291.00,172.00,211.00,125.00,63.00,APPROVED
PA: PITTSBURGH,12/01/2015 14:15:00,,2685.00,1760.00,488.00,268.00,160.00,195.00,116.00,61.00,APPROVED
PA: PITTSBURGH,12/01/2015 15:16:00,,2738.00,1820.00,498.00,276.00,166.00,197.00,120.00,60.00,APPROVED
PA: PITTSBURGH,12/01/2015 16:16:00,,2799.00,1887.00,520.00,293.00,166.00,208.00,118.00,62.00,APPROVED
PA: PITTSBURGH,12/01/2015 17:16:00,,2659.00,1766.00,490.00,272.00,162.00,199.00,121.00,60.00,APPROVED
PA: PITTSBURGH,12/01/2015 18:16:00,,2600.00,1731.00,487.00,270.00,161.00,196.00,122.00,59.00,APPROVED
PA: PITTSBURGH,12/01/2015 19:16:00,,2564.00,1712.00,483.00,268.00,157.00,195.00,120.00,60.00,APPROVED
PA: PITTSBURGH,12/01/2015 20:17:00,,2544.00,1692.00,477.00,265.00,161.00,195.00,121.00,61.00,APPROVED
PA: PITTSBURGH,12/01/2015 21:17:00,,2539.00,1679.00,474.00,262.00,155.00,193.00,119.00,60.00,APPROVED
PA: PITTSBURGH,12/01/2015 22:17:00,,2592.00,1753.00,490.00,278.00,163.00,199.00,127.00,61.00,APPROVED
PA: PITTSBURGH,12/01/2015 23:17:00,,2622.00,1786.00,502.00,287.00,164.00,205.00,128.00,64.00,APPROVED
PA: PITTSBURGH,12/02/2015 00:17:00,,2540.00,1702.00,482.00,271.00,161.00,200.00,124.00,61.00,APPROVED
PA: PITTSBURGH,12/02/2015 01:18:00,,2576.00,1752.00,497.00,283.00,169.00,206.00,126.00,64.00,APPROVED
PA: PITTSBURGH,12/02/2015 02:18:00,,2497.00,1684.00,483.00,276.00,159.00,196.00,125.00,62.00,APPROVED
PA: PITTSBURGH,12/02/2015 03:18:00,,2569.00,1738.00,498.00,282.00,165.00,201.00,129.00,61.00,APPROVED
PA: PITTSBURGH,12/02/2015 04:18:00,,3481.00,2649.00,700.00,445.00,226.00,297.00,172.00,74.00,APPROVED
PA: PITTSBURGH,12/02/2015 05:18:00,,3797.00,2937.00,786.00,519.00,249.00,333.00,186.00,79.00,APPROVED
PA: PITTSBURGH,12/02/2015 06:19:00,,3633.00,2787.00,762.00,499.00,243.00,324.00,184.00,77.00,APPROVED
PA: PITTSBURGH,12/02/2015 07:19:00,,2983.00,2145.00,596.00,365.00,192.00,253.00,150.00,69.00,APPROVED
PA: PITTSBURGH,12/02/2015 08:19:00,,2769.00,1902.00,524.00,318.00,177.00,217.00,131.00,65.00,APPROVED
PA: PITTSBURGH,12/02/2015 09:19:00,,2680.00,1813.00,501.00,292.00,167.00,206.00,127.00,61.00,APPROVED
PA: PITTSBURGH,12/02/2015 10:19:00,,2740.00,1883.00,516.00,303.00,170.00,210.00,130.00,62.00,APPROVED
PA: PITTSBURGH,12/02/2015 11:20:00,,2849.00,1976.00,543.00,315.00,180.00,225.00,133.00,65.00,APPROVED
PA: PITTSBURGH,12/02/2015 12:20:00,,2917.00,2067.00,562.00,338.00,186.00,233.00,139.00,65.00,APPROVED
PA: PITTSBURGH,12/02/2015 13:20:00,,3105.00,2247.00,609.00,378.00,197.00,255.00,145.00,66.00,APPROVED
PA: PITTSBURGH,12/02/2015 14:20:00,,3100.00,2228.00,602.00,372.00,193.00,251.00,147.00,66.00,APPROVED
PA: PITTSBURGH,12/02/2015 15:20:00,,2830.00,1940.00,542.00,312.00,173.00,221.00,132.00,63.00,APPROVED
PA: PITTSBURGH,12/02/2015 16:21:00,,2793.00,1925.00,534.00,307.00,172.00,220.00,130.00,62.00,APPROVED
PA: PITTSBURGH,12/02/2015 17:21:00,,2786.00,1927.00,531.00,314.00,174.00,219.00,134.00,64.00,APPROVED
PA: PITTSBURGH,12/02/2015 18:21:00,,2880.00,2032.00,562.00,330.00,183.00,232.00,138.00,66.00,APPROVED
PA: PITTSBURGH,12/02/2015 19:21:00,,2734.00,1902.00,530.00,312.00,175.00,220.00,137.00,65.00,APPROVED
PA: PITTSBURGH,12/02/2015 20:21:00,,2657.00,1813.00,503.00,293.00,170.00,209.00,129.00,64.00,APPROVED
PA: PITTSBURGH,12/02/2015 21:22:00,,2619.00,1769.00,490.00,277.00,163.00,200.00,124.00,61.00,APPROVED
PA: PITTSBURGH,12/02/2015 22:22:00,,2641.00,1777.00,495.00,279.00,165.00,204.00,124.00,61.00,APPROVED
PA: PITTSBURGH,12/02/2015 23:22:00,,2623.00,1753.00,488.00,273.00,161.00,198.00,120.00,61.00,APPROVED
PA: PITTSBURGH,12/03/2015 00:22:00,,2635.00,1744.00,484.00,267.00,158.00,196.00,119.00,60.00,APPROVED
PA: PITTSBURGH,12/03/2015 01:22:00,,2639.00,1726.00,473.00,261.00,160.00,191.00,116.00,58.00,APPROVED
PA: PITTSBURGH,12/03/2015 02:23:00,,2680.00,1751.00,481.00,260.00,155.00,188.00,116.00,62.00,APPROVED
PA: PITTSBURGH,12/03/2015 03:23:00,,2730.00,1804.00,490.00,268.00,159.00,196.00,117.00,60.00,APPROVED
PA: PITTSBURGH,12/03/2015 04:23:00,,2851.00,1907.00,516.00,290.00,166.00,214.00,122.00,62.00,APPROVED
PA: PITTSBURGH,12/03/2015 05:23:00,,3016.00,2104.00,554.00,339.00,184.00,228.00,139.00,63.00,APPROVED
PA: PITTSBURGH,12/03/2015 06:23:00,,3137.00,2231.00,580.00,365.00,192.00,241.00,145.00,67.00,APPROVED
PA: PITTSBURGH,12/03/2015 07:24:00,,2961.00,2031.00,544.00,314.00,174.00,227.00,126.00,64.00,APPROVED
PA: PITTSBURGH,12/03/2015 08:24:00,,2888.00,1909.00,519.00,280.00,163.00,210.00,116.00,63.00,APPROVED
PA: PITTSBURGH,12/03/2015 09:24:00,,2878.00,1890.00,511.00,272.00,166.00,204.00,110.00,60.00,APPROVED
PA: PITTSBURGH,12/03/2015 10:24:00,,2890.00,1904.00,511.00,275.00,166.00,207.00,110.00,59.00,APPROVED
PA: PITTSBURGH,12/03/2015 11:24:00,,2900.00,1921.00,513.00,277.00,162.00,211.00,111.00,61.00,APPROVED
PA: PITTSBURGH,12/03/2015 12:25:00,,2900.00,1921.00,515.00,278.00,168.00,213.00,112.00,63.00,APPROVED
PA: PITTSBURGH,12/03/2015 13:25:00,,2912.00,1934.00,518.00,287.00,166.00,214.00,114.00,61.00,APPROVED
PA: PITTSBURGH,12/03/2015 14:25:00,,2905.00,1945.00,521.00,291.00,165.00,214.00,114.00,62.00,APPROVED
PA: PITTSBURGH,12/03/2015 15:25:00,,2889.00,1946.00,522.00,294.00,168.00,219.00,114.00,62.00,APPROVED
PA: PITTSBURGH,12/03/2015 16:25:00,,2895.00,1938.00,523.00,292.00,170.00,215.00,117.00,62.00,APPROVED
PA: PITTSBURGH,12/03/2015 17:26:00,,2884.00,1932.00,521.00,294.00,167.00,215.00,117.00,61.00,APPROVED
PA: PITTSBURGH,12/03/2015 18:26:00,,2884.00,1927.00,524.00,296.00,170.00,217.00,118.00,61.00,APPROVED
PA: PITTSBURGH,12/03/2015 19:26:00,,2887.00,1956.00,524.00,294.00,172.00,217.00,118.00,62.00,APPROVED
PA: PITTSBURGH,12/03/2015 20:26:00,,2862.00,1946.00,533.00,295.00,170.00,220.00,119.00,63.00,APPROVED
PA: PITTSBURGH,12/03/2015 21:26:00,,2829.00,1913.00,517.00,291.00,169.00,216.00,118.00,62.00,APPROVED
PA: PITTSBURGH,12/03/2015 22:27:00,,2812.00,1894.00,517.00,290.00,167.00,210.00,118.00,61.00,APPROVED
PA: PITTSBURGH,12/03/2015 23:27:00,,2822.00,1887.00,513.00,287.00,167.00,211.00,118.00,61.00,APPROVED
PA: PITTSBURGH,12/04/2015 00:27:00,,2831.00,1901.00,506.00,285.00,170.00,212.00,117.00,60.00,APPROVED
PA: PITTSBURGH,12/04/2015 01:27:00,,2826.00,1881.00,510.00,287.00,169.00,207.00,119.00,62.00,APPROVED
PA: PITTSBURGH,12/04/2015 02:27:00,,2818.00,1876.00,508.00,282.00,165.00,207.00,117.00,62.00,APPROVED
PA: PITTSBURGH,12/04/2015 03:28:00,,2822.00,1877.00,506.00,282.00,162.00,209.00,115.00,61.00,APPROVED
PA: PITTSBURGH,12/04/2015 04:28:00,,2821.00,1880.00,507.00,280.00,163.00,209.00,116.00,62.00,APPROVED
PA: PITTSBURGH,12/04/2015 05:28:00,,2832.00,1874.00,510.00,280.00,163.00,205.00,113.00,62.00,APPROVED
PA: PITTSBURGH,12/04/2015 06:28:00,,2834.00,1873.00,512.00,279.00,161.00,206.00,117.00,60.00,APPROVED
PA: PITTSBURGH,12/04/2015 07:28:00,,2849.00,1900.00,510.00,285.00,165.00,210.00,113.00,61.00,APPROVED
PA: PITTSBURGH,12/04/2015 08:29:00,,2869.00,1905.00,516.00,284.00,166.00,208.00,114.00,61.00,APPROVED
PA: PITTSBURGH,12/04/2015 09:29:00,,2847.00,1890.00,514.00,286.00,166.00,210.00,115.00,60.00,APPROVED
PA: PITTSBURGH,12/04/2015 10:29:00,,2824.00,1862.00,501.00,277.00,163.00,205.00,112.00,62.00,APPROVED
PA: PITTSBURGH,12/04/2015 11:29:00,,2814.00,1847.00,503.00,280.00,162.00,199.00,114.00,60.00,APPROVED
PA: PITTSBURGH,12/04/2015 12:29:00,,2819.00,1859.00,503.00,273.00,164.00,205.00,113.00,62.00,APPROVED
PA: PITTSBURGH,12/04/2015 13:30:00,,2831.00,1875.00,502.00,275.00,165.00,205.00,115.00,61.00,APPROVED
PA: PITTSBURGH,12/04/2015 14:30:00,,2794.00,1842.00,504.00,270.00,163.00,203.00,113.00,60.00,APPROVED
PA: PITTSBURGH,12/04/2015 15:30:00,,2787.00,1825.00,493.00,266.00,158.00,202.00,111.00,61.00,APPROVED
PA: PITTSBURGH,12/04/2015 16:30:00,,2763.00,1820.00,494.00,266.00,164.00,199.00,111.00,63.00,APPROVED
PA: PITTSBURGH,12/04/2015 17:30:00,,2712.00,1796.00,492.00,268.00,159.00,197.00,116.00,61.00,APPROVED
PA: PITTSBURGH,12/04/2015 18:31:00,,2668.00,1761.00,488.00,261.00,157.00,196.00,115.00,59.00,APPROVED
PA: PITTSBURGH,12/04/2015 19:31:00,,2604.00,1733.00,478.00,261.00,157.00,194.00,115.00,61.00,APPROVED
PA: PITTSBURGH,12/04/2015 20:31:00,,2561.00,1684.00,475.00,258.00,157.00,191.00,118.00,58.00,APPROVED
PA: PITTSBURGH,12/04/2015 21:31:00,,2567.00,1683.00,474.00,254.00,154.00,192.00,113.00,58.00,APPROVED
PA: PITTSBURGH,12/04/2015 22:31:00,,2611.00,1704.00,479.00,256.00,158.00,187.00,113.00,60.00,APPROVED
PA: PITTSBURGH,12/04/2015 23:32:00,,2654.00,1738.00,474.00,255.00,156.00,190.00,114.00,60.00,APPROVED
PA: PITTSBURGH,12/05/2015 00:32:00,,2693.00,1754.00,482.00,258.00,160.00,188.00,112.00,60.00,APPROVED
PA: PITTSBURGH,12/05/2015 01:32:00,,2741.00,1793.00,483.00,261.00,156.00,192.00,112.00,60.00,APPROVED
PA: PITTSBURGH,12/05/2015 02:32:00,,2862.00,1886.00,509.00,275.00,164.00,203.00,114.00,60.00,APPROVED
PA: PITTSBURGH,12/05/2015 03:32:00,,2933.00,1976.00,530.00,290.00,169.00,218.00,117.00,62.00,APPROVED
PA: PITTSBURGH,12/05/2015 04:33:00,,3046.00,2067.00,553.00,312.00,177.00,231.00,122.00,63.00,APPROVED
PA: PITTSBURGH,12/05/2015 05:33:00,,3149.00,2186.00,577.00,328.00,182.00,243.00,128.00,65.00,APPROVED
PA: PITTSBURGH,12/05/2015 06:33:00,,3248.00,2281.00,610.00,350.00,191.00,258.00,131.00,67.00,APPROVED
PA: PITTSBURGH,12/05/2015 07:33:00,,3313.00,2355.00,630.00,364.00,194.00,270.00,135.00,67.00,APPROVED
PA: PITTSBURGH,12/05/2015 08:33:00,,3373.00,2390.00,640.00,369.00,199.00,271.00,136.00,69.00,APPROVED
PA: PITTSBURGH,12/05/2015 09:34:00,,3419.00,2444.00,655.00,384.00,202.00,284.00,137.00,69.00,APPROVED
PA: PITTSBURGH,12/05/2015 10:34:00,,3495.00,2505.00,671.00,389.00,204.00,288.00,138.00,68.00,APPROVED
PA: PITTSBURGH,12/05/2015 11:34:00,,3634.00,2631.00,704.00,412.00,216.00,301.00,145.00,70.00,APPROVED
PA: PITTSBURGH,12/05/2015 12:34:00,,3742.00,2707.00,731.00,425.00,220.00,316.00,148.00,69.00,APPROVED
PA: PITTSBURGH,12/05/2015 13:34:00,,3864.00,2885.00,777.00,469.00,241.00,339.00,159.00,74.00,APPROVED
PA: PITTSBURGH,12/05/2015 14:35:00,,3860.00,2953.00,805.00,487.00,245.00,356.00,168.00,75.00,APPROVED
PA: PITTSBURGH,12/05/2015 15:35:00,,3693.00,2839.00,780.00,478.00,240.00,351.00,165.00,72.00,APPROVED
PA: PITTSBURGH,12/05/2015 16:35:00,,3497.00,2655.00,738.00,451.00,226.00,328.00,160.00,74.00,APPROVED
PA: PITTSBURGH,12/05/2015 17:35:00,,3318.00,2393.00,659.00,387.00,206.00,283.00,144.00,70.00,APPROVED
PA: PITTSBURGH,12/05/2015 18:36:00,,3119.00,2208.00,611.00,361.00,192.00,256.00,140.00,67.00,APPROVED
PA: PITTSBURGH,12/05/2015 19:36:00,,2787.00,1937.00,545.00,309.00,175.00,231.00,131.00,66.00,APPROVED
PA: PITTSBURGH,12/05/2015 20:36:00,,2705.00,1860.00,524.00,303.00,171.00,218.00,132.00,65.00,APPROVED
PA: PITTSBURGH,12/05/2015 21:36:00,,2680.00,1821.00,513.00,290.00,169.00,206.00,127.00,62.00,APPROVED
PA: PITTSBURGH,12/05/2015 22:36:00,,2740.00,1851.00,510.00,286.00,167.00,209.00,124.00,63.00,APPROVED
PA: PITTSBURGH,12/05/2015 23:37:00,,2878.00,1932.00,521.00,292.00,168.00,207.00,123.00,61.00,APPROVED
PA: PITTSBURGH,12/06/2015 00:37:00,,2975.00,2002.00,538.00,307.00,172.00,217.00,124.00,64.00,APPROVED
PA: PITTSBURGH,12/06/2015 01:37:00,,3067.00,2092.00,559.00,317.00,179.00,230.00,126.00,64.00,APPROVED
PA: PITTSBURGH,12/06/2015 02:37:00,,3139.00,2184.00,581.00,329.00,183.00,243.00,128.00,65.00,APPROVED
PA: PITTSBURGH,12/06/2015 03:37:00,,3219.00,2258.00,598.00,349.00,188.00,252.00,130.00,64.00,APPROVED
PA: PITTSBURGH,12/06/2015 04:38:00,,3316.00,2330.00,622.00,366.00,195.00,263.00,134.00,68.00,APPROVED
PA: PITTSBURGH,12/06/2015 05:38:00,,3354.00,2419.00,645.00,379.00,200.00,270.00,138.00,68.00,APPROVED
PA: PITTSBURGH,12/06/2015 06:38:00,,3378.00,2477.00,676.00,394.00,210.00,287.00,140.00,70.00,APPROVED
PA: PITTSBURGH,12/06/2015 07:38:00,,3485.00,2583.00,704.00,418.00,215.00,304.00,149.00,70.00,APPROVED
PA: PITTSBURGH,12/06/2015 08:38:00,,3544.00,2622.00,721.00,421.00,220.00,312.00,151.00,70.00,APPROVED
PA: PITTSBURGH,12/06/2015 09:39:00,,3537.00,2600.00,714.00,425.00,219.00,308.00,148.00,72.00,APPROVED
PA: PITTSBURGH,12/06/2015 10:39:00,,3510.00,2591.00,709.00,420.00,216.00,307.00,148.00,72.00,APPROVED
PA: PITTSBURGH,12/06/2015 11:39:00,,3476.00,2555.00,704.00,412.00,217.00,305.00,148.00,72.00,APPROVED
PA: PITTSBURGH,12/06/2015 12:39:00,,3519.00,2590.00,707.00,416.00,216.00,305.00,148.00,70.00,APPROVED
PA: PITTSBURGH,12/06/2015 13:39:00,,3530.00,2591.00,702.00,420.00,214.00,307.00,149.00,71.00,APPROVED
PA: PITTSBURGH,12/06/2015 14:40:00,,3489.00,2562.00,703.00,417.00,217.00,303.00,146.00,71.00,APPROVED
PA: PITTSBURGH,12/06/2015 15:40:00,,3438.00,2561.00,701.00,419.00,215.00,307.00,153.00,70.00,APPROVED
PA: PITTSBURGH,12/06/2015 16:40:00,,3372.00,2502.00,688.00,418.00,215.00,300.00,151.00,68.00,APPROVED
PA: PITTSBURGH,12/06/2015 17:40:00,,3290.00,2410.00,664.00,405.00,209.00,289.00,148.00,69.00,APPROVED
PA: PITTSBURGH,12/06/2015 18:40:00,,3196.00,2292.00,637.00,377.00,199.00,275.00,146.00,70.00,APPROVED
PA: PITTSBURGH,12/06/2015 19:41:00,,3033.00,2179.00,608.00,359.00,198.00,255.00,147.00,67.00,APPROVED
PA: PITTSBURGH,12/06/2015 20:41:00,,2982.00,2122.00,585.00,356.00,191.00,252.00,143.00,67.00,APPROVED
PA: PITTSBURGH,12/06/2015 21:41:00,,2979.00,2135.00,592.00,359.00,196.00,248.00,146.00,66.00,APPROVED
PA: PITTSBURGH,12/06/2015 22:41:00,,3031.00,2161.00,598.00,357.00,194.00,249.00,147.00,69.00,APPROVED
PA: PITTSBURGH,12/06/2015 23:41:00,,3120.00,2211.00,608.00,362.00,194.00,256.00,141.00,67.00,APPROVED
PA: PITTSBURGH,12/07/2015 00:42:00,,3184.00,2285.00,623.00,368.00,199.00,260.00,143.00,68.00,APPROVED
PA: PITTSBURGH,12/07/2015 01:42:00,,3277.00,2368.00,638.00,384.00,202.00,274.00,144.00,69.00,APPROVED
PA: PITTSBURGH,12/07/2015 02:42:00,,3338.00,2442.00,662.00,398.00,208.00,280.00,147.00,71.00,APPROVED
PA: PITTSBURGH,12/07/2015 03:42:00,,3412.00,2497.00,676.00,407.00,213.00,291.00,151.00,70.00,APPROVED
PA: PITTSBURGH,12/07/2015 04:42:00,,3509.00,2612.00,698.00,419.00,216.00,300.00,153.00,71.00,APPROVED
PA: PITTSBURGH,12/07/2015 05:43:00,,3630.00,2718.00,730.00,445.00,222.00,317.00,156.00,72.00,APPROVED
PA: PITTSBURGH,12/07/2015 06:43:00,,3719.00,2834.00,765.00,464.00,234.00,330.00,165.00,73.00,APPROVED
PA: PITTSBURGH,12/07/2015 07:43:00,,3811.00,2937.00,784.00,484.00,242.00,348.00,170.00,76.00,APPROVED
PA: PITTSBURGH,12/07/2015 21:43:00,,2367.00,1627.00,480.00,284.00,163.00,198.00,132.00,62.00,APPROVED
PA: PITTSBURGH,12/07/2015 22:43:00,,2404.00,1653.00,482.00,287.00,164.00,201.00,130.00,63.00,APPROVED
PA: PITTSBURGH,12/07/2015 23:43:00,,2492.00,1704.00,496.00,298.00,166.00,202.00,132.00,60.00,APPROVED
PA: PITTSBURGH,12/08/2015 00:44:00,,2532.00,1763.00,507.00,302.00,171.00,208.00,136.00,63.00,APPROVED
PA: PITTSBURGH,12/08/2015 01:44:00,,2629.00,1843.00,525.00,320.00,175.00,216.00,139.00,64.00,APPROVED
PA: PITTSBURGH,12/08/2015 02:44:00,,2725.00,1910.00,548.00,330.00,183.00,222.00,144.00,65.00,APPROVED
PA: PITTSBURGH,12/08/2015 03:44:00,,2777.00,1973.00,563.00,345.00,188.00,233.00,148.00,67.00,APPROVED
PA: PITTSBURGH,12/08/2015 04:44:00,,2840.00,2038.00,577.00,360.00,190.00,240.00,150.00,66.00,APPROVED
PA: PITTSBURGH,12/08/2015 05:45:00,,2929.00,2137.00,606.00,381.00,195.00,249.00,157.00,68.00,APPROVED
PA: PITTSBURGH,12/08/2015 06:45:00,,2952.00,2176.00,615.00,383.00,199.00,256.00,160.00,69.00,APPROVED
PA: PITTSBURGH,12/08/2015 07:45:00,,3016.00,2209.00,627.00,391.00,207.00,260.00,163.00,70.00,APPROVED
PA: PITTSBURGH,12/08/2015 08:45:00,,3055.00,2261.00,638.00,401.00,207.00,264.00,163.00,70.00,APPROVED
PA: PITTSBURGH,12/08/2015 09:45:00,,3120.00,2312.00,652.00,416.00,212.00,273.00,169.00,71.00,APPROVED
PA: PITTSBURGH,12/08/2015 10:46:00,,3164.00,2367.00,673.00,427.00,214.00,281.00,174.00,73.00,APPROVED
PA: PITTSBURGH,12/08/2015 11:46:00,,3188.00,2396.00,684.00,436.00,219.00,289.00,178.00,74.00,APPROVED
PA: PITTSBURGH,12/08/2015 12:46:00,,3160.00,2393.00,679.00,436.00,222.00,288.00,175.00,75.00,APPROVED
PA: PITTSBURGH,12/08/2015 13:46:00,,3131.00,2366.00,669.00,443.00,223.00,283.00,174.00,77.00,APPROVED
PA: PITTSBURGH,12/08/2015 14:46:00,,3087.00,2367.00,666.00,441.00,222.00,291.00,178.00,76.00,APPROVED
PA: PITTSBURGH,12/08/2015 15:47:00,,3035.00,2338.00,664.00,440.00,220.00,284.00,174.00,77.00,APPROVED
PA: PITTSBURGH,12/08/2015 16:47:00,,2943.00,2258.00,641.00,434.00,217.00,277.00,171.00,79.00,APPROVED
PA: PITTSBURGH,12/08/2015 17:47:00,,2870.00,2183.00,626.00,421.00,211.00,276.00,168.00,77.00,APPROVED
PA: PITTSBURGH,12/08/2015 18:47:00,,2740.00,2061.00,593.00,395.00,202.00,258.00,161.00,75.00,APPROVED
PA: PITTSBURGH,12/08/2015 19:47:00,,2636.00,1951.00,570.00,372.00,192.00,244.00,155.00,74.00,APPROVED
PA: PITTSBURGH,12/08/2015 20:48:00,,2483.00,1811.00,524.00,343.00,183.00,229.00,147.00,71.00,APPROVED
PA: PITTSBURGH,12/08/2015 21:48:00,,2354.00,1658.00,496.00,305.00,165.00,204.00,134.00,65.00,APPROVED
PA: PITTSBURGH,12/08/2015 22:48:00,,2279.00,1571.00,467.00,278.00,158.00,190.00,132.00,60.00,APPROVED
PA: PITTSBURGH,12/08/2015 23:48:00,,2275.00,1530.00,449.00,267.00,155.00,185.00,127.00,58.00,APPROVED
PA: PITTSBURGH,12/09/2015 00:48:00,,2297.00,1558.00,454.00,264.00,154.00,186.00,128.00,59.00,APPROVED
PA: PITTSBURGH,12/09/2015 01:49:00,,2351.00,1624.00,468.00,276.00,158.00,189.00,127.00,60.00,APPROVED
PA: PITTSBURGH,12/09/2015 02:49:00,,2453.00,1720.00,491.00,300.00,166.00,207.00,134.00,62.00,APPROVED
PA: PITTSBURGH,12/09/2015 03:49:00,,2533.00,1806.00,516.00,318.00,174.00,215.00,140.00,63.00,APPROVED
PA: PITTSBURGH,12/09/2015 04:49:00,,2613.00,1902.00,533.00,342.00,181.00,228.00,147.00,66.00,APPROVED
PA: PITTSBURGH,12/09/2015 05:49:00,,2656.00,1942.00,551.00,349.00,189.00,233.00,152.00,66.00,APPROVED
PA: PITTSBURGH,12/09/2015 06:50:00,,2731.00,2024.00,579.00,367.00,194.00,243.00,155.00,69.00,APPROVED
PA: PITTSBURGH,12/09/2015 07:50:00,,2779.00,2090.00,598.00,379.00,199.00,251.00,159.00,70.00,APPROVED
PA: PITTSBURGH,12/09/2015 08:50:00,,2850.00,2124.00,604.00,389.00,201.00,258.00,159.00,71.00,APPROVED
PA: PITTSBURGH,12/09/2015 09:50:00,,2900.00,2186.00,623.00,399.00,207.00,267.00,165.00,73.00,APPROVED
PA: PITTSBURGH,12/09/2015 10:50:00,,2999.00,2303.00,655.00,431.00,219.00,282.00,175.00,74.00,APPROVED
PA: PITTSBURGH,12/09/2015 11:51:00,,3056.00,2416.00,693.00,455.00,228.00,298.00,180.00,76.00,APPROVED
PA: PITTSBURGH,12/09/2015 12:51:00,,3058.00,2423.00,699.00,458.00,227.00,303.00,183.00,77.00,APPROVED
PA: PITTSBURGH,12/09/2015 13:51:00,,3051.00,2409.00,692.00,462.00,228.00,303.00,181.00,78.00,APPROVED
PA: PITTSBURGH,12/09/2015 14:51:00,,2986.00,2377.00,681.00,467.00,225.00,296.00,181.00,78.00,APPROVED
PA: PITTSBURGH,12/09/2015 15:51:00,,2784.00,2164.00,625.00,419.00,208.00,273.00,169.00,79.00,APPROVED
PA: PITTSBURGH,12/09/2015 16:52:00,,2484.00,1799.00,530.00,338.00,181.00,223.00,147.00,68.00,APPROVED
PA: PITTSBURGH,12/09/2015 17:52:00,,2308.00,1601.00,484.00,288.00,167.00,197.00,134.00,63.00,APPROVED
PA: PITTSBURGH,12/09/2015 18:52:00,,2187.00,1520.00,457.00,270.00,160.00,187.00,130.00,64.00,APPROVED
PA: PITTSBURGH,12/09/2015 19:52:00,,2093.00,1448.00,440.00,256.00,150.00,183.00,125.00,58.00,APPROVED
PA: PITTSBURGH,12/09/2015 20:52:00,,2076.00,1420.00,441.00,257.00,153.00,177.00,124.00,59.00,APPROVED
PA: PITTSBURGH,12/09/2015 21:53:00,,2064.00,1406.00,434.00,250.00,148.00,177.00,123.00,60.00,APPROVED
PA: PITTSBURGH,12/09/2015 22:53:00,,2060.00,1400.00,431.00,247.00,146.00,176.00,123.00,60.00,APPROVED
PA: PITTSBURGH,12/09/2015 23:53:00,,2066.00,1407.00,431.00,247.00,147.00,175.00,124.00,57.00,APPROVED
PA: PITTSBURGH,12/10/2015 00:53:00,,2287.00,1599.00,482.00,285.00,164.00,196.00,132.00,65.00,APPROVED
PA: PITTSBURGH,12/10/2015 01:53:00,,2369.00,1660.00,501.00,300.00,169.00,207.00,138.00,65.00,APPROVED
PA: PITTSBURGH,12/10/2015 02:54:00,,2272.00,1563.00,472.00,276.00,161.00,192.00,131.00,61.00,APPROVED
PA: PITTSBURGH,12/10/2015 03:54:00,,2225.00,1519.00,461.00,268.00,157.00,185.00,129.00,61.00,APPROVED
PA: PITTSBURGH,12/10/2015 04:54:00,,2187.00,1492.00,448.00,262.00,152.00,185.00,126.00,60.00,APPROVED
PA: PITTSBURGH,12/10/2015 05:54:00,,2193.00,1496.00,449.00,268.00,159.00,183.00,125.00,58.00,APPROVED
PA: PITTSBURGH,12/10/2015 06:54:00,,2206.00,1512.00,449.00,259.00,154.00,185.00,125.00,58.00,APPROVED
PA: PITTSBURGH,12/10/2015 07:55:00,,2232.00,1515.00,451.00,269.00,157.00,185.00,127.00,59.00,APPROVED
PA: PITTSBURGH,12/10/2015 08:55:00,,2247.00,1540.00,459.00,271.00,156.00,190.00,129.00,61.00,APPROVED
PA: PITTSBURGH,12/10/2015 09:55:00,,2292.00,1569.00,455.00,276.00,157.00,190.00,127.00,60.00,APPROVED
PA: PITTSBURGH,12/10/2015 10:55:00,,2332.00,1608.00,469.00,281.00,158.00,188.00,130.00,60.00,APPROVED
PA: PITTSBURGH,12/10/2015 11:55:00,,2412.00,1694.00,492.00,297.00,166.00,203.00,137.00,60.00,APPROVED
PA: PITTSBURGH,12/10/2015 12:56:00,,2497.00,1796.00,523.00,323.00,178.00,216.00,142.00,66.00,APPROVED
PA: PITTSBURGH,12/10/2015 13:56:00,,2568.00,1907.00,548.00,350.00,184.00,230.00,151.00,67.00,APPROVED
PA: PITTSBURGH,12/10/2015 14:56:00,,2521.00,1880.00,549.00,358.00,186.00,233.00,144.00,71.00,APPROVED
PA: PITTSBURGH,12/10/2015 15:56:00,,2346.00,1673.00,501.00,314.00,172.00,210.00,139.00,65.00,APPROVED
PA: PITTSBURGH,12/10/2015 16:56:00,,2282.00,1601.00,478.00,290.00,165.00,196.00,134.00,63.00,APPROVED
PA: PITTSBURGH,12/10/2015 17:57:00,,2241.00,1554.00,463.00,279.00,162.00,196.00,130.00,61.00,APPROVED
PA: PITTSBURGH,12/10/2015 18:57:00,,2179.00,1509.00,458.00,272.00,158.00,189.00,130.00,62.00,APPROVED
PA: PITTSBURGH,12/10/2015 19:57:00,,2075.00,1430.00,438.00,258.00,155.00,187.00,127.00,61.00,APPROVED
PA: PITTSBURGH,12/10/2015 20:57:00,,2059.00,1416.00,438.00,256.00,152.00,181.00,124.00,59.00,APPROVED
PA: PITTSBURGH,12/10/2015 21:57:00,,2068.00,1409.00,436.00,254.00,149.00,178.00,121.00,59.00,APPROVED
PA: PITTSBURGH,12/10/2015 22:58:00,,2092.00,1406.00,431.00,250.00,149.00,176.00,122.00,58.00,APPROVED
PA: PITTSBURGH,12/10/2015 23:58:00,,2110.00,1423.00,435.00,249.00,150.00,176.00,122.00,57.00,APPROVED
PA: PITTSBURGH,12/11/2015 00:58:00,,2199.00,1480.00,443.00,255.00,151.00,181.00,125.00,58.00,APPROVED
PA: PITTSBURGH,12/11/2015 01:58:00,,2266.00,1579.00,463.00,276.00,158.00,189.00,129.00,60.00,APPROVED
PA: PITTSBURGH,12/11/2015 02:58:00,,2343.00,1643.00,482.00,287.00,163.00,196.00,133.00,62.00,APPROVED
PA: PITTSBURGH,12/11/2015 03:59:00,,2378.00,1685.00,488.00,304.00,167.00,203.00,136.00,64.00,APPROVED
PA: PITTSBURGH,12/11/2015 04:59:00,,2370.00,1677.00,494.00,300.00,167.00,204.00,135.00,65.00,APPROVED
PA: PITTSBURGH,12/11/2015 05:59:00,,2354.00,1646.00,487.00,298.00,168.00,200.00,133.00,62.00,APPROVED
PA: PITTSBURGH,12/11/2015 06:59:00,,2351.00,1637.00,482.00,291.00,164.00,200.00,132.00,60.00,APPROVED
PA: PITTSBURGH,12/11/2015 07:59:00,,2365.00,1658.00,486.00,289.00,166.00,197.00,135.00,64.00,APPROVED
PA: PITTSBURGH,12/11/2015 09:00:00,,2343.00,1635.00,485.00,289.00,165.00,197.00,133.00,63.00,APPROVED
PA: PITTSBURGH,12/11/2015 10:00:00,,2333.00,1632.00,478.00,289.00,166.00,196.00,135.00,60.00,APPROVED
PA: PITTSBURGH,12/11/2015 11:00:00,,2305.00,1606.00,479.00,288.00,160.00,200.00,130.00,62.00,APPROVED
PA: PITTSBURGH,12/11/2015 12:00:00,,2225.00,1537.00,462.00,272.00,158.00,188.00,130.00,61.00,APPROVED
PA: PITTSBURGH,12/11/2015 13:00:00,,2194.00,1514.00,456.00,271.00,157.00,188.00,126.00,60.00,APPROVED
PA: PITTSBURGH,12/11/2015 14:01:00,,2186.00,1504.00,454.00,266.00,156.00,186.00,124.00,62.00,APPROVED
PA: PITTSBURGH,12/11/2015 15:01:00,,2171.00,1499.00,446.00,267.00,154.00,185.00,126.00,61.00,APPROVED
PA: PITTSBURGH,12/11/2015 16:01:00,,2151.00,1481.00,452.00,262.00,155.00,188.00,129.00,60.00,APPROVED
PA: PITTSBURGH,12/11/2015 17:01:00,,2095.00,1460.00,450.00,260.00,155.00,186.00,126.00,61.00,APPROVED
PA: PITTSBURGH,12/11/2015 18:01:00,,2087.00,1448.00,447.00,268.00,156.00,184.00,130.00,60.00,APPROVED
PA: PITTSBURGH,12/11/2015 19:02:00,,2076.00,1428.00,443.00,263.00,153.00,185.00,127.00,60.00,APPROVED
PA: PITTSBURGH,12/11/2015 20:02:00,,2040.00,1423.00,445.00,262.00,154.00,188.00,126.00,63.00,APPROVED
PA: PITTSBURGH,12/11/2015 21:02:00,,2019.00,1402.00,446.00,263.00,151.00,187.00,129.00,60.00,APPROVED
PA: PITTSBURGH,12/11/2015 22:02:00,,2016.00,1397.00,435.00,255.00,154.00,184.00,127.00,59.00,APPROVED
PA: PITTSBURGH,12/11/2015 23:02:00,,2037.00,1405.00,435.00,257.00,153.00,181.00,130.00,61.00,APPROVED
PA: PITTSBURGH,12/12/2015 00:03:00,,2112.00,1467.00,443.00,268.00,158.00,186.00,132.00,61.00,APPROVED
PA: PITTSBURGH,12/12/2015 01:03:00,,2219.00,1565.00,471.00,289.00,164.00,197.00,131.00,64.00,APPROVED
PA: PITTSBURGH,12/12/2015 02:03:00,,2295.00,1640.00,491.00,304.00,167.00,205.00,134.00,65.00,APPROVED
PA: PITTSBURGH,12/12/2015 03:03:00,,2353.00,1694.00,505.00,319.00,172.00,213.00,142.00,67.00,APPROVED
PA: PITTSBURGH,12/12/2015 04:03:00,,2376.00,1730.00,510.00,326.00,174.00,214.00,147.00,69.00,APPROVED
PA: PITTSBURGH,12/12/2015 05:04:00,,2451.00,1792.00,526.00,342.00,181.00,226.00,146.00,70.00,APPROVED
PA: PITTSBURGH,12/12/2015 06:04:00,,2497.00,1851.00,548.00,353.00,188.00,236.00,151.00,73.00,APPROVED
PA: PITTSBURGH,12/12/2015 07:04:00,,2512.00,1885.00,550.00,364.00,188.00,238.00,152.00,74.00,APPROVED
PA: PITTSBURGH,12/12/2015 08:04:00,,2533.00,1904.00,557.00,370.00,192.00,240.00,155.00,75.00,APPROVED
PA: PITTSBURGH,12/12/2015 09:04:00,,2555.00,1940.00,565.00,379.00,194.00,247.00,152.00,74.00,APPROVED
PA: PITTSBURGH,12/12/2015 10:05:00,,2538.00,1930.00,563.00,380.00,193.00,247.00,158.00,75.00,APPROVED
PA: PITTSBURGH,12/12/2015 11:05:00,,2549.00,1968.00,575.00,390.00,199.00,254.00,163.00,77.00,APPROVED
PA: PITTSBURGH,12/12/2015 12:05:00,,2627.00,2011.00,590.00,399.00,203.00,257.00,164.00,78.00,APPROVED
PA: PITTSBURGH,12/12/2015 13:05:00,,2654.00,2098.00,608.00,422.00,210.00,274.00,167.00,80.00,APPROVED
PA: PITTSBURGH,12/12/2015 14:05:00,,2616.00,2058.00,610.00,420.00,207.00,268.00,169.00,81.00,APPROVED
PA: PITTSBURGH,12/12/2015 15:06:00,,2528.00,1985.00,586.00,407.00,204.00,263.00,164.00,80.00,APPROVED
PA: PITTSBURGH,12/12/2015 16:06:00,,2371.00,1840.00,559.00,380.00,195.00,247.00,157.00,79.00,APPROVED
PA: PITTSBURGH,12/12/2015 17:06:00,,2102.00,1574.00,505.00,319.00,175.00,221.00,145.00,72.00,APPROVED
PA: PITTSBURGH,12/12/2015 18:06:00,,1917.00,1353.00,450.00,266.00,154.00,190.00,130.00,64.00,APPROVED
PA: PITTSBURGH,12/12/2015 19:06:00,,1854.00,1285.00,422.00,240.00,150.00,183.00,122.00,59.00,APPROVED
PA: PITTSBURGH,12/12/2015 20:07:00,,1830.00,1261.00,419.00,238.00,146.00,175.00,126.00,62.00,APPROVED
PA: PITTSBURGH,12/12/2015 21:07:00,,1824.00,1268.00,417.00,239.00,147.00,176.00,123.00,60.00,APPROVED
PA: PITTSBURGH,12/12/2015 22:07:00,,1845.00,1292.00,426.00,249.00,148.00,181.00,125.00,60.00,APPROVED
PA: PITTSBURGH,12/12/2015 23:07:00,,1869.00,1303.00,422.00,246.00,150.00,177.00,127.00,61.00,APPROVED
PA: PITTSBURGH,12/13/2015 00:07:00,,1910.00,1349.00,439.00,257.00,150.00,187.00,128.00,61.00,APPROVED
PA: PITTSBURGH,12/13/2015 01:08:00,,1932.00,1361.00,438.00,258.00,152.00,184.00,128.00,62.00,APPROVED
PA: PITTSBURGH,12/13/2015 02:08:00,,1943.00,1378.00,437.00,262.00,155.00,187.00,128.00,61.00,APPROVED
PA: PITTSBURGH,12/13/2015 03:08:00,,1973.00,1405.00,444.00,265.00,156.00,187.00,130.00,63.00,APPROVED
PA: PITTSBURGH,12/13/2015 04:08:00,,2010.00,1443.00,458.00,278.00,157.00,192.00,132.00,65.00,APPROVED
PA: PITTSBURGH,12/13/2015 05:08:00,,2054.00,1479.00,457.00,276.00,159.00,194.00,131.00,64.00,APPROVED
PA: PITTSBURGH,12/13/2015 06:09:00,,2114.00,1524.00,466.00,295.00,163.00,202.00,135.00,65.00,APPROVED
PA: PITTSBURGH,12/13/2015 07:09:00,,2211.00,1637.00,497.00,318.00,173.00,215.00,140.00,71.00,APPROVED
PA: PITTSBURGH,12/13/2015 08:09:00,,2329.00,1777.00,525.00,353.00,182.00,235.00,151.00,74.00,APPROVED
PA: PITTSBURGH,12/13/2015 09:09:00,,2399.00,1856.00,549.00,373.00,190.00,242.00,155.00,77.00,APPROVED
PA: PITTSBURGH,12/13/2015 10:09:00,,2441.00,1907.00,563.00,391.00,196.00,250.00,159.00,76.00,APPROVED
PA: PITTSBURGH,12/13/2015 11:10:00,,2508.00,1982.00,580.00,406.00,202.00,263.00,163.00,81.00,APPROVED
PA: PITTSBURGH,12/13/2015 12:10:00,,2541.00,2039.00,600.00,420.00,211.00,270.00,171.00,82.00,APPROVED
PA: PITTSBURGH,12/13/2015 13:10:00,,2575.00,2075.00,605.00,432.00,213.00,279.00,171.00,85.00,APPROVED
PA: PITTSBURGH,12/13/2015 14:10:00,,2552.00,2053.00,596.00,426.00,217.00,275.00,170.00,84.00,APPROVED
PA: PITTSBURGH,12/13/2015 15:10:00,,2487.00,1985.00,587.00,410.00,203.00,264.00,166.00,82.00,APPROVED
PA: PITTSBURGH,12/13/2015 16:11:00,,2391.00,1861.00,565.00,383.00,197.00,253.00,160.00,78.00,APPROVED
PA: PITTSBURGH,12/13/2015 17:11:00,,2264.00,1720.00,530.00,347.00,183.00,234.00,150.00,75.00,APPROVED
PA: PITTSBURGH,12/13/2015 18:11:00,,2159.00,1602.00,497.00,317.00,176.00,219.00,142.00,70.00,APPROVED
PA: PITTSBURGH,12/13/2015 19:11:00,,2046.00,1496.00,472.00,290.00,166.00,203.00,135.00,67.00,APPROVED
PA: PITTSBURGH,12/13/2015 20:11:00,,1984.00,1416.00,453.00,272.00,160.00,196.00,131.00,64.00,APPROVED
PA: PITTSBURGH,12/13/2015 21:12:00,,1975.00,1390.00,444.00,267.00,155.00,189.00,132.00,63.00,APPROVED
PA: PITTSBURGH,12/13/2015 22:12:00,,1989.00,1395.00,443.00,255.00,152.00,183.00,128.00,63.00,APPROVED
PA: PITTSBURGH,12/13/2015 23:12:00,,2035.00,1427.00,448.00,269.00,157.00,183.00,129.00,62.00,APPROVED
PA: PITTSBURGH,12/14/2015 00:12:00,,2125.00,1521.00,465.00,285.00,161.00,196.00,132.00,65.00,APPROVED
PA: PITTSBURGH,12/14/2015 01:12:00,,2236.00,1631.00,499.00,308.00,170.00,211.00,140.00,70.00,APPROVED
PA: PITTSBURGH,12/14/2015 02:13:00,,2327.00,1716.00,508.00,332.00,180.00,218.00,142.00,69.00,APPROVED
PA: PITTSBURGH,12/14/2015 03:13:00,,2376.00,1784.00,533.00,348.00,183.00,227.00,149.00,71.00,APPROVED
PA: PITTSBURGH,12/14/2015 04:13:00,,2429.00,1831.00,542.00,357.00,185.00,239.00,154.00,73.00,APPROVED
PA: PITTSBURGH,12/14/2015 05:13:00,,2466.00,1891.00,560.00,371.00,190.00,247.00,158.00,76.00,APPROVED
PA: PITTSBURGH,12/14/2015 06:13:00,,2513.00,1901.00,561.00,378.00,196.00,248.00,157.00,79.00,APPROVED
PA: PITTSBURGH,12/14/2015 07:14:00,,2534.00,1959.00,575.00,394.00,199.00,257.00,161.00,77.00,APPROVED
PA: PITTSBURGH,12/14/2015 08:14:00,,2560.00,2006.00,583.00,403.00,201.00,261.00,162.00,81.00,APPROVED
PA: PITTSBURGH,12/14/2015 09:14:00,,2627.00,2053.00,596.00,416.00,211.00,268.00,167.00,79.00,APPROVED
PA: PITTSBURGH,12/14/2015 10:14:00,,2673.00,2123.00,611.00,433.00,212.00,272.00,172.00,84.00,APPROVED
PA: PITTSBURGH,12/14/2015 11:14:00,,2721.00,2172.00,629.00,448.00,216.00,283.00,174.00,87.00,APPROVED
PA: PITTSBURGH,12/14/2015 12:15:00,,2764.00,2203.00,629.00,460.00,217.00,285.00,178.00,88.00,APPROVED
PA: PITTSBURGH,12/14/2015 13:15:00,,2802.00,2254.00,644.00,465.00,230.00,290.00,181.00,89.00,APPROVED
PA: PITTSBURGH,12/14/2015 14:15:00,,2771.00,2223.00,637.00,470.00,225.00,287.00,179.00,89.00,APPROVED
PA: PITTSBURGH,12/14/2015 15:15:00,,2706.00,2159.00,628.00,450.00,224.00,284.00,176.00,86.00,APPROVED
PA: PITTSBURGH,12/14/2015 16:15:00,,2550.00,2013.00,598.00,410.00,212.00,266.00,167.00,85.00,APPROVED
PA: PITTSBURGH,12/14/2015 17:16:00,,2423.00,1902.00,571.00,391.00,198.00,256.00,162.00,79.00,APPROVED
PA: PITTSBURGH,12/14/2015 18:16:00,,2291.00,1781.00,547.00,368.00,191.00,239.00,158.00,76.00,APPROVED
PA: PITTSBURGH,12/14/2015 19:16:00,,2087.00,1538.00,487.00,307.00,169.00,211.00,141.00,67.00,APPROVED
PA: PITTSBURGH,12/14/2015 20:16:00,,2294.00,1700.00,526.00,325.00,178.00,221.00,146.00,73.00,APPROVED
PA: PITTSBURGH,12/14/2015 21:17:00,,2359.00,1748.00,539.00,339.00,179.00,229.00,146.00,74.00,APPROVED
PA: PITTSBURGH,12/14/2015 22:17:00,,2163.00,1554.00,491.00,296.00,166.00,204.00,136.00,68.00,APPROVED
PA: PITTSBURGH,12/14/2015 23:17:00,,1997.00,1381.00,439.00,253.00,152.00,180.00,127.00,59.00,APPROVED
PA: PITTSBURGH,12/15/2015 00:17:00,,1917.00,1303.00,418.00,233.00,145.00,169.00,121.00,58.00,APPROVED
PA: PITTSBURGH,12/15/2015 01:17:00,,1911.00,1293.00,413.00,225.00,143.00,166.00,120.00,55.00,APPROVED
PA: PITTSBURGH,12/15/2015 02:18:00,,1935.00,1309.00,414.00,228.00,142.00,166.00,121.00,56.00,APPROVED
PA: PITTSBURGH,12/15/2015 03:18:00,,1936.00,1308.00,414.00,231.00,145.00,166.00,118.00,58.00,APPROVED
PA: PITTSBURGH,12/15/2015 04:18:00,,2033.00,1398.00,439.00,251.00,149.00,175.00,123.00,59.00,APPROVED
PA: PITTSBURGH,12/15/2015 05:18:00,,2151.00,1508.00,459.00,271.00,160.00,186.00,131.00,61.00,APPROVED
PA: PITTSBURGH,12/15/2015 06:18:00,,2115.00,1445.00,439.00,257.00,153.00,183.00,122.00,60.00,APPROVED
PA: PITTSBURGH,12/15/2015 07:19:00,,2115.00,1437.00,445.00,252.00,151.00,179.00,123.00,60.00,APPROVED
PA: PITTSBURGH,12/15/2015 08:19:00,,2137.00,1472.00,443.00,258.00,153.00,181.00,123.00,59.00,APPROVED
PA: PITTSBURGH,12/15/2015 09:19:00,,2151.00,1479.00,447.00,262.00,156.00,182.00,125.00,58.00,APPROVED
PA: PITTSBURGH,12/15/2015 10:19:00,,2193.00,1512.00,459.00,267.00,158.00,181.00,126.00,59.00,APPROVED
PA: PITTSBURGH,12/15/2015 11:19:00,,2241.00,1548.00,467.00,263.00,157.00,188.00,129.00,59.00,APPROVED
PA: PITTSBURGH,12/15/2015 12:20:00,,2331.00,1639.00,484.00,284.00,164.00,197.00,130.00,62.00,APPROVED
PA: PITTSBURGH,12/15/2015 13:20:00,,2345.00,1642.00,485.00,291.00,163.00,198.00,133.00,63.00,APPROVED
PA: PITTSBURGH,12/15/2015 14:54:00,,2256.00,1476.00,430.00,242.00,147.00,171.00,119.00,57.00,APPROVED
PA: PITTSBURGH,12/15/2015 15:54:00,,2261.00,1517.00,447.00,262.00,153.00,182.00,122.00,58.00,APPROVED
PA: PITTSBURGH,12/15/2015 16:54:00,,2259.00,1540.00,453.00,262.00,154.00,183.00,124.00,61.00,APPROVED
PA: PITTSBURGH,12/15/2015 17:54:00,,2232.00,1520.00,448.00,260.00,154.00,184.00,124.00,59.00,APPROVED
PA: PITTSBURGH,12/15/2015 18:55:00,,2251.00,1531.00,456.00,264.00,153.00,182.00,126.00,59.00,APPROVED
PA: PITTSBURGH,12/15/2015 19:55:00,,2226.00,1492.00,442.00,256.00,151.00,179.00,125.00,58.00,APPROVED
PA: PITTSBURGH,12/15/2015 20:55:00,,2225.00,1505.00,441.00,254.00,150.00,182.00,123.00,59.00,APPROVED
PA: PITTSBURGH,12/15/2015 21:55:00,,2231.00,1504.00,444.00,255.00,151.00,180.00,122.00,57.00,APPROVED
PA: PITTSBURGH,12/15/2015 22:55:00,,2239.00,1494.00,444.00,252.00,149.00,174.00,122.00,59.00,APPROVED
PA: PITTSBURGH,12/15/2015 23:56:00,,2213.00,1480.00,441.00,252.00,152.00,177.00,121.00,57.00,APPROVED
PA: PITTSBURGH,12/16/2015 00:56:00,,2216.00,1479.00,436.00,251.00,149.00,175.00,122.00,55.00,APPROVED
PA: PITTSBURGH,12/16/2015 01:56:00,,2219.00,1478.00,440.00,250.00,149.00,176.00,119.00,55.00,APPROVED
PA: PITTSBURGH,12/16/2015 02:56:00,,2237.00,1491.00,438.00,248.00,154.00,175.00,122.00,56.00,APPROVED
PA: PITTSBURGH,12/16/2015 03:56:00,,2248.00,1493.00,442.00,252.00,150.00,175.00,124.00,57.00,APPROVED
PA: PITTSBURGH,12/16/2015 04:57:00,,2246.00,1493.00,438.00,252.00,151.00,178.00,121.00,58.00,APPROVED
PA: PITTSBURGH,12/16/2015 05:57:00,,2245.00,1485.00,439.00,250.00,151.00,174.00,122.00,55.00,APPROVED
PA: PITTSBURGH,12/16/2015 06:57:00,,2217.00,1476.00,437.00,252.00,151.00,178.00,121.00,55.00,APPROVED
PA: PITTSBURGH,12/16/2015 07:57:00,,2212.00,1478.00,439.00,249.00,149.00,176.00,118.00,57.00,APPROVED
PA: PITTSBURGH,12/16/2015 08:57:00,,2214.00,1465.00,430.00,252.00,151.00,174.00,120.00,59.00,APPROVED
PA: PITTSBURGH,12/16/2015 09:58:00,,2208.00,1459.00,430.00,247.00,149.00,171.00,119.00,57.00,APPROVED
PA: PITTSBURGH,12/16/2015 10:58:00,,2217.00,1457.00,434.00,247.00,146.00,173.00,120.00,57.00,APPROVED
PA: PITTSBURGH,12/16/2015 11:58:00,,2208.00,1465.00,438.00,247.00,148.00,178.00,119.00,54.00,APPROVED
PA: PITTSBURGH,12/16/2015 12:58:00,,2211.00,1459.00,433.00,242.00,145.00,173.00,119.00,56.00,APPROVED
PA: PITTSBURGH,12/16/2015 13:58:00,,2211.00,1456.00,433.00,245.00,147.00,173.00,119.00,56.00,APPROVED
PA: PITTSBURGH,12/16/2015 14:59:00,,2194.00,1456.00,436.00,246.00,149.00,176.00,120.00,56.00,APPROVED
PA: PITTSBURGH,12/16/2015 15:59:00,,2182.00,1454.00,434.00,245.00,150.00,176.00,122.00,56.00,APPROVED
PA: PITTSBURGH,12/16/2015 16:59:00,,2160.00,1434.00,436.00,246.00,149.00,174.00,122.00,57.00,APPROVED
PA: PITTSBURGH,12/16/2015 17:59:00,,2123.00,1411.00,430.00,243.00,147.00,173.00,118.00,55.00,APPROVED
PA: PITTSBURGH,12/16/2015 18:59:00,,2053.00,1361.00,424.00,240.00,146.00,173.00,119.00,56.00,APPROVED
PA: PITTSBURGH,12/16/2015 20:00:00,,1926.00,1297.00,409.00,230.00,145.00,170.00,120.00,54.00,APPROVED
PA: PITTSBURGH,12/16/2015 21:00:00,,1932.00,1304.00,414.00,228.00,143.00,168.00,120.00,58.00,APPROVED
PA: PITTSBURGH,12/16/2015 22:00:00,,1933.00,1293.00,413.00,227.00,142.00,167.00,118.00,57.00,APPROVED
PA: PITTSBURGH,12/16/2015 23:00:00,,2009.00,1336.00,418.00,233.00,145.00,173.00,119.00,55.00,APPROVED
PA: PITTSBURGH,12/17/2015 00:00:00,,2082.00,1389.00,424.00,242.00,143.00,169.00,121.00,57.00,APPROVED
PA: PITTSBURGH,12/17/2015 01:01:00,,2115.00,1417.00,428.00,245.00,147.00,174.00,121.00,58.00,APPROVED
PA: PITTSBURGH,12/17/2015 02:01:00,,2123.00,1427.00,432.00,248.00,150.00,177.00,120.00,56.00,APPROVED
PA: PITTSBURGH,12/17/2015 03:01:00,,2124.00,1427.00,433.00,243.00,149.00,176.00,121.00,57.00,APPROVED
PA: PITTSBURGH,12/17/2015 04:01:00,,2149.00,1444.00,438.00,250.00,151.00,175.00,123.00,57.00,APPROVED
PA: PITTSBURGH,12/17/2015 05:01:00,,2150.00,1461.00,443.00,251.00,148.00,180.00,123.00,57.00,APPROVED
PA: PITTSBURGH,12/17/2015 06:02:00,,2193.00,1465.00,448.00,253.00,154.00,182.00,124.00,58.00,APPROVED
PA: PITTSBURGH,12/17/2015 07:02:00,,2181.00,1480.00,449.00,260.00,152.00,181.00,127.00,60.00,APPROVED
PA: PITTSBURGH,12/17/2015 08:02:00,,2169.00,1471.00,445.00,256.00,152.00,176.00,122.00,59.00,APPROVED
PA: PITTSBURGH,12/17/2015 09:02:00,,2199.00,1498.00,450.00,259.00,153.00,184.00,126.00,58.00,APPROVED
PA: PITTSBURGH,12/17/2015 10:02:00,,2277.00,1573.00,469.00,280.00,163.00,193.00,131.00,61.00,APPROVED
PA: PITTSBURGH,12/17/2015 11:03:00,,2360.00,1643.00,488.00,297.00,167.00,199.00,133.00,63.00,APPROVED
PA: PITTSBURGH,12/17/2015 12:03:00,,2458.00,1749.00,510.00,316.00,174.00,211.00,138.00,66.00,APPROVED
PA: PITTSBURGH,12/17/2015 13:03:00,,2463.00,1760.00,522.00,319.00,179.00,218.00,142.00,68.00,APPROVED
PA: PITTSBURGH,12/17/2015 14:03:00,,2414.00,1708.00,512.00,310.00,173.00,211.00,138.00,65.00,APPROVED
PA: PITTSBURGH,12/17/2015 15:03:00,,2458.00,1767.00,527.00,324.00,173.00,219.00,138.00,65.00,APPROVED
PA: PITTSBURGH,12/17/2015 16:04:00,,2479.00,1787.00,526.00,330.00,178.00,222.00,141.00,69.00,APPROVED
PA: PITTSBURGH,12/17/2015 17:04:00,,2385.00,1675.00,510.00,315.00,175.00,213.00,137.00,67.00,APPROVED
PA: PITTSBURGH,12/17/2015 18:04:00,,2284.00,1606.00,485.00,293.00,164.00,201.00,135.00,65.00,APPROVED
PA: PITTSBURGH,12/17/2015 19:04:00,,2502.00,1828.00,544.00,347.00,182.00,231.00,146.00,69.00,APPROVED
PA: PITTSBURGH,12/17/2015 20:04:00,,2672.00,2006.00,580.00,381.00,195.00,251.00,154.00,74.00,APPROVED
PA: PITTSBURGH,12/17/2015 21:05:00,,3024.00,2309.00,658.00,445.00,220.00,279.00,169.00,83.00,APPROVED
PA: PITTSBURGH,12/17/2015 22:05:00,,2511.00,1766.00,528.00,333.00,178.00,216.00,141.00,67.00,APPROVED
PA: PITTSBURGH,12/17/2015 23:05:00,,2288.00,1537.00,462.00,269.00,156.00,185.00,125.00,58.00,APPROVED
PA: PITTSBURGH,12/18/2015 00:05:00,,2225.00,1485.00,441.00,252.00,149.00,175.00,119.00,58.00,APPROVED
PA: PITTSBURGH,12/18/2015 01:05:00,,2235.00,1481.00,443.00,249.00,148.00,175.00,120.00,56.00,APPROVED
PA: PITTSBURGH,12/18/2015 02:06:00,,2265.00,1498.00,445.00,246.00,147.00,176.00,120.00,55.00,APPROVED
PA: PITTSBURGH,12/18/2015 03:06:00,,2283.00,1526.00,445.00,253.00,150.00,175.00,122.00,54.00,APPROVED
PA: PITTSBURGH,12/18/2015 04:06:00,,2293.00,1520.00,449.00,249.00,150.00,176.00,121.00,58.00,APPROVED
PA: PITTSBURGH,12/18/2015 05:06:00,,2316.00,1547.00,447.00,256.00,148.00,177.00,121.00,57.00,APPROVED
PA: PITTSBURGH,12/18/2015 06:06:00,,2348.00,1566.00,462.00,261.00,155.00,182.00,125.00,58.00,APPROVED
PA: PITTSBURGH,12/18/2015 07:07:00,,2348.00,1565.00,464.00,269.00,157.00,184.00,123.00,58.00,APPROVED
PA: PITTSBURGH,12/18/2015 08:07:00,,2314.00,1551.00,459.00,259.00,153.00,182.00,123.00,56.00,APPROVED
PA: PITTSBURGH,12/18/2015 09:07:00,,2296.00,1536.00,449.00,256.00,152.00,178.00,121.00,56.00,APPROVED
PA: PITTSBURGH,12/18/2015 10:07:00,,2283.00,1524.00,448.00,248.00,151.00,176.00,122.00,56.00,APPROVED
PA: PITTSBURGH,12/18/2015 11:07:00,,2304.00,1542.00,451.00,253.00,155.00,180.00,119.00,55.00,APPROVED
PA: PITTSBURGH,12/18/2015 12:08:00,,2304.00,1536.00,449.00,247.00,150.00,177.00,120.00,55.00,APPROVED
PA: PITTSBURGH,12/18/2015 13:08:00,,2303.00,1533.00,451.00,256.00,151.00,176.00,120.00,57.00,APPROVED
PA: PITTSBURGH,12/18/2015 14:08:00,,2306.00,1526.00,444.00,250.00,151.00,176.00,122.00,54.00,APPROVED
PA: PITTSBURGH,12/18/2015 15:08:00,,2296.00,1523.00,444.00,244.00,149.00,172.00,117.00,55.00,APPROVED
PA: PITTSBURGH,12/18/2015 16:08:00,,2275.00,1489.00,445.00,239.00,146.00,169.00,118.00,53.00,APPROVED
PA: PITTSBURGH,12/18/2015 17:09:00,,2272.00,1486.00,440.00,237.00,149.00,170.00,116.00,52.00,APPROVED
PA: PITTSBURGH,12/18/2015 18:09:00,,2286.00,1486.00,441.00,237.00,148.00,172.00,117.00,54.00,APPROVED
PA: PITTSBURGH,12/18/2015 19:09:00,,2292.00,1498.00,439.00,238.00,146.00,171.00,116.00,53.00,APPROVED
PA: PITTSBURGH,12/18/2015 20:09:00,,2316.00,1505.00,441.00,243.00,149.00,173.00,117.00,55.00,APPROVED
PA: PITTSBURGH,12/18/2015 21:09:00,,2327.00,1508.00,445.00,244.00,150.00,173.00,118.00,55.00,APPROVED
PA: PITTSBURGH,12/18/2015 22:10:00,,2323.00,1514.00,443.00,245.00,147.00,171.00,119.00,55.00,APPROVED
PA: PITTSBURGH,12/18/2015 23:10:00,,2339.00,1541.00,446.00,246.00,150.00,173.00,122.00,53.00,APPROVED
PA: PITTSBURGH,12/19/2015 00:10:00,,2376.00,1566.00,453.00,247.00,151.00,179.00,121.00,58.00,APPROVED
PA: PITTSBURGH,12/19/2015 01:10:00,,2381.00,1578.00,466.00,251.00,149.00,181.00,121.00,54.00,APPROVED
PA: PITTSBURGH,12/19/2015 02:10:00,,2510.00,1698.00,491.00,276.00,162.00,190.00,125.00,59.00,APPROVED
PA: PITTSBURGH,12/19/2015 03:11:00,,2443.00,1624.00,473.00,260.00,159.00,184.00,122.00,55.00,APPROVED
PA: PITTSBURGH,12/19/2015 04:11:00,,2416.00,1577.00,462.00,253.00,152.00,179.00,121.00,57.00,APPROVED
PA: PITTSBURGH,12/19/2015 05:11:00,,2354.00,1518.00,443.00,236.00,148.00,171.00,117.00,55.00,APPROVED
PA: PITTSBURGH,12/19/2015 06:11:00,,2357.00,1504.00,442.00,235.00,147.00,167.00,114.00,52.00,APPROVED
PA: PITTSBURGH,12/19/2015 07:11:00,,2358.00,1516.00,446.00,239.00,143.00,169.00,116.00,53.00,APPROVED
PA: PITTSBURGH,12/19/2015 08:12:00,,2356.00,1514.00,445.00,233.00,144.00,167.00,113.00,53.00,APPROVED
PA: PITTSBURGH,12/19/2015 09:12:00,,2356.00,1517.00,443.00,236.00,145.00,170.00,115.00,55.00,APPROVED
PA: PITTSBURGH,12/19/2015 10:12:00,,2360.00,1508.00,443.00,233.00,143.00,168.00,115.00,54.00,APPROVED
PA: PITTSBURGH,12/19/2015 11:12:00,,2340.00,1506.00,439.00,234.00,146.00,169.00,114.00,54.00,APPROVED
PA: PITTSBURGH,12/19/2015 12:12:00,,2343.00,1498.00,434.00,227.00,144.00,169.00,114.00,55.00,APPROVED
PA: PITTSBURGH,12/19/2015 13:13:00,,2345.00,1493.00,434.00,230.00,139.00,167.00,112.00,55.00,APPROVED
PA: PITTSBURGH,12/19/2015 14:13:00,,2362.00,1507.00,436.00,232.00,144.00,165.00,114.00,52.00,APPROVED
PA: PITTSBURGH,12/19/2015 15:13:00,,2358.00,1515.00,447.00,235.00,144.00,168.00,114.00,54.00,APPROVED
PA: PITTSBURGH,12/19/2015 16:13:00,,2367.00,1535.00,441.00,239.00,150.00,171.00,117.00,54.00,APPROVED
PA: PITTSBURGH,12/19/2015 17:13:00,,2366.00,1554.00,447.00,246.00,147.00,175.00,119.00,56.00,APPROVED
PA: PITTSBURGH,12/19/2015 18:14:00,,2360.00,1562.00,448.00,249.00,150.00,174.00,119.00,55.00,APPROVED
PA: PITTSBURGH,12/19/2015 19:14:00,,2351.00,1540.00,446.00,245.00,146.00,173.00,118.00,55.00,APPROVED
PA: PITTSBURGH,12/19/2015 20:14:00,,2344.00,1536.00,444.00,237.00,147.00,173.00,117.00,54.00,APPROVED
PA: PITTSBURGH,12/19/2015 21:14:00,,2349.00,1533.00,445.00,248.00,148.00,172.00,120.00,53.00,APPROVED
PA: PITTSBURGH,12/19/2015 22:14:00,,2360.00,1550.00,449.00,247.00,154.00,172.00,120.00,55.00,APPROVED
PA: PITTSBURGH,12/19/2015 23:15:00,,2380.00,1567.00,460.00,250.00,151.00,180.00,121.00,55.00,APPROVED
PA: PITTSBURGH,12/20/2015 00:15:00,,2412.00,1591.00,463.00,255.00,155.00,182.00,122.00,56.00,APPROVED
PA: PITTSBURGH,12/20/2015 01:15:00,,2398.00,1582.00,456.00,253.00,153.00,180.00,122.00,55.00,APPROVED
PA: PITTSBURGH,12/20/2015 02:15:00,,2396.00,1569.00,453.00,247.00,150.00,174.00,117.00,55.00,APPROVED
PA: PITTSBURGH,12/20/2015 03:15:00,,2382.00,1555.00,451.00,246.00,149.00,175.00,119.00,54.00,APPROVED
PA: PITTSBURGH,12/20/2015 04:16:00,,2390.00,1546.00,450.00,242.00,148.00,172.00,116.00,53.00,APPROVED
PA: PITTSBURGH,12/20/2015 05:16:00,,2383.00,1548.00,451.00,243.00,148.00,175.00,116.00,55.00,APPROVED
PA: PITTSBURGH,12/20/2015 06:16:00,,2392.00,1555.00,449.00,241.00,149.00,174.00,117.00,54.00,APPROVED
PA: PITTSBURGH,12/20/2015 07:16:00,,2403.00,1553.00,453.00,243.00,147.00,175.00,119.00,54.00,APPROVED
PA: PITTSBURGH,12/20/2015 08:16:00,,2408.00,1574.00,453.00,246.00,152.00,175.00,119.00,54.00,APPROVED
PA: PITTSBURGH,12/20/2015 09:17:00,,2405.00,1569.00,456.00,243.00,149.00,176.00,119.00,54.00,APPROVED
PA: PITTSBURGH,12/20/2015 10:17:00,,2442.00,1588.00,460.00,249.00,150.00,180.00,116.00,56.00,APPROVED
PA: PITTSBURGH,12/20/2015 11:17:00,,2494.00,1648.00,480.00,259.00,153.00,185.00,121.00,55.00,APPROVED
PA: PITTSBURGH,12/20/2015 12:17:00,,2566.00,1716.00,498.00,271.00,160.00,196.00,126.00,58.00,APPROVED
PA: PITTSBURGH,12/20/2015 13:17:00,,2640.00,1787.00,522.00,285.00,164.00,206.00,128.00,57.00,APPROVED
PA: PITTSBURGH,12/20/2015 14:18:00,,2624.00,1798.00,525.00,294.00,168.00,203.00,132.00,60.00,APPROVED
PA: PITTSBURGH,12/20/2015 15:18:00,,2519.00,1705.00,502.00,285.00,163.00,199.00,129.00,58.00,APPROVED
PA: PITTSBURGH,12/20/2015 16:18:00,,2393.00,1583.00,469.00,257.00,156.00,185.00,122.00,56.00,APPROVED
PA: PITTSBURGH,12/20/2015 17:18:00,,2337.00,1524.00,448.00,244.00,149.00,176.00,118.00,55.00,APPROVED
PA: PITTSBURGH,12/20/2015 18:18:00,,2280.00,1485.00,436.00,242.00,146.00,170.00,120.00,55.00,APPROVED
PA: PITTSBURGH,12/20/2015 19:19:00,,2248.00,1462.00,434.00,238.00,148.00,172.00,118.00,53.00,APPROVED
PA: PITTSBURGH,12/20/2015 20:19:00,,2206.00,1435.00,431.00,230.00,144.00,169.00,117.00,55.00,APPROVED
PA: PITTSBURGH,12/20/2015 21:19:00,,2180.00,1427.00,424.00,232.00,145.00,167.00,117.00,54.00,APPROVED
PA: PITTSBURGH,12/20/2015 22:19:00,,2191.00,1424.00,425.00,231.00,144.00,167.00,115.00,54.00,APPROVED
PA: PITTSBURGH,12/20/2015 23:19:00,,2209.00,1431.00,424.00,233.00,144.00,162.00,117.00,55.00,APPROVED
PA: PITTSBURGH,12/21/2015 00:20:00,,2255.00,1467.00,431.00,235.00,145.00,169.00,116.00,54.00,APPROVED
PA: PITTSBURGH,12/21/2015 01:20:00,,2315.00,1519.00,445.00,245.00,149.00,171.00,122.00,53.00,APPROVED
PA: PITTSBURGH,12/21/2015 02:20:00,,2368.00,1566.00,452.00,254.00,154.00,180.00,123.00,56.00,APPROVED
PA: PITTSBURGH,12/21/2015 03:20:00,,2427.00,1624.00,475.00,265.00,155.00,190.00,124.00,56.00,APPROVED
PA: PITTSBURGH,12/21/2015 04:21:00,,2434.00,1649.00,476.00,273.00,159.00,189.00,127.00,60.00,APPROVED
PA: PITTSBURGH,12/21/2015 05:21:00,,2422.00,1649.00,480.00,273.00,157.00,192.00,128.00,59.00,APPROVED
PA: PITTSBURGH,12/21/2015 06:21:00,,2451.00,1673.00,488.00,281.00,164.00,194.00,127.00,58.00,APPROVED
PA: PITTSBURGH,12/21/2015 07:21:00,,2433.00,1678.00,487.00,280.00,163.00,194.00,127.00,59.00,APPROVED
PA: PITTSBURGH,12/21/2015 17:06:00,,2080.00,1386.00,423.00,239.00,146.00,170.00,121.00,55.00,APPROVED
PA: PITTSBURGH,12/21/2015 18:06:00,,2082.00,1381.00,421.00,238.00,146.00,169.00,118.00,57.00,APPROVED
PA: PITTSBURGH,12/21/2015 19:06:00,,2102.00,1392.00,424.00,241.00,147.00,169.00,118.00,56.00,APPROVED
PA: PITTSBURGH,12/21/2015 20:05:00,,2098.00,1398.00,425.00,240.00,147.00,166.00,117.00,55.00,APPROVED
PA: PITTSBURGH,12/21/2015 21:16:00,,2187.00,1440.00,425.00,234.00,146.00,169.00,117.00,55.00,APPROVED
PA: PITTSBURGH,12/21/2015 22:16:00,,2174.00,1444.00,431.00,247.00,147.00,174.00,122.00,57.00,APPROVED
PA: PITTSBURGH,12/21/2015 23:17:00,,2100.00,1391.00,420.00,232.00,142.00,168.00,117.00,55.00,APPROVED
PA: PITTSBURGH,12/22/2015 00:17:00,,2046.00,1345.00,415.00,228.00,141.00,166.00,115.00,54.00,APPROVED
PA: PITTSBURGH,12/22/2015 01:17:00,,2064.00,1361.00,413.00,235.00,143.00,165.00,114.00,55.00,APPROVED
PA: PITTSBURGH,12/22/2015 02:17:00,,2068.00,1358.00,417.00,235.00,144.00,168.00,118.00,56.00,APPROVED
PA: PITTSBURGH,12/22/2015 03:17:00,,2032.00,1335.00,404.00,224.00,140.00,166.00,113.00,53.00,APPROVED
PA: PITTSBURGH,12/22/2015 04:18:00,,2039.00,1332.00,409.00,232.00,138.00,167.00,116.00,55.00,APPROVED
PA: PITTSBURGH,12/22/2015 05:18:00,,2051.00,1352.00,412.00,230.00,144.00,167.00,117.00,54.00,APPROVED
PA: PITTSBURGH,12/22/2015 06:18:00,,1998.00,1330.00,407.00,229.00,145.00,165.00,116.00,53.00,APPROVED
PA: PITTSBURGH,12/22/2015 07:18:00,,2015.00,1334.00,408.00,229.00,143.00,168.00,115.00,54.00,APPROVED
PA: PITTSBURGH,12/22/2015 08:18:00,,2166.00,1473.00,442.00,255.00,151.00,180.00,125.00,59.00,APPROVED
PA: PITTSBURGH,12/22/2015 09:19:00,,2199.00,1512.00,457.00,264.00,153.00,184.00,128.00,60.00,APPROVED
PA: PITTSBURGH,12/22/2015 10:19:00,,2128.00,1428.00,444.00,253.00,150.00,180.00,122.00,58.00,APPROVED
PA: PITTSBURGH,12/22/2015 11:19:00,,2075.00,1371.00,427.00,240.00,146.00,172.00,118.00,56.00,APPROVED
PA: PITTSBURGH,12/22/2015 12:19:00,,2006.00,1314.00,406.00,223.00,138.00,167.00,119.00,55.00,APPROVED
PA: PITTSBURGH,12/22/2015 13:19:00,,1947.00,1280.00,397.00,219.00,137.00,160.00,112.00,55.00,APPROVED
PA: PITTSBURGH,12/22/2015 14:20:00,,1952.00,1279.00,396.00,213.00,135.00,160.00,113.00,54.00,APPROVED
PA: PITTSBURGH,12/22/2015 15:20:00,,2057.00,1387.00,419.00,244.00,148.00,175.00,121.00,58.00,APPROVED
PA: PITTSBURGH,12/22/2015 16:20:00,,2021.00,1357.00,415.00,241.00,143.00,173.00,120.00,55.00,APPROVED
PA: PITTSBURGH,12/22/2015 17:20:00,,1909.00,1266.00,401.00,222.00,137.00,166.00,114.00,56.00,APPROVED
PA: PITTSBURGH,12/22/2015 18:20:00,,1863.00,1239.00,396.00,217.00,135.00,160.00,118.00,54.00,APPROVED
PA: PITTSBURGH,12/22/2015 19:21:00,,1828.00,1221.00,400.00,220.00,139.00,162.00,116.00,55.00,APPROVED
PA: PITTSBURGH,12/22/2015 20:21:00,,1806.00,1214.00,394.00,222.00,139.00,161.00,117.00,55.00,APPROVED
PA: PITTSBURGH,12/22/2015 21:21:00,,1813.00,1206.00,394.00,217.00,136.00,167.00,118.00,55.00,APPROVED
PA: PITTSBURGH,12/22/2015 22:21:00,,1850.00,1234.00,400.00,218.00,138.00,163.00,115.00,54.00,APPROVED
PA: PITTSBURGH,12/22/2015 23:21:00,,1912.00,1278.00,403.00,223.00,141.00,162.00,113.00,57.00,APPROVED
PA: PITTSBURGH,12/23/2015 00:22:00,,2030.00,1354.00,413.00,233.00,144.00,169.00,120.00,53.00,APPROVED
PA: PITTSBURGH,12/23/2015 01:22:00,,2133.00,1434.00,432.00,250.00,147.00,175.00,121.00,59.00,APPROVED
PA: PITTSBURGH,12/23/2015 02:22:00,,2214.00,1499.00,438.00,257.00,151.00,182.00,121.00,56.00,APPROVED
PA: PITTSBURGH,12/23/2015 03:22:00,,2267.00,1546.00,445.00,267.00,155.00,183.00,127.00,60.00,APPROVED
PA: PITTSBURGH,12/23/2015 04:22:00,,2296.00,1579.00,461.00,277.00,161.00,191.00,124.00,59.00,APPROVED
PA: PITTSBURGH,12/23/2015 05:23:00,,2333.00,1621.00,473.00,290.00,163.00,198.00,128.00,62.00,APPROVED
PA: PITTSBURGH,12/23/2015 06:23:00,,2353.00,1650.00,480.00,292.00,163.00,201.00,132.00,63.00,APPROVED
PA: PITTSBURGH,12/23/2015 07:23:00,,2400.00,1690.00,496.00,309.00,169.00,206.00,133.00,63.00,APPROVED
PA: PITTSBURGH,12/23/2015 08:23:00,,2426.00,1738.00,500.00,317.00,172.00,213.00,136.00,66.00,APPROVED
PA: PITTSBURGH,12/23/2015 09:23:00,,2431.00,1764.00,516.00,325.00,176.00,215.00,143.00,65.00,APPROVED
PA: PITTSBURGH,12/23/2015 10:24:00,,2458.00,1789.00,527.00,331.00,180.00,224.00,144.00,67.00,APPROVED
PA: PITTSBURGH,12/23/2015 11:24:00,,2494.00,1829.00,526.00,344.00,184.00,226.00,149.00,69.00,APPROVED
PA: PITTSBURGH,12/23/2015 12:24:00,,2519.00,1881.00,548.00,353.00,191.00,237.00,153.00,72.00,APPROVED
PA: PITTSBURGH,12/23/2015 13:24:00,,2514.00,1869.00,554.00,359.00,189.00,238.00,151.00,69.00,APPROVED
PA: PITTSBURGH,12/23/2015 14:24:00,,2466.00,1819.00,538.00,347.00,186.00,229.00,146.00,71.00,APPROVED
PA: PITTSBURGH,12/23/2015 15:25:00,,2406.00,1755.00,528.00,337.00,180.00,228.00,148.00,69.00,APPROVED
PA: PITTSBURGH,12/23/2015 16:25:00,,2326.00,1712.00,510.00,325.00,179.00,218.00,143.00,69.00,APPROVED
PA: PITTSBURGH,12/23/2015 17:25:00,,2226.00,1633.00,494.00,313.00,173.00,217.00,137.00,66.00,APPROVED
PA: PITTSBURGH,12/23/2015 18:25:00,,2064.00,1477.00,459.00,282.00,158.00,198.00,133.00,64.00,APPROVED
PA: PITTSBURGH,12/23/2015 19:25:00,,1858.00,1278.00,422.00,241.00,147.00,176.00,122.00,59.00,APPROVED
PA: PITTSBURGH,12/23/2015 20:26:00,,1763.00,1190.00,401.00,218.00,140.00,171.00,116.00,57.00,APPROVED
PA: PITTSBURGH,12/23/2015 21:26:00,,1752.00,1174.00,394.00,213.00,140.00,166.00,118.00,57.00,APPROVED
PA: PITTSBURGH,12/23/2015 22:26:00,,1769.00,1180.00,392.00,216.00,137.00,163.00,115.00,56.00,APPROVED
PA: PITTSBURGH,12/23/2015 23:26:00,,1779.00,1198.00,402.00,217.00,139.00,166.00,116.00,55.00,APPROVED
PA: PITTSBURGH,12/24/2015 00:26:00,,1791.00,1206.00,394.00,222.00,140.00,163.00,119.00,55.00,APPROVED
PA: PITTSBURGH,12/24/2015 01:27:00,,1798.00,1215.00,397.00,222.00,136.00,165.00,118.00,57.00,APPROVED
PA: PITTSBURGH,12/24/2015 02:27:00,,1815.00,1220.00,404.00,220.00,139.00,168.00,118.00,56.00,APPROVED
PA: PITTSBURGH,12/24/2015 03:27:00,,1881.00,1285.00,411.00,236.00,144.00,170.00,119.00,57.00,APPROVED
PA: PITTSBURGH,12/24/2015 04:27:00,,1950.00,1329.00,420.00,243.00,144.00,177.00,124.00,58.00,APPROVED
PA: PITTSBURGH,12/24/2015 05:27:00,,2007.00,1402.00,438.00,254.00,152.00,181.00,125.00,59.00,APPROVED
PA: PITTSBURGH,12/24/2015 06:28:00,,2246.00,1630.00,486.00,298.00,168.00,202.00,134.00,66.00,APPROVED
PA: PITTSBURGH,12/24/2015 07:28:00,,2104.00,1468.00,453.00,274.00,158.00,191.00,127.00,61.00,APPROVED
PA: PITTSBURGH,12/24/2015 08:28:00,,2029.00,1390.00,436.00,254.00,147.00,180.00,124.00,61.00,APPROVED
PA: PITTSBURGH,12/24/2015 09:28:00,,2071.00,1440.00,447.00,265.00,152.00,187.00,124.00,59.00,APPROVED
PA: PITTSBURGH,12/24/2015 10:28:00,,2019.00,1378.00,437.00,252.00,151.00,181.00,122.00,59.00,APPROVED
PA: PITTSBURGH,12/24/2015 11:29:00,,1933.00,1310.00,417.00,235.00,144.00,172.00,121.00,58.00,APPROVED
PA: PITTSBURGH,12/24/2015 12:29:00,,1931.00,1302.00,416.00,233.00,145.00,170.00,119.00,57.00,APPROVED
PA: PITTSBURGH,12/24/2015 13:29:00,,1924.00,1287.00,413.00,226.00,145.00,168.00,119.00,58.00,APPROVED
PA: PITTSBURGH,12/24/2015 14:29:00,,1916.00,1285.00,406.00,233.00,142.00,168.00,118.00,57.00,APPROVED
PA: PITTSBURGH,12/24/2015 15:29:00,,1903.00,1287.00,404.00,232.00,145.00,168.00,117.00,55.00,APPROVED
PA: PITTSBURGH,12/24/2015 16:30:00,,1917.00,1301.00,408.00,235.00,144.00,171.00,118.00,56.00,APPROVED
PA: PITTSBURGH,12/24/2015 17:30:00,,1915.00,1295.00,408.00,233.00,144.00,169.00,120.00,58.00,APPROVED
PA: PITTSBURGH,12/24/2015 18:30:00,,1868.00,1259.00,406.00,226.00,139.00,168.00,118.00,56.00,APPROVED
PA: PITTSBURGH,12/24/2015 19:30:00,,1789.00,1201.00,396.00,223.00,136.00,164.00,118.00,58.00,APPROVED
PA: PITTSBURGH,12/24/2015 20:30:00,,1720.00,1150.00,392.00,216.00,138.00,163.00,117.00,57.00,APPROVED
PA: PITTSBURGH,12/24/2015 21:31:00,,1727.00,1160.00,389.00,218.00,137.00,162.00,118.00,55.00,APPROVED
PA: PITTSBURGH,12/24/2015 22:31:00,,1774.00,1185.00,392.00,218.00,136.00,162.00,114.00,55.00,APPROVED
PA: PITTSBURGH,12/24/2015 23:31:00,,1887.00,1262.00,402.00,228.00,141.00,167.00,115.00,55.00,APPROVED
PA: PITTSBURGH,12/25/2015 00:31:00,,2010.00,1369.00,419.00,236.00,145.00,169.00,120.00,58.00,APPROVED
PA: PITTSBURGH,12/25/2015 01:31:00,,2106.00,1439.00,435.00,256.00,150.00,179.00,123.00,58.00,APPROVED
PA: PITTSBURGH,12/25/2015 02:32:00,,2187.00,1500.00,450.00,262.00,155.00,188.00,128.00,60.00,APPROVED
PA: PITTSBURGH,12/25/2015 03:32:00,,2243.00,1545.00,458.00,274.00,159.00,192.00,128.00,61.00,APPROVED
PA: PITTSBURGH,12/25/2015 04:32:00,,2315.00,1604.00,472.00,284.00,164.00,201.00,131.00,61.00,APPROVED
PA: PITTSBURGH,12/25/2015 05:32:00,,2354.00,1640.00,483.00,292.00,165.00,198.00,131.00,62.00,APPROVED
PA: PITTSBURGH,12/25/2015 06:32:00,,2397.00,1683.00,492.00,300.00,167.00,202.00,134.00,63.00,APPROVED
PA: PITTSBURGH,12/25/2015 07:33:00,,2461.00,1742.00,503.00,308.00,172.00,209.00,140.00,64.00,APPROVED
PA: PITTSBURGH,12/25/2015 08:33:00,,2470.00,1770.00,518.00,324.00,173.00,220.00,140.00,65.00,APPROVED
PA: PITTSBURGH,12/25/2015 09:33:00,,2479.00,1794.00,526.00,324.00,177.00,220.00,142.00,68.00,APPROVED
PA: PITTSBURGH,12/25/2015 10:33:00,,2523.00,1826.00,534.00,337.00,181.00,225.00,145.00,68.00,APPROVED
PA: PITTSBURGH,12/25/2015 11:33:00,,2576.00,1884.00,549.00,349.00,187.00,237.00,149.00,72.00,APPROVED
PA: PITTSBURGH,12/25/2015 12:34:00,,2533.00,1871.00,548.00,353.00,187.00,234.00,148.00,68.00,APPROVED
PA: PITTSBURGH,12/25/2015 13:34:00,,2560.00,1889.00,551.00,352.00,188.00,238.00,148.00,69.00,APPROVED
PA: PITTSBURGH,12/25/2015 14:34:00,,2565.00,1897.00,557.00,357.00,188.00,241.00,154.00,74.00,APPROVED
PA: PITTSBURGH,12/25/2015 15:34:00,,2511.00,1863.00,552.00,355.00,187.00,238.00,151.00,71.00,APPROVED
PA: PITTSBURGH,12/25/2015 16:34:00,,2432.00,1809.00,540.00,341.00,185.00,232.00,150.00,71.00,APPROVED
PA: PITTSBURGH,12/25/2015 17:35:00,,2352.00,1735.00,534.00,335.00,182.00,230.00,147.00,70.00,APPROVED
PA: PITTSBURGH,12/25/2015 18:35:00,,2299.00,1704.00,522.00,330.00,182.00,223.00,146.00,69.00,APPROVED
PA: PITTSBURGH,12/25/2015 19:35:00,,2326.00,1723.00,528.00,335.00,182.00,225.00,148.00,71.00,APPROVED
PA: PITTSBURGH,12/25/2015 20:35:00,,2301.00,1704.00,523.00,338.00,182.00,228.00,147.00,73.00,APPROVED
PA: PITTSBURGH,12/25/2015 21:36:00,,2299.00,1684.00,516.00,332.00,177.00,227.00,148.00,70.00,APPROVED
PA: PITTSBURGH,12/25/2015 22:36:00,,2260.00,1670.00,517.00,327.00,176.00,219.00,142.00,71.00,APPROVED
PA: PITTSBURGH,12/25/2015 23:36:00,,2177.00,1563.00,487.00,302.00,170.00,205.00,139.00,66.00,APPROVED
PA: PITTSBURGH,12/26/2015 00:36:00,,2088.00,1471.00,457.00,273.00,159.00,193.00,127.00,62.00,APPROVED
PA: PITTSBURGH,12/26/2015 01:36:00,,2061.00,1414.00,439.00,255.00,151.00,180.00,124.00,63.00,APPROVED
PA: PITTSBURGH,12/26/2015 02:37:00,,2057.00,1405.00,436.00,248.00,151.00,175.00,122.00,59.00,APPROVED
PA: PITTSBURGH,12/26/2015 03:37:00,,2070.00,1413.00,433.00,246.00,148.00,176.00,122.00,57.00,APPROVED
PA: PITTSBURGH,12/26/2015 04:37:00,,2102.00,1420.00,433.00,242.00,146.00,176.00,121.00,58.00,APPROVED
PA: PITTSBURGH,12/26/2015 05:37:00,,2092.00,1400.00,427.00,242.00,147.00,171.00,120.00,55.00,APPROVED
PA: PITTSBURGH,12/26/2015 06:37:00,,2093.00,1398.00,425.00,239.00,145.00,171.00,118.00,55.00,APPROVED
PA: PITTSBURGH,12/26/2015 07:37:00,,2095.00,1394.00,422.00,238.00,144.00,167.00,119.00,56.00,APPROVED
PA: PITTSBURGH,12/26/2015 08:38:00,,2095.00,1397.00,421.00,236.00,142.00,168.00,117.00,57.00,APPROVED
PA: PITTSBURGH,12/26/2015 09:38:00,,2110.00,1410.00,432.00,240.00,146.00,173.00,119.00,56.00,APPROVED
PA: PITTSBURGH,12/26/2015 10:38:00,,2149.00,1454.00,430.00,243.00,148.00,172.00,120.00,58.00,APPROVED
PA: PITTSBURGH,12/26/2015 11:38:00,,2128.00,1429.00,432.00,246.00,148.00,177.00,121.00,57.00,APPROVED
PA: PITTSBURGH,12/26/2015 12:39:00,,2093.00,1403.00,426.00,241.00,148.00,173.00,117.00,57.00,APPROVED
PA: PITTSBURGH,12/26/2015 13:39:00,,2075.00,1387.00,425.00,234.00,145.00,169.00,117.00,58.00,APPROVED
PA: PITTSBURGH,12/26/2015 14:39:00,,2052.00,1362.00,419.00,231.00,142.00,169.00,118.00,56.00,APPROVED
PA: PITTSBURGH,12/26/2015 15:39:00,,2029.00,1339.00,410.00,231.00,141.00,168.00,117.00,54.00,APPROVED
PA: PITTSBURGH,12/26/2015 16:39:00,,2006.00,1329.00,411.00,227.00,140.00,165.00,116.00,56.00,APPROVED
PA: PITTSBURGH,12/26/2015 17:39:00,,2028.00,1351.00,410.00,227.00,142.00,167.00,117.00,54.00,APPROVED
PA: PITTSBURGH,12/26/2015 18:40:00,,2033.00,1353.00,418.00,233.00,142.00,167.00,118.00,55.00,APPROVED
PA: PITTSBURGH,12/26/2015 19:40:00,,1998.00,1335.00,419.00,234.00,146.00,171.00,121.00,57.00,APPROVED
PA: PITTSBURGH,12/26/2015 20:40:00,,1941.00,1314.00,415.00,233.00,141.00,169.00,121.00,58.00,APPROVED
PA: PITTSBURGH,12/26/2015 21:40:00,,1935.00,1300.00,412.00,235.00,144.00,167.00,120.00,56.00,APPROVED
PA: PITTSBURGH,12/26/2015 22:40:00,,1958.00,1326.00,416.00,238.00,143.00,170.00,120.00,59.00,APPROVED
PA: PITTSBURGH,12/26/2015 23:41:00,,2102.00,1452.00,448.00,265.00,153.00,190.00,125.00,59.00,APPROVED
PA: PITTSBURGH,12/27/2015 00:41:00,,2174.00,1492.00,455.00,272.00,154.00,185.00,131.00,61.00,APPROVED
PA: PITTSBURGH,12/27/2015 01:41:00,,2167.00,1496.00,454.00,266.00,156.00,184.00,127.00,61.00,APPROVED
PA: PITTSBURGH,12/27/2015 02:41:00,,2101.00,1433.00,442.00,256.00,150.00,183.00,122.00,57.00,APPROVED
PA: PITTSBURGH,12/27/2015 03:41:00,,2067.00,1406.00,432.00,252.00,149.00,177.00,123.00,58.00,APPROVED
PA: PITTSBURGH,12/27/2015 04:42:00,,2027.00,1369.00,424.00,241.00,144.00,173.00,121.00,57.00,APPROVED
PA: PITTSBURGH,12/27/2015 05:42:00,,1997.00,1351.00,417.00,236.00,146.00,172.00,120.00,55.00,APPROVED
PA: PITTSBURGH,12/27/2015 06:42:00,,2030.00,1348.00,416.00,238.00,146.00,171.00,118.00,56.00,APPROVED
PA: PITTSBURGH,12/27/2015 07:42:00,,2038.00,1382.00,428.00,242.00,148.00,176.00,120.00,58.00,APPROVED
PA: PITTSBURGH,12/27/2015 08:43:00,,2089.00,1419.00,432.00,250.00,149.00,177.00,121.00,60.00,APPROVED
PA: PITTSBURGH,12/27/2015 09:43:00,,2081.00,1433.00,435.00,262.00,150.00,180.00,124.00,58.00,APPROVED
PA: PITTSBURGH,12/27/2015 10:43:00,,1984.00,1358.00,423.00,248.00,146.00,179.00,122.00,59.00,APPROVED
PA: PITTSBURGH,12/27/2015 11:43:00,,1903.00,1308.00,409.00,239.00,143.00,169.00,122.00,57.00,APPROVED
PA: PITTSBURGH,12/27/2015 12:43:00,,1874.00,1273.00,406.00,227.00,142.00,166.00,119.00,57.00,APPROVED
PA: PITTSBURGH,12/27/2015 13:44:00,,1848.00,1238.00,393.00,229.00,140.00,166.00,117.00,56.00,APPROVED
PA: PITTSBURGH,12/27/2015 14:44:00,,1830.00,1230.00,396.00,225.00,139.00,164.00,115.00,56.00,APPROVED
PA: PITTSBURGH,12/27/2015 15:44:00,,1815.00,1228.00,399.00,224.00,140.00,168.00,117.00,54.00,APPROVED
PA: PITTSBURGH,12/27/2015 16:44:00,,2079.00,1477.00,449.00,273.00,157.00,194.00,126.00,63.00,APPROVED
PA: PITTSBURGH,12/27/2015 17:44:00,,2268.00,1650.00,500.00,314.00,173.00,216.00,136.00,68.00,APPROVED
PA: PITTSBURGH,12/27/2015 18:45:00,,2509.00,1891.00,561.00,365.00,192.00,239.00,152.00,74.00,APPROVED
PA: PITTSBURGH,12/27/2015 19:45:00,,2377.00,1730.00,520.00,328.00,179.00,220.00,139.00,68.00,APPROVED
PA: PITTSBURGH,12/27/2015 20:45:00,,2414.00,1711.00,506.00,314.00,171.00,213.00,138.00,67.00,APPROVED
PA: PITTSBURGH,12/27/2015 21:45:00,,2495.00,1775.00,511.00,318.00,173.00,209.00,135.00,63.00,APPROVED
PA: PITTSBURGH,12/27/2015 22:45:00,,2371.00,1653.00,486.00,289.00,162.00,198.00,129.00,60.00,APPROVED
PA: PITTSBURGH,12/27/2015 23:46:00,,2221.00,1493.00,444.00,258.00,149.00,178.00,120.00,59.00,APPROVED
PA: PITTSBURGH,12/28/2015 00:46:00,,2319.00,1576.00,461.00,268.00,152.00,182.00,123.00,57.00,APPROVED
PA: PITTSBURGH,12/28/2015 01:46:00,,2325.00,1572.00,455.00,268.00,152.00,184.00,125.00,59.00,APPROVED
PA: PITTSBURGH,12/28/2015 02:46:00,,2221.00,1471.00,433.00,242.00,147.00,176.00,120.00,56.00,APPROVED
PA: PITTSBURGH,12/28/2015 03:46:00,,2180.00,1416.00,422.00,234.00,144.00,165.00,114.00,56.00,APPROVED
PA: PITTSBURGH,12/28/2015 04:47:00,,2143.00,1383.00,412.00,223.00,138.00,163.00,113.00,52.00,APPROVED
PA: PITTSBURGH,12/28/2015 05:47:00,,2129.00,1368.00,408.00,221.00,135.00,158.00,115.00,54.00,APPROVED
PA: PITTSBURGH,12/28/2015 06:47:00,,2152.00,1376.00,405.00,221.00,137.00,157.00,113.00,51.00,APPROVED
PA: PITTSBURGH,12/28/2015 07:47:00,,2158.00,1392.00,413.00,216.00,139.00,157.00,114.00,52.00,APPROVED
PA: PITTSBURGH,12/28/2015 08:47:00,,2171.00,1385.00,410.00,220.00,138.00,157.00,111.00,52.00,APPROVED
PA: PITTSBURGH,12/28/2015 09:48:00,,2155.00,1382.00,407.00,219.00,138.00,157.00,111.00,51.00,APPROVED
PA: PITTSBURGH,12/28/2015 10:48:00,,2161.00,1379.00,406.00,216.00,137.00,159.00,112.00,54.00,APPROVED
PA: PITTSBURGH,12/28/2015 11:48:00,,2189.00,1390.00,413.00,218.00,139.00,159.00,111.00,52.00,APPROVED
PA: PITTSBURGH,12/28/2015 12:48:00,,2182.00,1399.00,412.00,220.00,140.00,156.00,113.00,51.00,APPROVED
PA: PITTSBURGH,12/28/2015 13:48:00,,2179.00,1404.00,416.00,222.00,140.00,159.00,113.00,53.00,APPROVED
PA: PITTSBURGH,12/28/2015 14:49:00,,2177.00,1408.00,416.00,223.00,141.00,160.00,113.00,52.00,APPROVED
PA: PITTSBURGH,12/28/2015 15:49:00,,2193.00,1421.00,420.00,228.00,142.00,162.00,115.00,54.00,APPROVED
PA: PITTSBURGH,12/28/2015 16:49:00,,2184.00,1419.00,417.00,226.00,143.00,158.00,114.00,53.00,APPROVED
PA: PITTSBURGH,12/28/2015 17:49:00,,2191.00,1421.00,421.00,232.00,141.00,165.00,113.00,54.00,APPROVED
PA: PITTSBURGH,12/28/2015 18:49:00,,2244.00,1450.00,431.00,237.00,143.00,168.00,116.00,56.00,APPROVED
PA: PITTSBURGH,12/28/2015 19:50:00,,2216.00,1434.00,429.00,235.00,144.00,164.00,117.00,55.00,APPROVED
PA: PITTSBURGH,12/28/2015 20:50:00,,2182.00,1414.00,417.00,227.00,143.00,163.00,115.00,54.00,APPROVED
PA: PITTSBURGH,12/28/2015 21:50:00,,2175.00,1412.00,420.00,227.00,141.00,161.00,114.00,54.00,APPROVED
PA: PITTSBURGH,12/28/2015 22:50:00,,2188.00,1419.00,422.00,231.00,143.00,165.00,115.00,54.00,APPROVED
PA: PITTSBURGH,12/28/2015 23:50:00,,2159.00,1384.00,409.00,225.00,139.00,158.00,115.00,53.00,APPROVED
PA: PITTSBURGH,12/29/2015 00:51:00,,2136.00,1375.00,409.00,223.00,137.00,159.00,114.00,53.00,APPROVED
PA: PITTSBURGH,12/29/2015 01:51:00,,2140.00,1381.00,417.00,220.00,136.00,159.00,114.00,52.00,APPROVED
PA: PITTSBURGH,12/29/2015 02:51:00,,2148.00,1393.00,415.00,226.00,142.00,159.00,113.00,52.00,APPROVED
PA: PITTSBURGH,12/29/2015 03:51:00,,2218.00,1453.00,430.00,240.00,145.00,167.00,115.00,55.00,APPROVED
PA: PITTSBURGH,12/29/2015 04:51:00,,2199.00,1437.00,433.00,240.00,142.00,169.00,116.00,55.00,APPROVED
PA: PITTSBURGH,12/29/2015 05:52:00,,2158.00,1401.00,420.00,230.00,140.00,165.00,115.00,52.00,APPROVED
PA: PITTSBURGH,12/29/2015 06:52:00,,2129.00,1373.00,414.00,222.00,139.00,160.00,110.00,52.00,APPROVED
PA: PITTSBURGH,12/29/2015 07:52:00,,2072.00,1323.00,404.00,216.00,133.00,157.00,111.00,52.00,APPROVED
PA: PITTSBURGH,12/29/2015 08:52:00,,2055.00,1314.00,398.00,213.00,139.00,157.00,110.00,52.00,APPROVED
PA: PITTSBURGH,12/29/2015 09:52:00,,2045.00,1318.00,394.00,216.00,136.00,155.00,110.00,52.00,APPROVED
PA: PITTSBURGH,12/29/2015 10:53:00,,2132.00,1410.00,427.00,238.00,144.00,169.00,117.00,56.00,APPROVED
PA: PITTSBURGH,12/29/2015 11:53:00,,2073.00,1356.00,412.00,225.00,139.00,164.00,114.00,53.00,APPROVED
PA: PITTSBURGH,12/29/2015 12:53:00,,2025.00,1310.00,402.00,222.00,137.00,159.00,114.00,54.00,APPROVED
PA: PITTSBURGH,12/29/2015 13:53:00,,2010.00,1300.00,393.00,215.00,137.00,156.00,110.00,51.00,APPROVED
PA: PITTSBURGH,12/29/2015 14:53:00,,2018.00,1307.00,401.00,222.00,135.00,157.00,115.00,53.00,APPROVED
PA: PITTSBURGH,12/29/2015 16:20:00,,2042.00,1312.00,400.00,210.00,134.00,155.00,114.00,53.00,APPROVED
PA: PITTSBURGH,12/29/2015 17:20:00,,2020.00,1324.00,404.00,221.00,137.00,161.00,115.00,52.00,APPROVED
PA: PITTSBURGH,12/29/2015 18:21:00,,2014.00,1321.00,401.00,226.00,140.00,162.00,113.00,53.00,APPROVED
PA: PITTSBURGH,12/29/2015 19:21:00,,2055.00,1342.00,407.00,227.00,140.00,165.00,115.00,55.00,APPROVED
PA: PITTSBURGH,12/29/2015 20:21:00,,2058.00,1370.00,411.00,229.00,141.00,168.00,118.00,53.00,APPROVED
PA: PITTSBURGH,12/29/2015 21:21:00,,2075.00,1368.00,416.00,229.00,142.00,165.00,115.00,55.00,APPROVED
PA: PITTSBURGH,12/29/2015 22:21:00,,2092.00,1374.00,411.00,233.00,144.00,166.00,118.00,54.00,APPROVED
PA: PITTSBURGH,12/29/2015 23:22:00,,2099.00,1383.00,417.00,232.00,142.00,164.00,118.00,55.00,APPROVED
PA: PITTSBURGH,12/30/2015 00:22:00,,2096.00,1375.00,414.00,231.00,141.00,165.00,116.00,56.00,APPROVED
PA: PITTSBURGH,12/30/2015 01:22:00,,2103.00,1378.00,410.00,230.00,142.00,164.00,117.00,53.00,APPROVED
PA: PITTSBURGH,12/30/2015 02:22:00,,2118.00,1375.00,414.00,228.00,141.00,166.00,116.00,53.00,APPROVED
PA: PITTSBURGH,12/30/2015 03:23:00,,2119.00,1378.00,408.00,231.00,140.00,163.00,117.00,53.00,APPROVED
PA: PITTSBURGH,12/30/2015 04:23:00,,2119.00,1383.00,412.00,227.00,140.00,159.00,113.00,55.00,APPROVED
PA: PITTSBURGH,12/30/2015 05:23:00,,2124.00,1397.00,407.00,224.00,142.00,163.00,116.00,52.00,APPROVED
PA: PITTSBURGH,12/30/2015 06:23:00,,2124.00,1395.00,413.00,228.00,141.00,160.00,112.00,54.00,APPROVED
PA: PITTSBURGH,12/30/2015 07:23:00,,2128.00,1382.00,416.00,228.00,142.00,160.00,117.00,53.00,APPROVED
PA: PITTSBURGH,12/30/2015 08:23:00,,2140.00,1385.00,412.00,230.00,143.00,161.00,116.00,53.00,APPROVED
PA: PITTSBURGH,12/30/2015 09:24:00,,2147.00,1394.00,408.00,229.00,141.00,166.00,116.00,55.00,APPROVED
PA: PITTSBURGH,12/30/2015 10:24:00,,2144.00,1393.00,411.00,232.00,142.00,164.00,112.00,54.00,APPROVED
PA: PITTSBURGH,12/30/2015 11:24:00,,2157.00,1406.00,413.00,232.00,143.00,163.00,116.00,53.00,APPROVED
PA: PITTSBURGH,12/30/2015 12:24:00,,2151.00,1405.00,417.00,231.00,142.00,164.00,116.00,54.00,APPROVED
PA: PITTSBURGH,12/30/2015 13:24:00,,2153.00,1400.00,419.00,230.00,142.00,167.00,116.00,55.00,APPROVED
PA: PITTSBURGH,12/30/2015 14:25:00,,2149.00,1410.00,422.00,234.00,143.00,165.00,116.00,55.00,APPROVED
PA: PITTSBURGH,12/30/2015 15:25:00,,2143.00,1398.00,422.00,231.00,140.00,166.00,114.00,53.00,APPROVED
PA: PITTSBURGH,12/30/2015 16:25:00,,2117.00,1395.00,415.00,233.00,144.00,168.00,116.00,57.00,APPROVED
PA: PITTSBURGH,12/30/2015 17:25:00,,2106.00,1384.00,415.00,232.00,145.00,164.00,117.00,55.00,APPROVED
PA: PITTSBURGH,12/30/2015 18:26:00,,2080.00,1366.00,418.00,229.00,141.00,164.00,114.00,55.00,APPROVED
PA: PITTSBURGH,12/30/2015 19:26:00,,2063.00,1365.00,411.00,230.00,144.00,167.00,117.00,54.00,APPROVED
PA: PITTSBURGH,12/30/2015 20:26:00,,2068.00,1366.00,415.00,228.00,140.00,164.00,116.00,57.00,APPROVED
PA: PITTSBURGH,12/30/2015 21:26:00,,2073.00,1369.00,410.00,232.00,144.00,163.00,115.00,55.00,APPROVED
PA: PITTSBURGH,12/30/2015 22:26:00,,2112.00,1396.00,417.00,230.00,144.00,170.00,118.00,56.00,APPROVED
PA: PITTSBURGH,12/30/2015 23:27:00,,2161.00,1431.00,430.00,240.00,145.00,168.00,117.00,55.00,APPROVED
PA: PITTSBURGH,12/31/2015 00:27:00,,2199.00,1450.00,433.00,242.00,148.00,170.00,121.00,55.00,APPROVED
PA: PITTSBURGH,12/31/2015 01:27:00,,2195.00,1451.00,434.00,245.00,150.00,175.00,120.00,56.00,APPROVED
PA: PITTSBURGH,12/31/2015 02:27:00,,2216.00,1465.00,430.00,249.00,150.00,173.00,121.00,55.00,APPROVED
PA: PITTSBURGH,12/31/2015 03:27:00,,2204.00,1461.00,432.00,248.00,149.00,178.00,120.00,55.00,APPROVED
PA: PITTSBURGH,12/31/2015 04:28:00,,2181.00,1458.00,430.00,244.00,145.00,170.00,119.00,55.00,APPROVED
PA: PITTSBURGH,12/31/2015 05:28:00,,2205.00,1458.00,429.00,240.00,144.00,173.00,119.00,57.00,APPROVED
PA: PITTSBURGH,12/31/2015 06:28:00,,2217.00,1470.00,432.00,249.00,148.00,174.00,119.00,55.00,APPROVED
PA: PITTSBURGH,12/31/2015 07:28:00,,2227.00,1492.00,447.00,249.00,149.00,177.00,124.00,56.00,APPROVED
PA: PITTSBURGH,12/31/2015 08:28:00,,2256.00,1492.00,444.00,254.00,151.00,177.00,120.00,55.00,APPROVED
PA: PITTSBURGH,12/31/2015 09:29:00,,2246.00,1478.00,439.00,250.00,148.00,176.00,121.00,55.00,APPROVED
PA: PITTSBURGH,12/31/2015 10:29:00,,2232.00,1480.00,437.00,244.00,147.00,172.00,120.00,56.00,APPROVED
PA: PITTSBURGH,12/31/2015 11:29:00,,2239.00,1475.00,436.00,239.00,148.00,174.00,119.00,55.00,APPROVED
PA: PITTSBURGH,12/31/2015 12:29:00,,2242.00,1477.00,433.00,242.00,148.00,170.00,119.00,55.00,APPROVED
PA: PITTSBURGH,12/31/2015 13:29:00,,2245.00,1483.00,433.00,246.00,144.00,169.00,120.00,56.00,APPROVED
PA: PITTSBURGH,12/31/2015 14:30:00,,2246.00,1474.00,433.00,240.00,146.00,167.00,115.00,56.00,APPROVED
PA: PITTSBURGH,12/31/2015 15:30:00,,2233.00,1471.00,435.00,239.00,142.00,166.00,116.00,55.00,APPROVED
PA: PITTSBURGH,12/31/2015 16:30:00,,2248.00,1451.00,435.00,237.00,146.00,165.00,117.00,53.00,APPROVED
PA: PITTSBURGH,12/31/2015 17:30:00,,2232.00,1458.00,428.00,233.00,143.00,165.00,115.00,53.00,APPROVED
PA: PITTSBURGH,12/31/2015 18:30:00,,2222.00,1453.00,425.00,229.00,143.00,165.00,116.00,54.00,APPROVED
PA: PITTSBURGH,12/31/2015 19:31:00,,2253.00,1451.00,429.00,232.00,144.00,167.00,116.00,53.00,APPROVED
PA: PITTSBURGH,12/31/2015 20:31:00,,2264.00,1469.00,427.00,233.00,146.00,168.00,115.00,53.00,APPROVED
PA: PITTSBURGH,12/31/2015 21:31:00,,2266.00,1469.00,433.00,236.00,146.00,168.00,119.00,55.00,APPROVED
PA: PITTSBURGH,12/31/2015 22:31:00,,2247.00,1458.00,428.00,233.00,144.00,164.00,116.00,54.00,APPROVED
PA: PITTSBURGH,12/31/2015 23:31:00,,2234.00,1461.00,430.00,232.00,145.00,164.00,115.00,54.00,APPROVED
